AttendanceID,EmployeeID,AttendanceDate,Status,HoursWorked,OvertimeHours
1,1,2025-08-29,Present,7.2,0.0
2,1,07-18-2025,Present,8.7,2.0
3,1,2025-04-09,Present,9.2,0.0
4,1,2025-01-08,Present,8.7,0.0
5,1,24/04/2025,Present,7.0,0.0
6,1,15-Apr-2025,Late,6.4,0.0
7,1,2025-08-13,Present,7.2,0.0
8,1,2025-06-16,Present,9.0,0.0
9,1,2025-08-07,Present,9.5,2.4
10,1,2025-07-14,Present,8.7,0.0
11,1,20-Oct-2025,Present,7.6,0.0
12,1,27-Dec-2025,Present,8.1,0.0
13,2,2025-08-20,Present,9.1,0.0
14,2,2025-05-06,Present,7.4,0.0
15,2,2025-01-21,Present,7.7,0.0
16,2,19/11/2025,Present,8.1,0.0
17,2,2025-08-14,Present,8.8,0.0
18,2,2025-05-27,Present,7.9,0.0
19,2,10/11/2025,Present,9.3,0.0
20,2,14-Mar-2025,Present,7.2,0.0
21,2,16/02/2025,Present,7.9,3.0
22,2,2025-10-27,Present,7.6,0.0
23,2,11-Mar-2025,Present,8.6,0.0
24,2,2025-01-13,Late,5.0,0.0
25,2,2025-12-31,Present,7.1,0.0
26,2,02-16-2025,Present,7.3,0.0
27,2,2025-12-31,Present,9.3,0.0
28,2,2025-03-05,Absent,0.0,0.0
29,3,2025-12-28,Present,8.4,0.0
30,3,2025-09-26,Present,9.0,0.0
31,3,2025-09-19,Present,7.8,0.0
32,3,2025-10-09,Present,8.5,0.0
33,3,2025-06-21,Present,8.2,0.0
34,3,2025-03-18,Present,9.4,3.1
35,3,2025-12-31,Absent,0.0,0.0
36,3,06-07-2025,Present,8.8,0.0
37,3,2025-08-17,Present,7.1,0.0
38,3,09-Mar-2025,Present,8.4,2.1
39,3,10/05/2025,Absent,0.0,0.0
40,3,2025-09-12,Present,9.3,0.0
41,3,2025-01-03,Present,7.6,0.0
42,3,2025-04-22,Present,7.7,0.0
43,3,2025-07-29,Present,8.0,0.0
44,3,2025-01-04,Present,7.6,0.0
45,3,11-14-2025,Present,7.3,0.0
46,3,2025-04-17,Absent,0.0,0.0
47,3,2025-03-17,Absent,0.0,0.0
48,3,2025-06-28,Absent,0.0,0.0
49,3,2025-01-17,Present,9.1,0.0
50,3,2025-06-02,Present,8.4,3.5
51,3,2025-02-25,Present,9.1,0.0
52,3,12-11-2025,Present,7.7,0.0
53,3,2025-12-25,Present,8.4,0.0
54,3,2025-04-01,Present,7.2,0.0
55,3,2025-07-04,Present,9.3,1.9
56,3,06-03-2025,Present,8.0,0.0
57,3,2025-02-04,Present,7.8,0.0
58,3,2025-02-03,Present,8.2,1.4
59,3,2025-12-22,Present,7.9,
60,3,2025-07-31,PRESENT,9.0,0.0
61,3,2025-11-10,Late,,0.0
62,3,19/11/2025,Present,7.8,2.1
63,4,2025-12-19,Present,9.2,0.0
64,4,2025-12-28,Late,4.7,0.0
65,4,2025-06-12,LATE,7.2,0.0
66,4,2025-11-16,present,7.5,
67,4,2025-10-16,Present,8.5,0.0
68,4,2025-09-12,Present,8.4,0.0
69,4,2025-11-09,Absent,0.0,0.0
70,4,2025-05-29,Present,9.1,0.9
71,4,2025-01-13,present,7.9,0.0
72,4,2025-04-17,Present,8.3,0.0
73,4,2025-07-31,Absent,0.0,0.0
74,4,2025-06-29,Present,9.0,0.0
75,4,2025-01-06,Present,7.5,0.0
76,4,2025-05-11,Present,9.0,0.0
77,4,17/09/2025,Present,8.0,0.0
78,4,2025-02-28,Present,7.5,0.0
79,4,2025-10-19,Present,8.9,
80,4,2025-03-31,Absent,0.0,0.0
81,4,23-Jun-2025,PRESENT,8.3,0.0
82,4,2025-08-31,Present,7.2,0.0
83,4,2025-09-04,Absent,0.0,0.0
84,4,2025-08-24,present,7.9,0.0
85,4,21-Jun-2025,Present,8.5,0.0
86,4,2025-01-29,Present,8.4,0.0
87,4,2025-12-14,Late,5.7,0.0
88,4,2025-04-17,Present,8.1,0.0
89,4,2025-07-01,Absent,0.0,0.0
90,4,2025-03-18,Late,5.2,2.1
91,4,2025-07-12,Present,9.4,0.0
92,4,2025-10-20,Present,9.1,0.0
93,4,2025-03-01,Present,7.4,0.0
94,4,2025-12-28,Present,7.1,0.0
95,5,20/05/2025,Present,9.3,0.0
96,5,2025-05-02,Present,8.3,0.0
97,5,2025-06-04,Present,8.3,0.0
98,5,27/02/2025,Present,9.0,1.6
99,5,2025-04-14,Present,8.2,0.0
100,5,2025-01-13,Present,9.4,0.0
101,5,2025-03-20,Present,8.7,0.0
102,5,2025-09-26,Present,7.4,0.0
103,5,2025-02-20,Present,7.3,0.0
104,5,2025-12-13,Present,7.5,
105,5,01-19-2025,Present,8.9,0.0
106,5,2025-09-25,Late,5.4,0.0
107,5,01-23-2025,Present,7.1,0.0
108,5,2025-02-14,Present,9.4,0.0
109,5,2025-02-22,Present,7.4,0.0
110,5,2025-06-09,Absent,0.0,0.0
111,6,2025-06-09,Present,7.0,0.0
112,6,2025-04-13,Late,5.2,0.0
113,6,2025-06-13,Present,7.6,0.0
114,6,2025-05-20,Absent,0.0,0.0
115,6,2025-05-21,Absent,0.0,0.0
116,6,2025-11-15,Present,8.1,3.7
117,6,2025-10-05,Present,9.2,
118,6,2025-03-14,Present,8.1,0.0
119,6,2025-10-21,Late,5.7,
120,6,2025-11-10,Present,7.6,0.0
121,6,2025-01-26,Absent,0.0,0.0
122,6,2025-08-30,Present,7.1,3.8
123,6,16-Jul-2025,Absent,0.0,0.0
124,6,2025-08-07,Present,7.5,0.0
125,6,10-31-2025,Present,7.5,0.0
126,6,17-Aug-2025,Present,8.2,0.0
127,6,12/04/2025,Present,8.2,
128,6,2025-10-01,ABSENT,0.0,0.0
129,6,2025-08-27,Present,7.0,1.0
130,6,24/12/2025,Present,7.9,0.0
131,6,2025-12-17,Present,8.7,0.0
132,6,2025-08-29,Late,5.2,0.0
133,7,2025-11-12,Present,8.1,0.0
134,7,2025-04-04,Present,8.4,
135,7,2025-06-16,Present,9.2,1.6
136,7,01-Sep-2025,Late,4.9,0.0
137,7,2025-03-29,Present,8.2,0.0
138,7,22-Oct-2025,Late,6.7,0.9
139,7,2025-02-24,PRESENT,8.1,0.0
140,7,2025-06-04,Present,7.0,0.0
141,7,31/07/2025,Present,7.1,0.0
142,7,2025-03-23,Present,8.2,0.0
143,7,2025-06-24,Present,7.7,0.0
144,7,2025-08-09,Present,9.1,0.0
145,7,2025-06-25,Present,8.5,0.0
146,7,06/12/2025,Present,,0.0
147,7,2025-12-31,Present,8.0,0.0
148,7,2025-10-31,Present,8.2,0.0
149,7,2025-02-19,Present,7.1,0.0
150,8,27/07/2025,Absent,0.0,0.0
151,8,25-Feb-2025,Present,9.2,0.0
152,8,2025-07-14,Late,7.5,0.0
153,8,2025-02-01,Absent,0.0,0.0
154,8,2025-03-13,Present,7.5,0.0
155,8,2025-11-22,Present,7.3,0.0
156,8,2025-12-05,Absent,0.0,0.0
157,8,2025-09-30,Late,4.9,0.0
158,8,2025-08-17,Absent,0.0,0.0
159,8,2025-12-15,Present,8.7,0.0
160,8,2025-12-14,Late,6.5,0.0
161,8,2025-08-11,Present,9.1,0.0
162,8,2025-02-15,Present,8.9,0.0
163,8,09-19-2025,Present,8.1,2.6
164,8,2025-05-31,Absent,0.0,0.0
165,8,2025-10-09,Present,8.7,
166,8,2025-10-14,Present,8.2,0.0
167,8,2025-05-25,Present,8.6,0.0
168,8,2025-12-26,Present,8.4,0.0
169,8,2025-12-31,present,8.6,0.0
170,8,2025-10-07,Absent,0.0,0.0
171,8,2025-03-30,Present,8.5,0.0
172,8,2025-07-16,Present,8.8,0.0
173,8,2025-08-02,Absent,0.0,0.0
174,8,10-Dec-2025,Absent,0.0,0.0
175,8,2025-01-06,ABSENT,0.0,0.0
176,9,2025-01-09,Present,8.6,0.0
177,9,2025-12-03,Present,8.3,0.0
178,9,13-Feb-2025,Leave,0.0,0.0
179,9,01/08/2025,Present,8.7,0.0
180,9,2025-12-23,Present,8.1,0.0
181,9,04-03-2025,Present,7.6,0.0
182,9,2025-08-19,PRESENT,7.0,0.0
183,9,2025-08-06,Present,8.4,0.0
184,9,2025-05-02,Present,8.5,0.0
185,9,2025-10-07,Present,9.4,1.8
186,9,20-Jan-2025,Present,8.0,0.0
187,10,2025-02-27,Present,7.5,0.0
188,10,10/02/2025,Present,7.2,0.0
189,10,2025-05-24,Present,8.9,1.4
190,10,2025-11-09,Late,6.3,0.0
191,10,06/12/2025,Present,8.7,2.1
192,10,2025-11-21,Present,9.2,0.0
193,10,2025-11-10,Late,5.8,0.0
194,10,01-06-2025, Present,7.7,0.0
195,10,2025-08-29,Present,9.2,0.0
196,10,2025-06-30,Present,9.2,0.0
197,10,2025-05-29,Present,7.4,0.0
198,10,2025-11-02,Present,7.1,0.0
199,10,2025-10-16,Present,7.2,0.0
200,10,2025-10-24,Present,7.7,3.9
201,10,2025-05-30,Present,8.4,0.0
202,10,27-May-2025,Present,7.9,3.6
203,10,2025-02-09,Present,8.1,0.0
204,10,2025-03-09,Present,7.8,0.0
205,10,12/05/2025,Absent,0.0,0.0
206,10,2025-02-27,Present,9.4,0.0
207,10,19/03/2025,Present,9.1,0.0
208,11,2025-03-31,Present,9.1,0.0
209,11,2025-09-06,Late,6.0,
210,11,2025-01-17,Present,9.0,1.1
211,11,2025-03-16,present,8.4,0.0
212,11,09-11-2025,Present,9.5,0.0
213,11,2025-07-16,Present,7.7,0.0
214,12,2025-11-23,Leave,0.0,0.0
215,12,2025-10-23,Present,9.0,0.0
216,12,2025-11-25,Present,8.2,
217,12,2025-01-27,Leave,0.0,0.0
218,12,24/07/2025,Present,,0.0
219,12,30/09/2025,PRESENT,8.9,0.0
220,12,2025-07-19,Present,7.4,2.7
221,12,2025-08-11,Absent,0.0,0.0
222,12,2025-08-18,Present,7.2,0.0
223,12,2025-09-29,Present,,1.5
224,12,2025-09-30,Present,7.6,0.0
225,12,2025-08-10,Present,7.3,0.0
226,12,2025-05-20,PRESENT,9.4,0.0
227,12,2025-02-20,PRESENT,8.8,0.0
228,12,2025-08-25,Present,8.9,0.0
229,12,2025-12-11,Present,8.2,0.0
230,12,2025-06-22,Present,8.2,0.0
231,12,2025-06-10,Present,7.3,0.0
232,12,2025-02-04,Absent,0.0,0.0
233,12,2025-02-20,Present,8.4,0.0
234,12,2025-06-29,Present,7.6,0.0
235,12,2025-04-09,Absent,0.0,
236,12,2025-11-14,Late,7.4,0.0
237,12,03-Dec-2025,Present,9.0,0.0
238,12,2025-11-03,Present,8.0,0.0
239,12,03/03/2025,Late,5.0,0.0
240,12,07-12-2025,present,9.0,0.0
241,12,2025-10-17,Present,7.3,0.0
242,12,2025-02-26,Present,7.5,
243,12,2025-08-28,Present,,2.4
244,13,2025-08-21,Present,9.0,0.0
245,13,2025-08-07,Present,7.8,0.0
246,13,2025-06-15,Absent,0.0,0.0
247,13,2025-02-07,Late,4.8,2.1
248,13,2025-07-18,Late,6.7,1.3
249,13,2025-05-16,Absent,0.0,0.0
250,13,2025-02-05,Present,7.5,0.0
251,13,09-Nov-2025,Present,9.4,0.0
252,13,2025-02-25,Absent,0.0,0.0
253,13,2025-08-09,Absent,,0.0
254,13,2025-11-26,Absent,0.0,0.0
255,13,15-Aug-2025,Present,9.4,4.0
256,13,2025-02-07,Absent,0.0,0.0
257,13,2025-05-09,Present,9.0,1.2
258,13,2025-09-12, Absent,0.0,0.0
259,13,2025-11-24,Absent,0.0,0.0
260,14,2025-01-20,Present,7.5,0.0
261,14,2025-12-25,Present,7.9,0.0
262,14,2025-01-02,Present,7.8,0.0
263,14,2025-09-09,Present,9.4,
264,14,2025-02-05,Present,9.0,3.0
265,14,2025-12-19,Present,7.5,0.0
266,14,2025-10-18,Present,9.3,0.0
267,14,2025-06-20,Present,9.1,0.0
268,14,11-20-2025,present,7.4,0.0
269,14,2025-07-07,Present,9.2,0.0
270,14,2025-02-11,Present,7.7,0.0
271,14,2025-05-29,Present,7.2,0.0
272,14,2025-01-21,present,8.6,0.0
273,14,2025-06-03,Present,8.6,0.0
274,14,2025-11-19,Present,7.2,0.0
275,14,2025-11-20,Present,7.8,0.0
276,14,2025-01-19,Absent,0.0,0.0
277,14,31-Oct-2025,Late,,0.0
278,14,2025-10-04,Present,8.7,0.0
279,15,2025-08-19,Present,8.8,1.2
280,15,2025-06-23,Absent,0.0,0.0
281,15,2025-01-22,Present,7.2,0.0
282,15,01-Dec-2025,Present,7.7,0.0
283,15,2025-12-14,Present,7.6,0.0
284,15,10-24-2025,Late,5.2,1.2
285,15,2025-03-14,Present,8.4,1.6
286,15,2025-11-13,Absent,0.0,0.0
287,15,2025-12-26,Present,9.1,1.1
288,15,2025-11-20,Absent,0.0,0.0
289,15,2025-06-07,Present,8.2,0.5
290,15,2025-11-09,Late,5.9,0.0
291,15,2025-02-24,Absent,0.0,0.0
292,15,01-Nov-2025,Present,7.1,0.0
293,15,14-Apr-2025,Present,9.4,0.0
294,15,2025-12-14,Present,9.0,2.2
295,15,2025-12-17,Present,7.2,2.6
296,15,2025-04-20,PRESENT,8.9,0.0
297,15,2025-06-21,Absent,0.0,0.0
298,15,2025-05-21,Absent,0.0,0.0
299,15,08-01-2025,ABSENT,0.0,0.0
300,15,2025-07-09,Present,7.5,0.0
301,15,2025-10-25,Absent,0.0,0.0
302,15,21-Feb-2025,Present,8.4,0.0
303,15,2025-07-12,Present,9.0,3.2
304,15,2025-09-07,Absent,0.0,0.0
305,15,2025-01-04,Late,6.9,3.6
306,15,2025-11-30,Present,9.3,0.0
307,15,12-22-2025,Present,8.0,0.0
308,15,2025-12-21,Absent,0.0,0.0
309,15,2025-03-15,PRESENT,8.4,0.0
310,15,2025-07-30,Late,6.9,0.0
311,16,2025-12-21,Absent,0.0,0.0
312,16,2025-04-03,Present,8.7,0.0
313,16,02-15-2025,present,9.5,0.0
314,16,2025-06-28,Present,7.0,
315,16,2025-04-09,Absent,0.0,0.0
316,16,2025-09-29,Present,7.9,0.0
317,16,2025-10-04,Present,7.7,
318,16,2025-11-17,Present,7.7,0.0
319,16,2025-04-10,ABSENT,0.0,0.0
320,16,18-Mar-2025,Present,7.6,0.0
321,16,2025-08-31,Present,8.8,0.0
322,16,01-23-2025,Absent,0.0,0.0
323,16,2025-07-06,present,7.2,0.0
324,16,2025-06-21,PRESENT,8.9,0.0
325,17,21-Aug-2025,Late,6.6,0.0
326,17,2025-10-03,Present,7.6,0.0
327,17,2025-09-06,Present,7.6,2.7
328,17,2025-05-01,Present,8.9,0.0
329,17,2025-06-16,Present,9.2,0.0
330,17,16/06/2025,Present,9.1,3.9
331,17,2025-04-27,Late,6.2,0.0
332,17,2025-04-13,Present,9.3,
333,17,2025-08-30,Present,9.0,3.6
334,17,2025-08-12,Present,7.0,0.0
335,17,2025-08-21,Present,9.4,0.0
336,17,2025-08-23,Present,8.2,0.0
337,17,2025-05-19,Present,9.0,0.9
338,18,2025-12-21,Late,5.7,0.0
339,18,26/02/2025,Present,7.7,0.0
340,18,2025-03-29,Present,7.7,0.0
341,18,2025-06-01,Present,7.3,0.0
342,18,2025-11-23,Present,9.0,0.0
343,18,2025-10-23,Present,7.0,0.0
344,18,2025-02-14,Absent,0.0,0.0
345,18,2025-09-25,Absent,0.0,0.0
346,18,2025-04-21,Present,7.8,0.0
347,18,05-23-2025,Absent,0.0,0.0
348,18,2025-08-08,Present,7.4,0.0
349,18,2025-06-17,Absent,0.0,0.0
350,18,2025-04-24,Present,8.5,0.0
351,18,18/03/2025,Present,7.6,0.0
352,18,2025-08-02,Present,7.6,2.2
353,18,2025-08-29,Present,8.6,0.0
354,18,2025-08-06,Late,4.9,0.0
355,18,2025-12-23,Present,7.4,0.0
356,18,2025-05-04,ABSENT,0.0,0.0
357,18,2025-01-07,Present,7.6,0.0
358,18,2025-04-22,Absent,0.0,0.0
359,18,2025-06-01,Absent,0.0,
360,18,2025-02-16,Absent,0.0,0.0
361,18,2025-12-09,Absent,0.0,0.0
362,19,2025-12-27,Present,9.4,0.0
363,19,2025-10-26,Absent,0.0,0.0
364,19,2025-08-21,Present,8.0,2.6
365,19,2025-12-27,Present,7.6,0.0
366,19,2025-07-09,Present,8.2,0.0
367,19,2025-01-01,Present,7.2,0.6
368,19,2025-12-20,Present,8.2,
369,19,2025-08-07,Present,7.3,0.0
370,19,2025-11-10,Present,8.7,0.0
371,19,2025-12-17,Absent,0.0,
372,19,21/06/2025,Present,9.5,1.9
373,19,2025-12-12,Present,8.6,3.9
374,19,2025-07-16,Present,9.1,0.0
375,19,2025-07-07,Present,8.2,0.0
376,19,2025-12-27,ABSENT,0.0,0.0
377,19,2025-12-30,Present,8.8,0.9
378,19,06-21-2025,Present,8.3,1.5
379,19,2025-09-02,Present,7.4,0.0
380,19,2025-12-26,Late,5.8,0.0
381,19,2025-04-26,Present,7.3,0.0
382,19,15/09/2025,Present,8.7,0.0
383,20,2025-02-02,Present,8.1,0.0
384,20,2025-09-14,Present,8.3,1.0
385,20,30-Dec-2025,PRESENT,7.3,0.0
386,20,2025-05-30,Present,8.5,0.0
387,20,2025-12-11,Present,9.5,0.0
388,20,2025-02-03,Absent,0.0,0.0
389,20,2025-08-23,Absent,0.0,0.0
390,20,2025-07-20,present,7.2,0.0
391,20,2025-02-09,Absent,0.0,0.0
392,20,22-May-2025,Absent,0.0,0.0
393,20,2025-03-17,Present,7.7,
394,20,24/09/2025,Present,9.2,0.8
395,20,2025-08-02,PRESENT,9.2,0.0
396,20,2025-03-09,Present,,0.0
397,20,2025-11-27,Absent,0.0,0.0
398,20,2025-04-07,Absent,0.0,0.0
399,20,2025-04-29,Present,8.0,0.0
400,20,21/06/2025,Present,7.8,0.0
401,20,27/11/2025,Present,7.7,0.0
402,20,12-07-2025,Present,7.8,0.0
403,20,16/08/2025,Present,9.2,0.0
404,20,2025-06-06,Absent,0.0,0.0
405,20,2025-05-14,Late,6.7,
406,20,2025-05-28,Present,8.7,
407,20,30-Jun-2025,Late,5.3,0.0
408,21,11-13-2025,Present,8.5,0.0
409,21,2025-05-27,Present,8.2,
410,21,2025-12-29,Present,9.0,0.0
411,21,2025-03-20,Present,7.8,2.8
412,21,2025-06-12,Present,9.2,0.0
413,21,2025-07-09,Present,8.0,0.0
414,21,2025-01-18,Present,7.2,0.0
415,21,2025-03-17,Present,8.3,0.0
416,21,2025-03-25,Present,7.9,2.9
417,21,2025-01-13,Present,9.4,0.0
418,21,2025-03-16,Present,8.2,0.0
419,21,03-21-2025,Absent,0.0,0.0
420,21,2025-10-07,Present,8.2,0.0
421,21,2025-12-28,Present,8.6,0.0
422,21,2025-10-21,Present,7.3,
423,22,08-15-2025,Present,7.6,3.7
424,22,2025-09-03,Present,8.7,0.5
425,22,2025-10-10,Leave,,0.0
426,22,2025-01-13,Present,7.5,0.0
427,22,2025-08-17,Present,8.7,0.0
428,22,2025-11-08,Present,8.9,0.0
429,22,2025-04-24,Present,9.1,0.0
430,22,2025-04-11,Absent,0.0,0.0
431,22,2025-10-03,Present,7.7,0.0
432,22,2025-02-14,Present,9.3,0.0
433,22,2025-09-09,Present,8.4,0.0
434,22,2025-01-29,Present,8.7,0.0
435,23,2025-03-17,Present,8.5,0.0
436,23,2025-07-17,Present,7.3,0.0
437,23,29-Jun-2025,Present,9.4,0.0
438,23,2025-10-15,Absent,0.0,0.0
439,23,2025-08-16, Present,7.3,0.0
440,23,2025-08-15,Present,7.6,0.0
441,23,2025-08-06,Present,9.0,0.0
442,23,28-Oct-2025,Present,8.5,3.4
443,23,05-Jun-2025,Present,8.3,0.0
444,23,2025-06-21,Absent,0.0,0.0
445,23,2025-10-30,Present,7.9,3.7
446,23,07-29-2025,Present,7.1,0.0
447,23,31/03/2025,Present,9.1,0.0
448,23,03-12-2025,Late,5.2,0.0
449,23,2025-05-29,Present,9.1,1.0
450,23,2025-06-04,present,8.5,
451,23,2025-10-14,Present,9.2,0.0
452,23,2025-01-02,Late,5.9,0.0
453,23,2025-11-24,Present,8.9,0.0
454,23,2025-12-01,Present,9.0,0.0
455,23,04-02-2025,Present,8.8,0.0
456,24,2025-05-06,Absent,0.0,0.0
457,24,2025-05-22,Present,9.3,
458,24,2025-11-03,Present,8.1,0.0
459,24,2025-10-17,Present,7.4,0.0
460,24,2025-12-18,Present,7.1,0.0
461,24,2025-03-03,Present,7.6,0.0
462,24,2025-01-09,PRESENT,7.4,0.0
463,24,01-30-2025,Late,6.2,0.0
464,24,21/12/2025,Late,5.1,0.0
465,24,2025-05-20,Present,7.1,0.0
466,24,2025-07-02,Absent,0.0,0.0
467,24,2025-05-30,present,7.1,0.0
468,24,2025-09-21,Leave,0.0,0.0
469,24,2025-11-18,Leave,0.0,0.0
470,24,18/02/2025,Present,9.1,0.0
471,24,2025-06-15,Present,8.5,0.0
472,25,2025-12-17,Present,7.9,0.0
473,25,2025-12-24,Present,9.2,0.7
474,25,2025-10-24,Present,9.5,2.7
475,25,2025-03-12,Present,7.5,0.0
476,25,2025-09-06,Present,8.7,0.0
477,25,2025-03-25,Late,6.8,0.0
478,25,2025-04-24,Present,8.1,
479,25,2025-10-14,Present,9.2,0.0
480,25,2025-09-27,Present,7.4,0.0
481,25,2025-12-26,Present,7.7,0.8
482,25,24/08/2025,Present,7.5,1.3
483,25,03-09-2025,Present,9.3,0.0
484,25,2025-06-09,Present,7.2,2.0
485,25,2025-08-15,Present,8.3,0.0
486,25,2025-06-25,Leave,0.0,0.0
487,25,2025-06-05,Absent,0.0,0.0
488,25,2025-03-02,Present,9.2,0.0
489,25,2025-03-14,Present,9.5,0.0
490,26,2025-04-18,Absent,0.0,0.0
491,26,2025-02-10,Present,8.9,0.0
492,26,27/02/2025,Absent,0.0,0.0
493,26,2025-09-05,Present,9.4,3.3
494,26,2025-02-25,Absent,0.0,
495,26,2025-12-04,Present,9.4,
496,26,2025-03-02,Present,7.2,1.9
497,26,2025-06-04,Present,8.6,0.0
498,26,03-05-2025,Present,7.9,0.0
499,26,2025-04-13,LATE,5.3,0.0
500,26,2025-02-16,Late,6.2,0.0
501,26,2025-05-23,Present,9.3,0.0
502,26,2025-03-24,Present,7.1,0.0
503,26,2025-11-10,Present,8.9,0.0
504,26,2025-02-20,Present,8.8,
505,26,2025-09-28,Leave,0.0,0.0
506,26,2025-04-09,Present,9.4,0.0
507,26,2025-10-03, Absent,0.0,0.0
508,26,2025-02-20,Present,9.3,0.0
509,26,2025-12-29,Present,8.9,0.0
510,26,2025-04-05,Present,8.3,0.0
511,26,2025-04-03,Present,7.5,0.0
512,26,2025-08-06,Late,6.1,
513,26,2025-02-27,Present,8.9,0.0
514,26,2025-08-27,Absent,0.0,0.0
515,26,2025-03-11,Present,9.2,0.0
516,26,2025-05-28,Present,9.0,1.2
517,26,17-Jun-2025,Present,8.5,0.0
518,26,2025-08-22,Present,7.8,0.0
519,26,16-Aug-2025,Leave,0.0,0.0
520,26,2025-07-28,Present,7.0,0.0
521,26,07/04/2025,Present,7.5,0.0
522,26,2025-09-01,Present,7.3,0.0
523,27,2025-01-07,Present,9.1,0.0
524,27,2025-02-23,Late,5.3,0.0
525,27,2025-12-13,Absent,0.0,0.0
526,27,2025-03-15,Late,5.4,0.0
527,27,2025-02-22,Present,9.4,0.0
528,27,28-Mar-2025,Absent,0.0,0.0
529,27,2025-04-12,ABSENT,0.0,0.0
530,27,2025-11-01,Present,7.9,0.0
531,27,2025-04-30,Present,7.0,0.0
532,27,2025-05-23,Present,7.7,0.0
533,27,2025-10-31,Absent,0.0,0.0
534,27,2025-11-26,Present,7.3,0.0
535,27,2025-12-08,Present,7.3,
536,27,2025-09-06,Present,7.2,2.6
537,27,2025-08-21,Absent,0.0,0.0
538,27,2025-05-09,Present,7.5,0.0
539,27,2025-03-10,Absent,0.0,0.0
540,27,2025-01-28,Present,7.9,0.0
541,27,2025-01-14,Present,9.2,0.0
542,27,2025-12-14,Absent,0.0,0.0
543,28,2025-06-05,Present,8.1,
544,28,2025-02-09,PRESENT,8.2,0.0
545,28,2025-09-10,Present,8.0,0.0
546,28,2025-12-05,Present,8.9,0.0
547,28,2025-10-05,Present,7.2,0.0
548,28,2025-10-07,Absent,0.0,0.0
549,28,17-Jan-2025,Present,7.2,0.0
550,28,2025-03-02,Present,8.6,0.0
551,28,2025-07-12,Present,8.2,3.3
552,28,2025-04-01,present,9.3,0.0
553,29,05/06/2025,Present,8.0,0.0
554,29,08-09-2025,Absent,0.0,0.0
555,29,2025-07-19,Present,8.5,2.3
556,29,12-12-2025,Present,9.5,0.0
557,29,2025-10-04,Present,9.1,0.0
558,29,22-Mar-2025,Present,9.3,0.0
559,29,2025-09-11,Present,7.6,0.0
560,29,2025-12-13, Absent,0.0,0.0
561,29,2025-05-26,Absent,0.0,0.0
562,29,2025-01-15,Present,8.9,1.4
563,29,2025-07-07,Absent,0.0,0.0
564,29,2025-10-26,ABSENT,0.0,0.0
565,29,2025-11-17,Absent,0.0,0.0
566,29,2025-02-19,Late,5.1,0.0
567,29,2025-07-30,Absent,0.0,0.0
568,29,2025-12-05,Absent,0.0,0.0
569,29,01-May-2025,Present,9.4,0.0
570,29,12-19-2025,Absent,0.0,0.0
571,29,2025-06-06,Absent,0.0,
572,29,2025-03-28,Absent,0.0,0.0
573,29,2025-06-16,Absent,0.0,0.0
574,29,2025-12-03,Present,7.0,0.0
575,29,2025-08-04,Absent,0.0,0.0
576,29,23-Dec-2025,Present,9.4,1.0
577,30,2025-06-12,Absent,0.0,0.0
578,30,2025-07-19,Absent,0.0,0.0
579,30,2025-02-20,Present,9.0,1.5
580,30,2025-12-12,ABSENT,0.0,0.0
581,30,2025-09-12,Leave,0.0,0.0
582,30,12-08-2025,Absent,0.0,0.0
583,30,2025-11-11,Absent,0.0,0.0
584,30,2025-08-12,Absent,0.0,0.0
585,30,2025-11-22,Present,7.9,0.0
586,30,2025-10-02,Absent,0.0,0.0
587,30,2025-05-16,Absent,0.0,0.0
588,30,2025-10-21,Absent,0.0,0.0
589,30,2025-04-26,Present,7.5,0.0
590,30,2025-10-24,Absent,0.0,0.0
591,30,06-22-2025,Absent,0.0,0.0
592,30,2025-10-18,Present,8.5,0.0
593,31,2025-04-18, Present,7.9,2.8
594,31,2025-06-04,Present,7.0,
595,31,2025-12-06,Present,7.2,0.0
596,31,2025-07-25,Leave,0.0,0.0
597,31,2025-09-21,Present,7.2,0.0
598,31,2025-04-03,Present,8.0,0.0
599,31,09-22-2025,Present,9.0,0.0
600,31,2025-04-20,present,9.2,0.0
601,31,2025-08-28,Present,7.6,0.0
602,31,11/11/2025,Present,8.4,0.0
603,31,2025-10-17,Present,8.9,1.5
604,31,13/04/2025,Present,8.0,2.3
605,31,2025-03-19,Present,7.3,
606,31,2025-08-11,Present,7.1,0.0
607,31,2025-02-02,Present,7.4,0.0
608,31,2025-05-17,Present,8.6,0.0
609,31,2025-05-12,Present,7.2,0.0
610,31,2025-05-03,ABSENT,0.0,0.0
611,31,2025-04-09,Absent,0.0,0.0
612,31,08-Jun-2025,Present,7.5,0.0
613,31,2025-08-12,Present,7.8,0.0
614,31,2025-04-14,Late,4.7,1.2
615,32,2025-05-13,Present,9.3,0.0
616,32,2025-10-09,Late,4.6,0.0
617,32,06-Sep-2025,Present,8.6,1.8
618,32,02-12-2025,Present,8.7,0.0
619,32,2025-02-02,Present,8.5,0.0
620,32,2025-07-06,Present,7.6,0.0
621,32,2025-07-23,Present,9.1,0.0
622,32,2025-03-13,Leave,0.0,0.0
623,32,2025-10-20,Present,8.2,0.0
624,32,2025-09-25,Present,9.1,
625,33,2025-09-26,Present,8.0,0.0
626,33,2025-05-02,Present,9.5,0.0
627,33,10/06/2025,Present,8.9,0.0
628,33,2025-07-19,Present,9.4,0.0
629,33,2025-08-05,Present,8.3,2.2
630,33,20/04/2025,PRESENT,8.9,0.0
631,33,2025-05-11,Present,9.2,3.9
632,33,2025-10-01,Present,7.8,0.0
633,33,2025-06-12,Present,9.0,0.0
634,33,2025-05-07,Present,7.5,0.0
635,33,2025-03-16,Present,8.4,0.0
636,33,2025-06-07,Absent,0.0,0.0
637,33,2025-11-07,Absent,0.0,0.0
638,33,2025-12-06,Present,7.4,1.7
639,33,2025-12-10,Present,9.3,0.0
640,33,2025-06-08,Present,7.4,0.0
641,34,2025-12-17,Absent,0.0,0.0
642,34,2025-05-02,Present,8.6,0.0
643,34,21-Jul-2025,Present,8.5,0.0
644,34,06-04-2025,Absent,0.0,0.0
645,34,2025-05-01,Present,7.3,0.0
646,34,2025-03-24,Present,7.8,0.0
647,34,2025-11-26,Present,8.4,1.2
648,34,2025-02-11,Present,9.0,0.0
649,34,2025-08-30,Present,9.4,0.0
650,34,2025-06-20,Present,7.5,0.0
651,34,2025-02-21,Present,7.5,0.0
652,34,2025-09-17,Absent,0.0,0.0
653,34,2025-08-04,Present,8.1,0.0
654,34,2025-06-17,Present,8.9,1.5
655,34,27/01/2025,present,7.0,0.0
656,34,2025-08-16,present,8.4,3.8
657,34,2025-07-25,Late,5.7,0.0
658,34,22/10/2025,Absent,0.0,0.0
659,34,2025-03-22,Present,8.1,0.0
660,34,29/11/2025,PRESENT,9.4,0.0
661,34,18/12/2025,Present,8.7,0.0
662,34,2025-08-20,Present,8.8,0.0
663,34,2025-05-14,Late,6.2,0.0
664,34,2025-06-17,Present,9.4,0.0
665,34,08-01-2025,Present,8.7,0.0
666,34,2025-07-13,PRESENT,9.2,0.0
667,34,25-Apr-2025,Absent,0.0,0.0
668,34,12/01/2025,Present,8.7,0.0
669,35,2025-11-17,Absent,0.0,0.0
670,35,2025-02-15,Present,8.8,0.0
671,35,2025-12-26,Present,7.7,1.6
672,35,2025-11-13,Present,9.0,0.0
673,35,15/02/2025,Present,7.7,0.0
674,35,2025-10-18,ABSENT,0.0,0.0
675,35,27/09/2025,present,8.4,0.0
676,35,21/08/2025,Present,7.6,0.0
677,35,2025-04-25,Present,9.0,0.0
678,35,2025-05-17,Late,4.8,0.0
679,35,2025-03-08,Present,9.1,0.0
680,35,2025-04-21,PRESENT,8.5,0.0
681,35,13/12/2025,Absent,0.0,0.0
682,35,2025-04-03,PRESENT,7.5,2.4
683,35,2025-05-29,present,7.7,0.0
684,35,2025-08-19,Present,7.8,0.0
685,35,2025-12-17,Present,7.9,0.7
686,35,2025-08-29,Absent,0.0,0.0
687,35,2025-06-15,Present,9.5,0.0
688,35,04-19-2025,Present,7.1,0.0
689,35,2025-11-02,Absent,0.0,0.0
690,35,2025-02-18,Present,8.7,1.8
691,35,2025-05-01,Present,8.6,0.0
692,35,2025-11-07,Present,7.9,0.0
693,35,2025-11-03,Present,8.7,0.0
694,36,2025-01-03,Present,8.8,0.0
695,36,2025-06-04,Present,8.7,
696,36,2025-03-09,Present,7.3,0.0
697,36,10-25-2025,Late,6.5,0.0
698,36,09-10-2025,Present,7.7,0.0
699,36,2025-03-09,absent,0.0,0.0
700,36,2025-12-30,Present,7.1,2.0
701,36,2025-03-01,Present,8.1,0.0
702,36,2025-09-13,Present,8.2,0.0
703,36,04/07/2025,Present,8.8,0.0
704,36,2025-05-15,Present,7.8,0.0
705,36,2025-05-16,Present,7.8,0.0
706,36,2025-03-26,Present,7.2,0.0
707,36,2025-03-19,Present,8.7,0.0
708,36,2025-11-22,Present,8.4,1.7
709,36,2025-03-18,Absent,0.0,0.0
710,36,2025-04-04,Absent,0.0,0.0
711,37,2025-05-14,Absent,0.0,0.0
712,37,2025-08-28,Present,8.8,0.0
713,37,11/09/2025,Absent,0.0,0.0
714,37,2025-07-02,Present,8.3,0.0
715,37,2025-08-23,Present,8.2,0.0
716,37,2025-03-17,Absent,-0.0,0.0
717,37,2025-02-17,Absent,0.0,0.0
718,37,05-26-2025,ABSENT,0.0,0.0
719,37,2025-03-28,Present,8.3,0.0
720,37,2025-10-16,Present,8.6,0.0
721,37,26/10/2025,Present,8.7,1.5
722,37,2025-10-20,Absent,0.0,0.0
723,37,2025-02-09,Absent,0.0,0.0
724,37,2025-09-13,Present,7.4,0.0
725,37,2025-01-14,Late,5.0,0.0
726,37,2025-03-04,Present,8.6,0.0
727,37,2025-02-24,Present,9.2,0.0
728,37,2025-02-11, Present,8.0,
729,37,2025-09-03,Present,7.4,0.0
730,37,2025-11-01,Present,8.9,0.0
731,37,2025-01-23,Present,9.1,0.0
732,37,2025-06-16,Present,9.2,0.0
733,37,19-Oct-2025,Absent,0.0,0.0
734,37,2025-01-25,Present,8.5,0.0
735,37,2025-01-29,Present,9.2,0.0
736,37,2025-11-05,Present,7.0,0.0
737,37,02/04/2025,Absent,0.0,0.0
738,37,2025-07-24,Absent,0.0,0.0
739,38,2025-04-17,Absent,0.0,0.0
740,38,26-Jul-2025,Absent,0.0,0.0
741,38,2025-12-01,Absent,0.0,0.0
742,38,2025-06-02,Present,7.3,
743,38,2025-06-08,Present,7.2,0.0
744,38,2025-07-03,Present,8.8,0.0
745,38,2025-09-20,Absent,0.0,0.0
746,38,17-Aug-2025,Present,7.2,0.0
747,38,2025-10-16,Present,8.2,2.2
748,38,2025-08-05,Present,7.8,0.0
749,38,2025-08-11,Present,9.2,1.1
750,38,2025-09-20,Late,5.6,0.0
751,38,2025-04-25,Present,8.9,0.0
752,38,2025-09-11,Present,7.1,0.0
753,38,2025-02-12,Absent,0.0,0.0
754,38,2025-08-12,Absent,0.0,0.0
755,39,02-Sep-2025,Present,8.7,0.0
756,39,2025-12-17,Present,9.0,0.0
757,39,2025-09-25,Present,9.3,0.0
758,39,10-10-2025,Absent,0.0,0.0
759,39,2025-01-24,Present,9.2,0.0
760,39,2025-07-31, Absent,0.0,0.0
761,39,2025-12-05,Present,7.8,0.0
762,39,01-Jul-2025,Present,8.5,0.8
763,39,2025-09-15,Absent,0.0,0.0
764,39,2025-12-05,Present,7.6,0.0
765,40,2025-07-21,Absent,0.0,0.0
766,40,2025-08-02,Present,7.2,0.0
767,40,2025-10-28,Present,7.8,0.0
768,40,2025-08-19,Present,9.2,0.0
769,40,2025-04-06,Absent,0.0,0.0
770,40,10/02/2025, Present,7.9,0.0
771,40,12-11-2025,Absent,0.0,0.0
772,40,2025-10-01,Absent,0.0,0.0
773,40,22/07/2025,Absent,0.0,0.0
774,40,2025-03-29,Present,8.4,0.0
775,40,2025-07-27,Present,8.1,0.0
776,40,2025-11-05,Present,8.1,0.0
777,40,2025-11-12,Present,9.4,0.0
778,40,20/12/2025,Present,7.7,0.0
779,40,2025-02-14,Absent,0.0,0.0
780,40,2025-01-08,Absent,0.0,0.0
781,40,2025-01-09,Present,8.6,0.0
782,40,14/01/2025,Absent,0.0,0.0
783,40,2025-11-29,Absent,0.0,0.0
784,40,2025-05-04,present,8.1,0.0
785,40,2025-10-03,Absent,0.0,0.0
786,40,2025-06-04,Present,7.2,2.2
787,40,2025-08-05,Absent,0.0,0.0
788,40,2025-03-27,Present,9.0,0.0
789,40,08-16-2025,Present,7.2,0.0
790,40,2025-08-19,Present,7.2,0.0
791,40,19-Oct-2025,Present,7.4,0.0
792,40,2025-06-20,Absent,0.0,0.0
793,40,2025-11-19,Present,8.9,0.0
794,40,01/08/2025,Present,8.8,0.0
795,40,2025-11-02,Present,8.4,0.0
796,41,2025-01-19,Present,8.2,0.0
797,41,2025-10-30,Present,9.2,
798,41,2025-09-07,Present,8.9,3.3
799,41,2025-01-10,Present,9.0,0.0
800,41,2025-02-02,Present,8.6,0.0
801,41,2025-08-31,Absent,0.0,0.0
802,41,2025-11-15,Present,8.1,0.0
803,41,2025-12-24,Present,9.2,0.0
804,41,09-Apr-2025,PRESENT,9.3,0.0
805,42,2025-09-17,Absent,0.0,0.0
806,42,2025-12-17,Absent,0.0,0.0
807,42,2025-11-05,Present,7.1,0.0
808,42,28-Aug-2025,Absent,0.0,0.0
809,42,2025-05-31,Present,7.1,0.0
810,42,2025-08-02,Present,9.4,0.0
811,42,2025-07-04,Present,7.7,0.0
812,42,2025-03-24,Present,9.2,0.0
813,42,2025-02-14,Present,8.0,0.9
814,42,2025-04-13,Absent,0.0,0.0
815,43,2025-09-09,Absent,0.0,0.0
816,43,01-Aug-2025,PRESENT,7.2,0.0
817,43,2025-05-01,Absent,0.0,0.0
818,43,25/01/2025,Present,7.4,0.0
819,43,2025-05-14,Late,5.2,0.0
820,43,2025-09-15,Absent,0.0,0.0
821,43,2025-02-02,Late,6.0,3.0
822,43,27/04/2025,Absent,0.0,0.0
823,43,2025-04-25,Present,9.5,0.0
824,43,2025-07-01,Present,8.1,0.0
825,43,2025-10-13,Absent,,0.0
826,43,2025-03-19,Present,8.3,0.0
827,43,2025-11-06,Present,8.3,0.0
828,43,2025-08-13,Present,8.3,0.0
829,43,2025-02-26,present,8.3,0.0
830,44,11-09-2025,Present,7.0,0.0
831,44,2025-10-15,Absent,0.0,0.0
832,44,23-Feb-2025,Absent,0.0,0.0
833,44,2025-03-02,Present,7.0,0.0
834,44,2025-03-22,Present,7.2,0.0
835,44,17/09/2025,Absent,0.0,0.0
836,44,2025-02-20,Absent,0.0,0.0
837,44,2025-07-06,Absent,0.0,0.0
838,44,03-12-2025, Absent,0.0,0.0
839,44,2025-04-14,Absent,0.0,0.0
840,44,01/08/2025,Present,7.3,3.0
841,44,2025-08-31,Absent,0.0,0.0
842,44,2025-09-16,absent,0.0,0.0
843,44,05-17-2025,Absent,0.0,0.0
844,44,2025-08-01,Absent,0.0,0.0
845,44,2025-12-07,Absent,0.0,0.0
846,44,2025-09-29,Absent,0.0,0.0
847,44,2025-04-27,Absent,0.0,0.0
848,44,2025-08-08,Absent,0.0,0.0
849,44,2025-07-29,Present,7.5,0.0
850,44,2025-09-22,Present,9.2,0.0
851,44,2025-01-16,Absent,0.0,
852,44,2025-01-06,Present,9.3,0.0
853,44,05/02/2025,Absent,0.0,0.0
854,44,2025-06-11, Absent,0.0,0.0
855,44,2025-03-26,ABSENT,0.0,0.0
856,44,07-21-2025,Present,9.4,0.0
857,45,2025-11-25, Absent,0.0,0.0
858,45,2025-10-22,Absent,0.0,0.0
859,45,2025-11-20,Present,9.3,0.0
860,45,2025-09-24,Present,7.7,0.0
861,45,2025-12-15,Present,8.3,0.0
862,45,2025-06-10,Present,7.4,3.3
863,45,2025-05-24,Present,9.2,0.0
864,45,03-17-2025,Present,9.1,0.0
865,45,04-16-2025,Present,8.1,0.0
866,45,13/11/2025,Present,8.9,0.0
867,45,2025-11-29,Present,7.2,0.0
868,45,2025-06-04,Absent,0.0,0.0
869,45,2025-10-03,Late,4.6,0.0
870,45,2025-03-06,Present,8.9,0.0
871,45,2025-04-20,Absent,0.0,0.0
872,45,2025-10-10,Late,5.8,0.0
873,45,2025-11-22,Absent,0.0,0.0
874,45,2025-01-15,Present,9.5,0.0
875,45,2025-05-13,Absent,0.0,0.0
876,45,05/06/2025,Present,7.2,0.0
877,45,2025-02-26,Present,9.1,0.0
878,45,2025-05-13,Present,8.2,0.0
879,45,2025-01-25,Present,,0.0
880,45,2025-08-18,Late,7.0,0.0
881,45,2025-08-21,Late,7.2,0.0
882,45,2025-10-25,Present,7.7,0.0
883,45,2025-11-18,PRESENT,9.4,0.0
884,45,04-30-2025,Late,5.0,0.0
885,46,2025-10-21,Present,7.2,0.0
886,46,24-Sep-2025,Present,8.1,3.4
887,46,2025-09-22,Present,8.2,0.0
888,46,04-Jul-2025,Present,9.1,3.1
889,46,2025-08-06,Present,7.5,3.8
890,46,2025-02-01,Present,7.2,3.6
891,46,2025-04-20,Present,7.8,0.0
892,46,2025-09-27,Present,8.3,0.0
893,46,2025-07-22,Present,8.1,0.0
894,46,2025-11-22,Present,7.4,0.0
895,46,2025-09-08,Present,7.9,0.0
896,46,2025-03-25,LATE,5.1,1.2
897,47,31-Dec-2025,Absent,0.0,0.0
898,47,2025-12-27,Absent,0.0,0.0
899,47,2025-09-28,Absent,0.0,0.0
900,47,19/04/2025,Absent,0.0,0.0
901,47,2025-01-17,PRESENT,7.5,0.0
902,47,2025-07-09,Present,8.2,3.3
903,47,2025-07-29,Absent,0.0,0.0
904,47,2025-07-09,Late,6.2,3.6
905,47,2025-03-20,Absent,0.0,0.0
906,47,2025-06-06,Present,,0.0
907,47,2025-09-06,Absent,0.0,0.0
908,47,2025-03-15,Absent,0.0,0.0
909,47,29/10/2025,Absent,0.0,0.0
910,47,2025-06-06,Present,8.7,0.0
911,47,2025-09-08,Absent,0.0,0.0
912,47,2025-10-08,Absent,0.0,0.0
913,47,2025-01-23,Absent,0.0,0.0
914,47,10-21-2025,Absent,0.0,0.0
915,47,2025-08-20,Present,8.7,0.0
916,47,2025-09-01,Present,8.1,
917,47,2025-03-09,Present,8.7,0.0
918,47,2025-08-24,Present,,0.0
919,48,2025-03-18,Present,9.1,0.0
920,48,2025-11-16,Present,8.9,0.0
921,48,2025-04-30,Present,7.6,0.0
922,48,2025-01-24,Present,8.9,0.0
923,48,2025-05-23,Present,7.0,0.0
924,48,2025-12-29,Absent,0.0,0.0
925,48,2025-11-19,Present,7.5,0.0
926,48,2025-10-15,Present,7.2,0.0
927,48,02-13-2025,Absent,0.0,0.0
928,48,2025-11-13,Present,9.0,0.0
929,48,2025-10-19,Present,8.9,0.0
930,48,2025-09-15,Present,9.0,0.5
931,48,2025-09-30,Absent,0.0,0.0
932,48,2025-01-10,Absent,0.0,0.0
933,48,2025-04-16,Absent,0.0,0.0
934,48,2025-12-28,Present,8.3,0.0
935,48,2025-02-13,Present,8.8,0.0
936,48,2025-07-25,Present,7.4,0.0
937,48,2025-01-12,Late,6.4,0.0
938,48,2025-01-13,Present,7.2,0.0
939,48,2025-05-12,Absent,0.0,0.0
940,48,2025-02-20,present,7.5,0.0
941,48,2025-04-04,Absent,0.0,0.0
942,48,15/02/2025,Absent,0.0,0.0
943,48,2025-07-28,Present,8.2,2.8
944,48,2025-06-16, Absent,0.0,0.0
945,48,2025-01-30,Absent,0.0,0.0
946,48,2025-02-20,Late,4.9,0.0
947,48,15/06/2025,Absent,0.0,0.0
948,48,2025-03-03,Absent,0.0,0.0
949,48,05-03-2025,Present,7.5,0.0
950,48,2025-09-10,Present,7.5,0.0
951,48,2025-02-28,Absent,0.0,0.0
952,49,2025-06-12,Present,7.6,0.0
953,49,2025-09-05,Absent,0.0,0.0
954,49,2025-11-21,Absent,,0.0
955,49,01-10-2025,Absent,0.0,0.0
956,49,2025-10-28,Present,7.6,0.0
957,49,12-Oct-2025,Present,8.0,2.8
958,49,2025-10-18,Present,8.1,3.2
959,49,11-22-2025,Present,8.8,0.0
960,49,14-Mar-2025,PRESENT,7.3,
961,49,2025-05-06,Present,7.1,0.0
962,49,2025-10-12,Present,9.2,0.8
963,49,2025-08-26,PRESENT,7.4,0.0
964,49,01-Dec-2025,Present,7.1,2.7
965,49,2025-09-04,Late,6.2,0.0
966,49,2025-12-15,Present,9.5,0.0
967,49,11-20-2025,Absent,0.0,0.0
968,49,09-19-2025, Late,7.2,0.0
969,49,2025-10-01,Present,8.0,0.0
970,49,2025-07-22,Present,7.9,0.0
971,49,2025-10-12,Present,7.7,0.0
972,49,2025-04-18,Present,7.4,0.0
973,49,2025-06-12,Present,7.3,0.0
974,49,2025-11-22,Absent,0.0,0.0
975,49,2025-12-29,Present,7.3,0.0
976,49,2025-06-14,Late,4.8,0.0
977,49,03-Nov-2025,Late,5.2,0.0
978,49,2025-03-10,Present,7.8,3.9
979,49,2025-09-01,Absent,0.0,0.0
980,49,2025-01-05,Present,8.4,0.0
981,49,2025-12-23,Present,9.5,0.0
982,49,03-Oct-2025,Absent,0.0,0.0
983,49,2025-11-29,Present,7.9,
984,49,2025-12-10,Present,8.1,1.6
985,49,2025-07-12,Present,7.5,0.0
986,49,01/04/2025,Present,7.4,0.0
987,49,2025-01-05,Absent,0.0,0.0
988,49,2025-07-09,Present,9.4,0.0
989,50,2025-04-24,present,9.5,0.0
990,50,2025-12-15,Present,7.1,0.0
991,50,2025-02-16,Present,7.4,0.0
992,50,2025-04-24,Present,8.1,0.0
993,50,2025-07-05,Absent,0.0,0.0
994,50,2025-09-10,Present,7.5,0.0
995,50,2025-04-18,Absent,0.0,0.0
996,50,23/11/2025,Present,7.9,0.0
997,50,2025-10-19,Present,7.3,0.0
998,50,2025-04-10,Present,8.1,0.0
999,50,2025-12-16,Present,7.7,0.0
1000,50,2025-10-29,Absent,,0.0
1001,50,2025-02-03,Absent,0.0,0.0
1002,50,2025-10-19,Present,7.9,0.0
1003,50,2025-05-21,Late,4.8,0.0
1004,50,2025-12-21,Present,8.1,0.0
1005,50,2025-12-15,Present,9.5,0.0
1006,50,2025-08-07,Present,7.8,0.0
1007,50,2025-01-27,Present,9.2,0.0
1008,50,2025-07-28,present,9.1,0.0
1009,50,2025-08-27,Present,9.4,0.0
1010,50,2025-01-23,Present,9.0,0.0
1011,50,05-23-2025,Present,8.6,0.0
1012,50,2025-06-11,Absent,0.0,0.0
1013,51,2025-04-10,Present,9.1,0.0
1014,51,2025-01-13,Present,7.2,0.0
1015,51,2025-12-20,Present,8.2,4.0
1016,51,2025-05-08,Present,8.9,0.0
1017,51,2025-02-02,Present,9.4,3.2
1018,51,2025-09-03,Present,9.2,3.0
1019,51,2025-11-17,Present,8.9,0.0
1020,51,2025-05-07,Late,6.1,0.0
1021,51,2025-06-24,Present,9.3,0.0
1022,51,2025-09-24,Present,9.1,0.0
1023,51,2025-11-04,Present,9.1,0.0
1024,51,2025-11-17,PRESENT,8.7,
1025,51,2025-02-01,Present,7.1,0.0
1026,51,2025-12-22,Absent,0.0,0.0
1027,51,2025-03-07,Absent,0.0,0.0
1028,51,2025-08-15,Absent,0.0,0.0
1029,51,2025-11-09,present,9.3,2.6
1030,51,2025-12-13,Absent,0.0,0.0
1031,52,2025-01-27,Leave,0.0,0.0
1032,52,15-Jul-2025,Present,7.7,0.0
1033,52,2025-07-30,Late,4.9,0.0
1034,52,2025-12-04,Present,9.1,0.0
1035,52,2025-08-26,Present,9.1,0.0
1036,52,2025-11-14, Absent,0.0,0.0
1037,52,2025-11-30,Present,9.0,0.0
1038,52,2025-08-21,Present,8.6,0.0
1039,52,2025-02-25,Absent,0.0,0.0
1040,52,2025-11-01,Present,7.9,0.0
1041,52,2025-04-10,present,7.8,0.5
1042,52,2025-09-18,Late,7.0,0.0
1043,52,14/11/2025,Present,7.2,0.0
1044,53,2025-01-23,Late,6.4,0.0
1045,53,2025-08-12,Present,8.3,0.0
1046,53,2025-07-03,Present,8.3,0.0
1047,53,16-Mar-2025,Present,9.3,0.0
1048,53,2025-06-25,Present,7.1,0.0
1049,53,2025-09-23,Present,8.9,0.0
1050,53,2025-01-30,Present,7.1,0.0
1051,53,2025-10-14,Present,7.1,0.0
1052,53,2025-04-11,Present,8.1,0.0
1053,53,2025-04-14,Present,7.2,0.0
1054,53,2025-12-08,Present,9.0,0.0
1055,53,2025-08-28,Present,8.3,0.0
1056,53,2025-10-24,Present,7.1,0.0
1057,54,2025-06-03,Present,7.1,0.0
1058,54,2025-08-21,Present,8.5,0.0
1059,54,2025-09-11,late,6.9,2.0
1060,54,2025-04-25,Present,8.4,0.0
1061,54,2025-04-20,Late,6.9,0.0
1062,54,2025-06-19,Present,8.5,0.0
1063,54,2025-07-24,Absent,0.0,0.0
1064,54,2025-01-04,Present,7.6,2.6
1065,54,2025-01-16,Present,8.6,3.1
1066,54,2025-08-14,Absent,0.0,0.0
1067,54,2025-10-27,Present,8.6,0.0
1068,54,2025-01-16,Absent,0.0,0.0
1069,54,2025-05-26,Absent,0.0,0.0
1070,55,2025-05-15,Present,9.4,0.0
1071,55,2025-10-11,Present,7.5,0.0
1072,55,2025-04-01,Present,9.4,0.0
1073,55,2025-01-11,Present,8.3,2.9
1074,55,2025-12-02,Present,7.2,1.8
1075,55,2025-04-18,Present,8.9,0.0
1076,55,2025-07-10,Present,8.8,0.0
1077,55,16-Nov-2025,Present,7.1,0.0
1078,55,2025-02-03,Late,6.1,0.0
1079,55,2025-03-08,Present,7.2,0.0
1080,55,2025-07-13,Present,9.5,0.0
1081,55,2025-08-08,Present,9.2,0.0
1082,55,2025-01-24,Present,7.1,0.0
1083,55,10-02-2025,Present,9.1,3.7
1084,55,2025-05-07,Absent,0.0,0.0
1085,55,2025-05-24,Present,7.9,0.0
1086,55,2025-10-27,Present,8.8,0.0
1087,55,2025-02-11,Present,,0.0
1088,56,2025-11-11,Absent,0.0,0.0
1089,56,18/09/2025,Present,8.6,0.0
1090,56,2025-09-18,Present,7.9,0.0
1091,56,2025-04-02,Present,7.8,0.0
1092,56,2025-12-22,Present,8.1,0.0
1093,56,2025-08-31,Present,7.4,0.0
1094,56,2025-10-26,Present,9.1,0.0
1095,56,2025-04-14,Present,7.9,0.0
1096,56,2025-04-22,Present,8.0,0.0
1097,56,2025-10-20,Absent,0.0,0.0
1098,56,2025-07-11,Leave,0.0,0.0
1099,56,2025-02-13,Absent,0.0,0.0
1100,56,2025-02-13,Present,9.2,0.0
1101,56,2025-04-28,Present,8.2,0.0
1102,56,2025-11-15,Present,8.4,0.0
1103,56,2025-08-10,Present,9.4,0.0
1104,56,12-Jun-2025,PRESENT,,1.1
1105,56,2025-08-15,Late,5.9,0.0
1106,57,2025-07-03,Present,9.4,
1107,57,2025-09-14,Present,7.9,0.0
1108,57,2025-05-22,Present,7.9,1.2
1109,57,06/02/2025,PRESENT,7.3,0.0
1110,57,2025-06-20,Late,6.7,0.0
1111,57,2025-06-04,Present,8.9,0.0
1112,57,2025-05-21,Late,7.4,0.0
1113,57,2025-03-12,Present,8.9,0.0
1114,57,06/10/2025,Present,7.6,0.6
1115,57,2025-06-03,Present,9.5,0.0
1116,57,07-26-2025,Present,7.9,0.0
1117,57,2025-12-02,Absent,0.0,0.0
1118,57,2025-12-01,Present,7.8,0.0
1119,57,2025-03-18,Present,9.3,0.0
1120,57,2025-04-18,Present,8.5,0.0
1121,58,2025-10-10,Present,7.5,0.0
1122,58,2025-08-25,Present,9.2,4.0
1123,58,2025-04-07,Present,7.2,0.0
1124,58,02-Aug-2025,Late,7.1,0.0
1125,58,2025-10-13,Absent,0.0,0.0
1126,58,2025-03-13,Present,8.0,2.3
1127,58,2025-01-05,Present,9.3,0.0
1128,58,2025-07-01,Present,9.4,0.0
1129,58,12-18-2025,Present,7.7,0.0
1130,58,2025-12-20,present,7.5,0.0
1131,58,2025-01-12,Present,7.2,2.5
1132,58,2025-03-13,Absent,0.0,0.0
1133,58,2025-06-19,Present,7.0,0.0
1134,58,08/11/2025,Present,8.0,0.0
1135,58,2025-07-15,Late,4.7,0.0
1136,58,2025-10-01,Present,8.0,0.0
1137,58,2025-06-18,Present,7.1,0.0
1138,58,2025-06-05,Absent,0.0,0.0
1139,58,2025-02-23, Present,9.1,0.0
1140,58,2025-12-19,Present,7.5,1.6
1141,58,2025-04-12,Absent,0.0,0.0
1142,58,2025-07-17,Present,9.2,0.0
1143,58,2025-12-04,Present,8.9,
1144,58,2025-07-08,Present,7.5,0.0
1145,58,2025-07-30,Present,7.2,0.0
1146,58,08-Mar-2025,Present,8.8,0.0
1147,58,2025-02-05,Present,8.0,0.0
1148,58,2025-04-16,Absent,0.0,0.0
1149,58,2025-04-16, Present,8.9,0.0
1150,58,2025-12-07,Present,8.1,0.0
1151,58,06-08-2025,Present,7.9,0.0
1152,59,12-17-2025,Present,8.1,0.0
1153,59,2025-03-15,Present,8.9,0.0
1154,59,2025-11-06,Present,9.3,0.0
1155,59,2025-10-19,Present,7.1,0.0
1156,59,2025-10-22,Absent,0.0,0.0
1157,59,2025-02-16,Present,8.3,
1158,59,2025-08-22,Present,7.1,0.0
1159,59,2025-06-02,Present,8.2,0.0
1160,59,2025-03-31,Present,9.2,
1161,59,2025-11-13,Present,7.9,0.0
1162,59,2025-12-04,Late,7.3,
1163,59,21-Jul-2025,Present,8.6,3.8
1164,59,2025-03-22,Present,8.9,0.0
1165,59,2025-05-30,Present,7.3,1.3
1166,59,2025-04-22,Present,8.0,0.0
1167,59,2025-10-11,Absent,0.0,0.0
1168,59,2025-07-08,absent,0.0,0.0
1169,60,23/02/2025,Present,7.4,0.0
1170,60,2025-07-29,Present,,0.0
1171,60,2025-09-17,Absent,0.0,0.0
1172,60,2025-01-14,Absent,0.0,0.0
1173,60,22/12/2025,Present,8.2,0.0
1174,60,25-Jun-2025,Present,9.4,0.0
1175,60,2025-07-23,Absent,0.0,0.0
1176,60,2025-05-09,absent,0.0,0.0
1177,60,2025-03-11,Present,8.1,0.0
1178,60,2025-09-06,Present,9.0,3.8
1179,60,2025-12-03,Leave,0.0,0.0
1180,60,2025-08-13,Absent,0.0,0.0
1181,60,2025-05-23,Present,9.2,0.0
1182,60,2025-01-10,Present,7.5,0.0
1183,60,2025-03-05,Present,8.2,0.0
1184,61,2025-02-09,Present,7.9,1.9
1185,61,2025-05-20,Absent,0.0,0.0
1186,61,2025-07-03,Absent,0.0,0.0
1187,61,2025-01-18,Present,7.9,0.0
1188,61,2025-08-15,Present,9.1,0.0
1189,61,25/09/2025,Present,8.1,0.0
1190,61,2025-02-22,Leave,0.0,0.0
1191,61,2025-06-07,Present,8.3,0.0
1192,61,2025-01-25,Present,9.5,0.0
1193,61,2025-05-08,Late,4.7,0.0
1194,61,2025-02-16,Absent,0.0,0.0
1195,61,2025-01-15,Present,8.2,0.0
1196,61,2025-04-09,Present,8.9,1.0
1197,62,2025-02-19,Present,8.5,0.0
1198,62,2025-03-27,Present,7.6,3.5
1199,62,2025-09-20,Late,5.5,0.0
1200,62,2025-10-15,Present,7.8,0.0
1201,62,2025-10-05,Present,8.5,0.0
1202,62,2025-04-29,Present,7.5,0.0
1203,62,2025-03-30,Absent,0.0,0.0
1204,62,2025-12-01,Present,7.7,0.0
1205,62,23-Aug-2025,Present,8.0,
1206,62,2025-05-23,Present,7.9,0.0
1207,62,04-Feb-2025,Present,8.3,0.0
1208,62,2025-11-03,Present,8.5,0.0
1209,62,2025-12-31,Present,8.4,0.0
1210,62,2025-10-19,Present,8.6,0.0
1211,62,2025-11-04,Present,7.8,0.0
1212,62,2025-07-18,Present,7.3,0.0
1213,62,2025-12-22,Leave,0.0,0.0
1214,62,03-31-2025,Present,8.9,0.0
1215,62,06-12-2025,Present,9.1,0.0
1216,62,2025-02-04,Present,7.6,0.0
1217,62,2025-10-27,Present,8.0,0.0
1218,62,04-30-2025,Present,8.2,0.0
1219,63,2025-01-07,Absent,0.0,0.0
1220,63,2025-11-12,Present,8.3,2.8
1221,63,2025-05-02,Present,7.1,
1222,63,2025-11-14,Absent,0.0,0.0
1223,63,12-Mar-2025,LEAVE,0.0,
1224,63,06-01-2025,Absent,0.0,0.0
1225,63,2025-07-12,Absent,0.0,0.0
1226,63,2025-01-20,Absent,0.0,0.0
1227,63,03/11/2025,Present,8.8,0.0
1228,63,2025-06-18,Absent,0.0,0.0
1229,63,06-12-2025,Present,7.2,0.0
1230,63,2025-09-24,Present,8.2,0.0
1231,64,2025-05-28,Present,9.1,0.0
1232,64,2025-06-19,Present,8.1,0.0
1233,64,2025-01-28,Present,7.4,0.0
1234,64,2025-05-08,Present,9.5,0.0
1235,64,2025-04-24,Present,9.2,0.0
1236,64,2025-06-14,Present,8.9,0.0
1237,64,2025-02-03,Present,8.0,1.1
1238,64,09-Apr-2025,Late,7.3,0.0
1239,64,2025-04-15,Present,8.3,0.0
1240,64,2025-10-09,Present,9.1,0.0
1241,64,2025-05-01,Present,7.9,0.0
1242,64,28/08/2025,Present,7.8,0.0
1243,64,2025-05-06,Present,9.5,0.0
1244,64,2025-06-05,present,8.3,0.0
1245,64,2025-11-22,Present,7.4,0.0
1246,64,2025-09-04,Late,5.2,0.0
1247,65,2025-07-23,Present,8.2,0.0
1248,65,2025-08-05,Present,7.1,0.0
1249,65,03-21-2025,Present,8.2,0.0
1250,65,2025-01-11,Present,8.0,0.0
1251,65,2025-02-12,Present,8.9,0.0
1252,65,2025-11-01,Present,7.9,0.0
1253,65,2025-03-31,Present,9.5,0.0
1254,65,2025-08-21,Present,7.5,0.0
1255,65,04-Sep-2025,Absent,0.0,0.0
1256,65,2025-03-11,Present,8.5,0.0
1257,65,08/04/2025,Absent,0.0,0.0
1258,65,2025-09-14,present,7.2,0.0
1259,65,27/07/2025,Present,8.8,0.0
1260,66,2025-07-11,Present,9.5,0.0
1261,66,2025-10-29,Absent,0.0,0.0
1262,66,20/01/2025,Present,9.0,2.4
1263,66,2025-10-17,Absent,0.0,0.0
1264,66,2025-08-12,Present,8.2,0.0
1265,66,28/06/2025,Present,9.1,0.0
1266,66,2025-12-19,Present,9.3,4.0
1267,66,2025-07-17,Present,8.0,0.0
1268,66,2025-05-05,Present,9.5,0.0
1269,66,05-Jul-2025,Present,7.4,0.0
1270,66,2025-12-24,Present,7.6,0.8
1271,66,2025-11-06,Present,7.7,0.0
1272,66,2025-05-11,Absent,0.0,0.0
1273,66,2025-10-24,Present,8.9,0.0
1274,66,2025-01-07,Absent,0.0,0.0
1275,66,02-17-2025,present,9.1,0.0
1276,66,2025-07-23,Present,8.9,0.0
1277,67,11-Feb-2025,Present,8.6,0.0
1278,67,08-05-2025,Late,6.0,0.0
1279,67,21/12/2025,Present,8.8,0.0
1280,67,2025-12-04,Present,8.0,0.0
1281,67,30-Jul-2025,Present,9.1,0.0
1282,67,15/02/2025,Late,6.5,0.0
1283,67,2025-06-26,Present,8.7,0.0
1284,67,2025-04-18,Present,8.3,0.0
1285,67,2025-06-07,Absent,0.0,0.0
1286,67,2025-03-28,Present,9.2,1.4
1287,67,2025-02-05,PRESENT,8.0,0.0
1288,67,2025-08-02,Present,8.9,0.0
1289,67,2025-03-29,Leave,0.0,0.0
1290,67,2025-04-06,Present,8.2,0.0
1291,67,2025-04-04,Present,9.2,1.7
1292,67,2025-10-18,Present,7.9,0.0
1293,67,2025-01-31,Present,9.2,0.0
1294,67,2025-04-09,Present,8.2,0.0
1295,67,07-29-2025,Present,8.3,0.0
1296,67,2025-02-25,Present,7.8,0.0
1297,67,2025-05-31,Absent,0.0,0.0
1298,67,2025-03-05,Present,7.7,0.0
1299,67,2025-10-27,Present,8.6,0.0
1300,67,2025-02-21,Absent,,0.0
1301,67,2025-05-17,Present,7.3,3.6
1302,67,2025-10-26,Present,8.9,1.2
1303,68,2025-04-19,Present,8.7,2.6
1304,68,2025-11-05,Present,7.5,0.0
1305,68,2025-05-17,Present,7.7,0.0
1306,68,2025-06-22,Present,8.0,0.0
1307,68,2025-12-16,Present,8.7,0.0
1308,68,2025-05-03,Present,8.6,0.0
1309,68,2025-07-13,Present,8.3,0.0
1310,68,2025-06-19,Present,8.9,3.2
1311,68,2025-12-24,Present,8.5,0.0
1312,68,2025-03-13,Absent,0.0,0.0
1313,68,2025-03-04,present,9.0,0.0
1314,68,25-Dec-2025,Present,7.8,0.0
1315,68,2025-08-20,Present,9.2,0.0
1316,68,01/09/2025,Present,8.5,0.0
1317,69,2025-01-02,Present,,0.0
1318,69,2025-06-14,Absent,0.0,0.0
1319,69,2025-07-04,Present,8.4,0.0
1320,69,2025-06-16,Present,7.5,0.0
1321,69,2025-09-06,Present,8.4,0.0
1322,69,2025-02-11,Late,,0.0
1323,69,2025-09-01,Present,8.7,0.0
1324,69,2025-02-21,Present,,0.0
1325,69,04-10-2025,Present,9.1,0.0
1326,69,2025-10-20,Present,8.7,0.0
1327,69,2025-01-17,Absent,0.0,0.0
1328,69,2025-02-14, Late,6.6,0.0
1329,69,2025-10-08,Present,7.5,0.0
1330,69,2025-08-17,Present,9.5,0.0
1331,69,2025-10-04,Absent,0.0,0.0
1332,69,19/04/2025,Absent,,0.0
1333,69,2025-12-04,Present,9.1,3.3
1334,69,15/01/2025,Absent,0.0,0.0
1335,69,2025-06-17,Present,7.8,0.0
1336,69,2025-04-23,Present,8.3,0.0
1337,69,10-Dec-2025,ABSENT,0.0,0.0
1338,69,2025-03-11,Present,7.3,0.0
1339,70,2025-09-09,Absent,0.0,0.0
1340,70,2025-12-21,LATE,6.1,0.0
1341,70,2025-10-22,Present,7.4,0.0
1342,70,2025-11-26,Late,6.2,0.0
1343,70,2025-07-15,Present,8.6,0.0
1344,70,2025-08-12,Present,8.0,0.0
1345,70,01-Mar-2025,Absent,0.0,0.0
1346,70,2025-02-27,Absent,0.0,0.0
1347,70,2025-10-31,Present,8.2,0.0
1348,70,2025-03-01,Present,9.2,0.9
1349,70,2025-06-10,Present,9.0,0.0
1350,70,2025-01-01,Late,5.0,0.0
1351,70,2025-04-08,Present,7.1,0.0
1352,70,2025-06-13,Present,7.5,0.0
1353,70,2025-03-06,Present,8.9,0.0
1354,70,2025-04-24,Absent,0.0,0.0
1355,70,2025-01-05,Present,8.0,0.0
1356,71,2025-03-16,Present,9.2,0.0
1357,71,2025-04-23,Present,8.3,0.0
1358,71,2025-11-04,Present,7.1,
1359,71,2025-12-26,Absent,0.0,0.0
1360,71,13-Jun-2025,Present,8.8,0.0
1361,71,2025-03-05,Present,7.3,0.0
1362,71,2025-10-21,Present,9.0,0.0
1363,71,2025-09-11,Present,7.4,0.0
1364,71,2025-01-31,Present,7.9,0.0
1365,71,18-Apr-2025,Present,8.9,0.0
1366,71,2025-04-26,Present,9.4,1.8
1367,71,02/04/2025,Present,9.1,0.0
1368,71,2025-06-03,Present,7.5,0.0
1369,71,2025-03-23,Present,9.0,0.0
1370,71,22-Jun-2025,Present,8.6,0.0
1371,71,2025-06-28,Present,7.5,0.0
1372,71,2025-09-28,Present,7.8,0.0
1373,71,2025-04-10,Present,7.3,0.0
1374,71,2025-02-19,LATE,5.6,0.0
1375,71,2025-10-25,Present,7.5,2.8
1376,71,30-Dec-2025, Present,9.5,0.0
1377,71,2025-10-23,Late,4.5,0.0
1378,71,2025-05-30,Present,8.4,0.0
1379,72,2025-04-11,Present,8.4,3.7
1380,72,2025-10-22,Late,6.0,0.0
1381,72,2025-03-17,Present,8.4,0.0
1382,72,14-Dec-2025,Present,8.2,0.0
1383,72,2025-02-19,PRESENT,7.7,0.0
1384,72,2025-01-27,Late,4.7,0.0
1385,72,2025-06-23,Present,8.0,0.0
1386,72,2025-11-18,Present,7.1,0.0
1387,72,2025-03-02,Present,8.4,0.0
1388,72,2025-12-19,Present,7.8,0.0
1389,72,2025-07-12,Present,8.3,0.0
1390,72,2025-12-10,Present,7.3,0.0
1391,73,11-29-2025,Present,9.3,0.0
1392,73,08-16-2025,Present,9.2,1.2
1393,73,2025-02-12,Late,5.5,0.0
1394,73,2025-09-18,Present,8.5,0.0
1395,73,2025-10-21,Present,7.2,0.0
1396,73,2025-02-18,Present,7.9,0.0
1397,73,2025-09-05,Present,7.6,0.0
1398,73,2025-06-02,Present,9.3,3.5
1399,73,2025-02-02,Present,8.4,0.0
1400,73,2025-10-03,Leave,0.0,0.0
1401,73,25/12/2025,Absent,0.0,0.0
1402,73,2025-10-12,Present,8.3,0.0
1403,73,2025-09-29,Present,9.3,0.0
1404,73,2025-10-27,Present,9.3,0.0
1405,73,2025-11-30,Late,7.4,0.0
1406,73,04/12/2025,Present,7.3,0.0
1407,73,2025-11-03,Present,7.4,2.9
1408,73,2025-08-17,Present,8.4,0.6
1409,73,03-07-2025,Present,7.2,0.0
1410,73,2025-02-14,Present,9.2,0.0
1411,73,2025-01-18,Absent,0.0,0.0
1412,73,2025-03-05,Present,9.2,0.0
1413,73,2025-10-06,Late,5.6,0.0
1414,73,2025-12-03,Absent,0.0,0.0
1415,73,2025-06-03,Absent,0.0,0.0
1416,74,2025-09-23,Present,9.2,0.0
1417,74,2025-10-01,Present,8.5,
1418,74,2025-12-22,Late,6.9,0.0
1419,74,2025-06-30,Present,8.1,0.0
1420,74,2025-12-19,Absent,0.0,0.0
1421,74,2025-01-23,Absent,0.0,0.0
1422,74,2025-04-07,Absent,0.0,0.0
1423,74,2025-04-21,Present,7.3,0.0
1424,74,2025-04-21,Present,8.1,0.0
1425,74,2025-11-15,Present,8.1,0.0
1426,74,2025-05-14,PRESENT,8.4,0.0
1427,74,2025-07-24,Present,7.3,0.0
1428,74,2025-12-13,Present,9.5,0.0
1429,74,2025-10-02,Absent,0.0,0.0
1430,75,2025-11-19,Present,7.6,0.0
1431,75,2025-12-23,Present,7.5,0.0
1432,75,2025-10-16,Present,8.3,0.0
1433,75,2025-11-06,Absent,0.0,0.0
1434,75,2025-03-20,Present,8.3,0.0
1435,75,2025-07-14,Absent,0.0,0.0
1436,75,11-06-2025,Late,5.8,0.0
1437,75,2025-09-30,Absent,0.0,0.0
1438,75,2025-10-08,Present,8.9,0.0
1439,75,2025-02-15,present,8.3,0.0
1440,75,2025-05-20,Absent,,0.0
1441,75,2025-04-26,leave,0.0,0.0
1442,75,2025-02-20,Present,8.5,0.0
1443,75,2025-07-13,Present,8.8,0.0
1444,76,2025-03-05,Late,4.6,0.0
1445,76,2025-06-06,Present,8.4,0.0
1446,76,2025-02-18,Present,9.2,0.0
1447,76,2025-05-25,Present,7.0,0.0
1448,76,2025-01-25,Late,5.7,0.0
1449,76,2025-07-19,Late,7.3,0.0
1450,76,14/12/2025,PRESENT,7.9,0.0
1451,76,2025-11-01,Present,8.1,0.0
1452,76,2025-10-31,Absent,0.0,0.0
1453,76,05-Jan-2025,Present,9.5,0.0
1454,76,2025-12-03,Absent,0.0,0.0
1455,76,2025-07-13,Present,7.5,
1456,76,2025-11-24,Present,7.2,0.0
1457,76,08-May-2025,Present,9.1,0.0
1458,76,2025-08-23,Late,7.1,0.0
1459,76,08-28-2025,Present,8.2,0.0
1460,77,2025-08-08,Present,8.3,0.0
1461,77,2025-04-28,Present,9.1,0.0
1462,77,06/06/2025,Present,8.8,0.0
1463,77,16/02/2025,Present,7.7,0.6
1464,77,2025-05-03,Present,8.2,0.0
1465,77,2025-01-30,Late,7.1,0.0
1466,77,2025-09-10,Present,9.2,
1467,77,2025-08-06,Present,9.2,0.0
1468,77,2025-03-11, Present,8.5,0.0
1469,77,2025-12-13,Present,8.1,0.0
1470,77,27-Jul-2025,Absent,0.0,0.0
1471,77,2025-04-08,Present,8.9,0.0
1472,77,2025-08-06,Present,8.8,0.0
1473,77,2025-05-06,Present,8.3,0.0
1474,77,2025-09-28,Present,7.2,3.7
1475,77,18-Aug-2025,present,8.1,0.0
1476,77,2025-09-26,Present,7.9,0.0
1477,77,2025-07-07,Present,8.6,0.0
1478,77,2025-01-27,Present,8.7,0.0
1479,77,2025-07-11,Present,7.5,0.0
1480,77,14-Dec-2025,Present,9.1,0.0
1481,77,2025-03-02,Present,7.7,0.0
1482,77,2025-05-16,Present,7.5,0.0
1483,78,2025-10-19,Present,8.0,0.0
1484,78,2025-11-26,Present,8.8,0.0
1485,78,2025-08-26, Present,9.4,0.0
1486,78,2025-01-30,Present,9.0,
1487,78,2025-06-18,Present,9.4,1.0
1488,78,2025-06-29,Present,7.2,0.0
1489,78,07-01-2025,Absent,0.0,0.0
1490,78,2025-08-09,Present,8.4,1.5
1491,78,2025-09-21,Present,9.1,0.0
1492,78,2025-09-07,Absent,0.0,0.0
1493,78,2025-12-03,Present,8.7,0.0
1494,78,2025-07-11,Present,9.4,0.0
1495,78,2025-04-04,PRESENT,7.6,0.0
1496,78,13-Aug-2025,Present,8.2,0.0
1497,78,2025-03-13,Present,8.3,0.0
1498,78,2025-07-03,Present,7.6,0.0
1499,78,26/02/2025, Leave,0.0,0.0
1500,78,01-21-2025,Late,6.3,0.0
1501,78,2025-06-19,Present,8.1,0.0
1502,78,2025-04-12,Present,8.1,0.0
1503,78,2025-05-17,Late,5.6,0.0
1504,78,2025-09-11,Present,7.0,0.0
1505,78,2025-06-16,Present,8.3,0.0
1506,78,24/07/2025,Present,7.8,0.0
1507,79,2025-07-19,Absent,0.0,0.0
1508,79,2025-02-25,Present,7.0,1.6
1509,79,06-26-2025,Present,7.7,0.0
1510,79,2025-05-02,Absent,0.0,0.0
1511,79,2025-06-25,Present,8.0,0.0
1512,79,2025-01-05,Present,7.3,0.0
1513,79,2025-09-06,Absent,0.0,0.0
1514,79,2025-08-08,Late,6.0,0.0
1515,79,19/09/2025,ABSENT,0.0,0.0
1516,79,2025-05-24,Present,8.7,0.0
1517,79,2025-12-25,Late,6.4,0.0
1518,79,04-12-2025,Present,9.0,0.0
1519,79,2025-02-22,Present,8.1,0.0
1520,79,03/04/2025,Absent,0.0,0.0
1521,79,2025-10-30,Present,8.3,3.3
1522,79,2025-03-03,absent,0.0,0.0
1523,79,2025-01-20,Late,5.8,
1524,80,2025-03-16,Present,8.8,
1525,80,2025-02-16,Present,8.1,0.0
1526,80,2025-09-26,Present,8.0,0.0
1527,80,2025-04-29,Late,,0.0
1528,80,01-Feb-2025,Present,7.4,0.0
1529,80,05/06/2025,Absent,0.0,0.0
1530,80,2025-07-06,Present,7.8,0.0
1531,80,2025-08-03,Leave,0.0,0.0
1532,81,2025-01-25,Late,5.2,1.8
1533,81,2025-12-05,Present,7.6,0.0
1534,81,2025-08-30,present,8.4,0.0
1535,81,09/08/2025,Late,6.9,0.0
1536,81,2025-07-06,Present,9.0,1.8
1537,81,2025-12-09,Absent,0.0,0.0
1538,81,2025-10-10,Present,9.5,2.6
1539,81,2025-07-04,Present,,0.0
1540,81,2025-10-29,Present,9.1,0.0
1541,81,2025-11-29,Present,8.8,0.0
1542,81,14-Feb-2025,Present,8.9,1.2
1543,81,2025-11-05,Absent,0.0,0.0
1544,82,2025-10-28,Present,8.2,0.0
1545,82,2025-04-08,Absent,0.0,0.0
1546,82,2025-08-17,Present,9.2,2.3
1547,82,2025-10-07,Present,8.7,0.0
1548,82,2025-08-31,Present,8.5,
1549,82,20/03/2025,Absent,0.0,0.0
1550,82,2025-04-09,Present,9.1,0.0
1551,82,2025-10-14,Present,7.7,0.0
1552,82,2025-08-18,Present,8.4,0.9
1553,82,2025-08-12,Absent,0.0,0.0
1554,82,2025-08-03,Present,8.7,0.0
1555,82,2025-01-12,Absent,0.0,0.0
1556,82,2025-05-21,Present,8.8,0.6
1557,82,24-Jan-2025,Present,8.7,2.0
1558,82,2025-12-22,Absent,0.0,0.0
1559,82,2025-07-23,Present,7.3,0.0
1560,82,2025-09-20, Present,8.0,0.0
1561,82,2025-09-18,Present,7.5,0.0
1562,82,2025-07-25,Present,8.0,0.0
1563,82,2025-01-02,Absent,0.0,0.0
1564,82,22/04/2025,Present,8.0,3.1
1565,82,2025-09-20,Present,8.9,0.0
1566,82,2025-09-26,Late,6.3,0.0
1567,82,2025-06-01,Present,7.1,
1568,82,2025-03-29,Late,7.3,0.0
1569,82,2025-05-30,Absent,0.0,0.0
1570,82,2025-03-17,Present,8.7,0.0
1571,82,10/03/2025,Late,4.6,0.0
1572,83,2025-11-25,Present,9.0,0.0
1573,83,18-Apr-2025,Present,7.5,2.5
1574,83,2025-06-27,Present,8.2,0.0
1575,83,16-Jun-2025,Absent,0.0,0.0
1576,83,2025-12-28, Present,8.0,0.0
1577,83,2025-03-10,Present,9.2,0.0
1578,83,2025-06-16,Present,8.1,
1579,83,2025-01-06,Present,7.2,0.0
1580,83,2025-05-24,Absent,0.0,0.0
1581,83,2025-01-09,Present,9.4,0.0
1582,83,2025-10-26,Absent,0.0,0.0
1583,83,2025-12-19,Present,9.3,0.0
1584,83,2025-11-17,Present,8.7,0.0
1585,83,15/08/2025,Late,5.9,0.0
1586,83,2025-10-25,Present,7.2,0.0
1587,83,2025-07-22,Absent,0.0,0.0
1588,83,2025-04-29,Present,9.0,0.0
1589,83,2025-03-17,Present,7.2,0.7
1590,83,03/04/2025,Present,8.3,0.0
1591,83,2025-04-01,Absent,0.0,0.0
1592,83,2025-09-09,Present,7.4,0.0
1593,83,2025-05-25,Absent,0.0,0.0
1594,84,03-25-2025,Present,7.0,0.0
1595,84,2025-12-18,PRESENT,8.1,1.0
1596,84,2025-02-06,Present,7.4,0.0
1597,84,2025-11-27,Present,7.2,1.2
1598,84,2025-09-27,Present,8.8,0.0
1599,84,2025-01-07,Present,9.0,0.0
1600,84,2025-01-11,Leave,0.0,0.0
1601,84,2025-01-07,Present,8.1,0.0
1602,84,2025-01-23,Present,8.3,0.0
1603,84,2025-05-18,present,7.1,0.0
1604,84,2025-01-07,Present,7.2,1.4
1605,84,2025-02-24,Present,8.4,0.0
1606,84,2025-12-29,Late,6.7,2.6
1607,84,2025-10-16,Present,8.0,0.0
1608,84,2025-06-07,Present,7.3,0.0
1609,85,2025-01-29,Present,9.0,0.0
1610,85,2025-10-06,Late,5.6,0.0
1611,85,2025-02-22,Present,8.8,2.3
1612,85,2025-08-01,Late,6.7,0.0
1613,85,2025-01-13,Present,,0.0
1614,85,2025-06-30,Present,9.3,0.0
1615,85,2025-12-17,Present,8.3,0.0
1616,85,2025-02-27,Present,8.3,0.0
1617,85,2025-04-25,Late,5.3,0.0
1618,85,2025-07-02,Absent,0.0,0.0
1619,85,2025-06-20,Late,7.3,0.0
1620,85,2025-02-13,Present,8.1,0.0
1621,85,2025-04-02,Present,7.3,0.0
1622,85,2025-04-03,Present,8.1,0.0
1623,85,08/12/2025,Present,7.3,0.0
1624,85,2025-05-27,Present,8.3,2.5
1625,85,2025-09-13,Present,7.8,0.0
1626,85,2025-12-31,Present,7.2,0.0
1627,85,2025-03-18,Present,9.4,3.2
1628,86,2025-03-17,Late,7.0,0.0
1629,86,2025-09-02,Present,7.9,3.2
1630,86,2025-08-07,Present,8.2,0.0
1631,86,2025-02-16,Late,5.1,0.9
1632,86,17-Jul-2025,Late,5.5,0.0
1633,86,2025-09-04,Present,7.3,0.0
1634,86,2025-11-22,Late,7.5,0.0
1635,86,2025-12-01,Present,7.1,0.0
1636,86,10-09-2025,Present,8.1,0.0
1637,86,2025-09-30,Present,8.1,0.0
1638,86,2025-02-12,Present,7.8,0.0
1639,86,2025-10-23,Present,8.4,0.0
1640,86,2025-04-23,Present,7.4,0.0
1641,86,02/01/2025,Absent,0.0,0.0
1642,86,2025-01-09,Late,6.9,0.0
1643,87,2025-03-10,Present,7.8,2.6
1644,87,2025-06-28,Present,8.8,0.0
1645,87,2025-03-13,Present,9.2,3.4
1646,87,2025-10-10,Present,8.5,0.0
1647,87,2025-05-05,Late,,0.0
1648,87,2025-03-12,Absent,0.0,0.0
1649,87,2025-12-23,Present,8.3,0.0
1650,87,2025-01-14,Present,8.9,0.0
1651,87,2025-01-28,Present,9.2,0.0
1652,87,2025-02-07,present,7.3,0.0
1653,87,2025-03-22,Absent,0.0,0.0
1654,87,2025-07-07,Absent,0.0,0.0
1655,87,2025-05-06,Absent,0.0,0.0
1656,87,2025-10-19,Present,8.0,0.0
1657,87,2025-04-04,Present,8.9,2.0
1658,87,2025-09-28,Present,7.8,
1659,87,30-Jul-2025,Present,8.0,0.0
1660,87,2025-11-27,Present,8.5,0.0
1661,87,21/03/2025,Absent,0.0,0.0
1662,87,2025-11-25,ABSENT,0.0,0.0
1663,87,2025-03-30,Present,9.5,2.2
1664,87,2025-08-05,Present,7.5,0.0
1665,87,2025-10-11,Present,7.4,0.0
1666,87,2025-10-20,Present,7.1,0.0
1667,87,2025-08-05,Present,8.4,0.0
1668,87,2025-02-17,Present,8.4,0.0
1669,88,06/03/2025,Present,7.5,0.0
1670,88,2025-01-29,Absent,0.0,0.0
1671,88,2025-04-05,Present,8.7,0.0
1672,88,2025-11-06,Present,8.9,0.0
1673,88,2025-08-28,Present,7.6,0.0
1674,88,2025-07-27,Present,7.9,0.0
1675,88,07-10-2025,Present,9.5,0.0
1676,88,2025-02-25,ABSENT,0.0,0.0
1677,89,2025-07-05,Present,7.9,0.0
1678,89,2025-01-15,Present,8.9,0.0
1679,89,02-24-2025,Absent,0.0,0.0
1680,89,2025-11-02,Absent,0.0,0.0
1681,89,2025-06-08,Present,8.1,0.0
1682,89,2025-01-17,Present,9.0,3.2
1683,89,2025-10-19,Present,8.7,0.0
1684,89,2025-09-05,Absent,0.0,0.0
1685,89,2025-06-11,Late,7.1,
1686,89,2025-07-02,Present,9.3,0.0
1687,90,14/09/2025,Absent,0.0,0.0
1688,90,2025-07-20,present,8.4,0.0
1689,90,26/12/2025,Present,7.6,0.0
1690,90,15/09/2025,Absent,0.0,0.0
1691,90,18/03/2025,Absent,0.0,0.0
1692,90,2025-07-15,Present,8.0,0.0
1693,90,2025-01-20,Absent,0.0,0.0
1694,90,2025-03-19,Present,8.9,2.8
1695,90,2025-11-17,Absent,0.0,
1696,90,2025-04-29,Present,,0.0
1697,90,2025-12-01,Absent,0.0,0.0
1698,90,2025-03-24,Present,7.1,0.0
1699,90,11-08-2025,Present,8.7,0.0
1700,90,2025-06-24, Late,5.3,2.2
1701,90,2025-05-29,Absent,0.0,0.0
1702,90,2025-08-09,Absent,0.0,0.0
1703,90,2025-12-31,Present,8.9,0.0
1704,90,2025-04-17,Present,8.4,0.0
1705,90,2025-03-20,Present,7.2,0.0
1706,90,19-Feb-2025,Present,7.5,1.3
1707,90,2025-06-08,Present,7.6,0.0
1708,90,2025-02-14,Present,8.4,0.0
1709,90,2025-03-28,Present,8.3,
1710,90,2025-05-24,Present,7.5,0.0
1711,90,2025-02-06,Absent,0.0,0.0
1712,90,2025-08-24,Absent,0.0,0.0
1713,90,2025-08-31,Present,7.2,
1714,90,2025-08-15,Present,7.4,3.9
1715,91,2025-03-05,PRESENT,8.2,0.0
1716,91,2025-07-06,Present,9.2,0.0
1717,91,2025-11-14,Present,9.1,2.3
1718,91,07-07-2025,Present,8.8,0.0
1719,91,2025-06-10,Present,7.5,0.0
1720,91,2025-09-17,Present,8.7,0.0
1721,91,2025-12-16,Absent,0.0,0.0
1722,91,26/11/2025,Absent,0.0,0.0
1723,91,2025-05-06,Present,7.7,0.0
1724,91,2025-03-21,Present,9.1,0.0
1725,91,2025-03-23,Present,7.2,0.0
1726,91,2025-04-25,Present,8.9,0.0
1727,91,2025-02-17,Present,7.2,0.0
1728,91,2025-10-01,Present,9.2,0.0
1729,91,2025-02-13,Late,5.4,2.8
1730,91,2025-07-23,Present,8.2,0.0
1731,91,2025-06-18,Absent,0.0,0.0
1732,91,2025-06-25,Present,7.9,0.0
1733,91,26-Dec-2025,Present,8.6,3.8
1734,91,2025-08-21,Absent,0.0,0.0
1735,91,2025-03-21,Present,7.1,3.7
1736,91,2025-04-20,Present,8.5,3.3
1737,91,2025-11-04,Present,8.0,2.2
1738,91,2025-07-05,Present,9.2,0.0
1739,91,2025-04-20,Absent,0.0,0.0
1740,92,12/01/2025,Present,8.0,0.0
1741,92,2025-05-19,Absent,0.0,
1742,92,2025-04-01,Absent,0.0,0.0
1743,92,05/02/2025,Late,6.1,0.6
1744,92,2025-12-31,PRESENT,7.4,0.0
1745,92,2025-04-20,Present,8.6,0.0
1746,92,01-28-2025,Absent,0.0,0.0
1747,92,2025-08-08,late,6.7,0.0
1748,92,2025-03-26,Absent,0.0,0.0
1749,92,2025-08-03,Present,8.5,0.0
1750,92,2025-03-24,Present,7.4,0.0
1751,92,2025-12-21,Present,8.1,0.0
1752,92,10-15-2025, Present,7.9,0.0
1753,92,2025-02-09,Present,8.2,0.0
1754,92,03-16-2025,Late,7.1,0.0
1755,92,2025-06-12,Absent,0.0,0.0
1756,92,2025-08-23,Present,8.9,0.0
1757,92,2025-06-12,Absent,0.0,0.0
1758,92,2025-12-12,present,7.2,0.0
1759,92,2025-01-02,Present,9.2,0.0
1760,92,06-Mar-2025,Present,8.2,0.0
1761,92,2025-10-24,Absent,0.0,0.0
1762,92,2025-04-22,Present,8.9,0.0
1763,92,2025-12-23,Present,7.4,0.0
1764,92,2025-07-13,Absent,0.0,0.0
1765,92,04-18-2025,Present,8.7,0.0
1766,92,2025-10-23,Present,7.6,0.0
1767,92,2025-07-06,Absent,0.0,0.0
1768,92,06-07-2025,Present,8.1,0.0
1769,92,2025-12-25,Present,7.0,0.0
1770,92,2025-07-31,PRESENT,7.4,0.0
1771,93,2025-10-05,Present,7.2,0.0
1772,93,06-21-2025,Absent,0.0,
1773,93,2025-04-01,present,7.6,0.0
1774,93,2025-10-11,Present,7.3,0.0
1775,93,2025-07-15,Late,6.6,0.0
1776,93,2025-12-15,Present,7.1,0.0
1777,93,14-Nov-2025,Present,8.5,0.0
1778,93,2025-02-20,Present,7.4,0.0
1779,93,2025-02-23,Absent,0.0,0.0
1780,93,2025-01-09,Present,9.4,0.0
1781,93,2025-09-12,Present,9.3,0.0
1782,93,10-06-2025,Absent,0.0,0.0
1783,93,2025-08-16, Present,7.6,0.0
1784,93,2025-12-08,Late,6.3,0.0
1785,93,25-Apr-2025,Present,7.1,0.0
1786,93,2025-02-28,Absent,0.0,0.0
1787,93,2025-08-29,Present,9.3,0.0
1788,93,2025-08-26,Present,8.3,0.0
1789,93,2025-12-27,PRESENT,7.1,0.0
1790,93,2025-07-11,Present,7.9,0.0
1791,93,2025-05-18,Present,7.2,0.0
1792,93,2025-08-01,present,8.0,2.8
1793,93,2025-08-01,Absent,0.0,0.0
1794,93,2025-01-14,Absent,0.0,0.0
1795,93,2025-07-11,Present,8.2,0.0
1796,93,2025-11-04,Late,5.7,0.0
1797,93,20-Oct-2025,Present,7.3,0.0
1798,93,2025-07-20,Absent,0.0,0.0
1799,93,2025-11-26,Present,7.6,0.9
1800,93,2025-10-23, Present,9.0,0.0
1801,93,19/07/2025,PRESENT,7.3,0.0
1802,94,06-12-2025,Present,8.5,0.0
1803,94,2025-02-20,Present,7.9,1.3
1804,94,2025-03-02,Present,8.6,0.0
1805,94,2025-11-18,Present,8.1,0.0
1806,94,2025-03-23,Present,8.0,0.0
1807,94,2025-02-17,Absent,0.0,0.0
1808,94,2025-01-06,Present,8.5,0.0
1809,94,2025-01-15, Present,8.2,0.0
1810,94,2025-02-10,Present,7.8,2.5
1811,94,2025-03-08,Present,8.7,
1812,94,2025-07-03,LATE,4.6,0.0
1813,94,2025-04-24,Present,8.2,0.0
1814,94,06-May-2025,Present,7.1,0.0
1815,94,2025-07-13,Present,7.5,0.0
1816,94,2025-05-21,Absent,0.0,0.0
1817,94,2025-03-15,Present,8.4,0.0
1818,94,2025-10-24,Present,9.2,3.6
1819,94,2025-11-02,Absent,0.0,0.0
1820,94,2025-03-14,Present,7.2,0.0
1821,94,2025-02-17,Absent,0.0,0.0
1822,94,2025-07-05,Present,8.0,0.0
1823,94,2025-02-21,Present,8.5,1.0
1824,94,2025-02-07,Present,8.9,0.0
1825,94,2025-04-18,Present,8.9,0.0
1826,94,2025-06-10,Present,9.3,0.0
1827,94,2025-03-24,Late,4.5,1.3
1828,94,02/04/2025,Present,9.1,0.0
1829,94,2025-01-17,Absent,0.0,0.0
1830,94,25/06/2025,Present,8.7,0.0
1831,94,2025-11-11,Present,9.2,0.7
1832,94,2025-09-25,Present,8.5,0.0
1833,94,09/04/2025,PRESENT,8.4,0.0
1834,94,2025-09-23,Present,7.1,0.0
1835,94,2025-07-06,Absent,0.0,0.0
1836,94,2025-04-22,Absent,0.0,0.0
1837,94,2025-03-12,Late,6.0,0.0
1838,95,2025-03-06,Present,8.5,0.0
1839,95,2025-02-17,Present,7.5,0.0
1840,95,31/05/2025,Present,7.7,0.0
1841,95,2025-08-12,Present,8.6,0.0
1842,95,2025-04-09,Present,8.2,0.0
1843,95,2025-05-24,Present,9.1,1.7
1844,95,2025-10-28,Present,7.7,
1845,95,07-Sep-2025,Present,,0.0
1846,95,2025-11-02,Present,9.3,0.0
1847,95,2025-11-15,Leave,0.0,0.0
1848,95,2025-07-16,Present,7.1,0.0
1849,95,2025-07-11,Present,8.9,0.0
1850,95,2025-08-19,Present,7.3,0.6
1851,95,2025-09-19,Present,7.7,0.0
1852,95,2025-11-06,Present,7.7,0.0
1853,95,2025-09-29,present,9.0,3.0
1854,96,2025-04-03,Present,9.5,0.0
1855,96,06/04/2025,Absent,0.0,0.0
1856,96,2025-02-07,Absent,0.0,0.0
1857,96,07-10-2025,Absent,0.0,0.0
1858,96,2025-06-10,Absent,0.0,0.0
1859,96,2025-06-13,Present,8.8,0.0
1860,96,2025-04-20,Absent,0.0,0.0
1861,96,2025-06-14,Present,8.0,0.0
1862,96,2025-07-17,Absent,0.0,0.0
1863,96,2025-04-19,Late,6.6,4.0
1864,96,2025-05-23,Present,8.8,0.0
1865,96,12-10-2025,Absent,0.0,0.0
1866,96,2025-11-27,Absent,0.0,0.0
1867,96,2025-08-11,Absent,0.0,0.0
1868,96,2025-06-13,Absent,0.0,0.0
1869,96,2025-01-26,Present,8.9,0.0
1870,96,2025-05-21,Absent,0.0,0.0
1871,96,2025-03-05,Absent,0.0,0.0
1872,97,2025-11-04,Late,7.3,0.0
1873,97,2025-10-23, Absent,0.0,0.0
1874,97,2025-01-10,Present,7.3,0.0
1875,97,2025-01-03,Present,8.8,0.0
1876,97,2025-07-26,Absent,0.0,
1877,97,2025-10-01,Present,9.1,3.8
1878,97,2025-11-27,Absent,0.0,0.0
1879,97,2025-08-29, Absent,0.0,0.0
1880,97,2025-08-01,Present,7.5,0.0
1881,97,2025-06-27,Present,8.3,0.0
1882,97,10-Jun-2025,Present,8.7,1.4
1883,97,2025-06-02,Present,8.5,0.0
1884,97,2025-11-25,Present,7.6,1.7
1885,97,2025-07-11,Present,8.1,2.4
1886,97,25/04/2025,Absent,0.0,0.0
1887,98,06-Jan-2025,Absent,0.0,0.0
1888,98,2025-06-15,Present,8.1,0.0
1889,98,26-Apr-2025,Absent,0.0,0.0
1890,98,2025-04-08,Present,8.2,0.0
1891,98,2025-10-03,Present,7.7,0.0
1892,98,2025-01-27,Late,5.0,0.0
1893,98,2025-02-26,Absent,0.0,0.0
1894,98,2025-06-05,Absent,0.0,0.0
1895,98,2025-06-18,Present,7.1,0.0
1896,98,2025-07-14,Late,5.1,0.0
1897,98,2025-03-12,Present,8.5,3.3
1898,98,2025-06-13,Present,7.4,0.0
1899,98,31/07/2025,Present,7.3,0.0
1900,98,2025-09-25,present,8.9,0.0
1901,98,2025-12-05,Present,7.8,0.0
1902,98,2025-09-05,Late,7.4,0.0
1903,98,2025-06-01,PRESENT,8.8,0.0
1904,98,2025-05-05,Present,7.8,0.0
1905,98,2025-04-16,Present,7.7,2.3
1906,98,11/09/2025,Absent,0.0,0.0
1907,98,2025-01-07,Present,7.2,0.0
1908,98,2025-07-17,Absent,,0.0
1909,98,2025-02-23,Present,7.3,0.0
1910,98,2025-09-28,Present,7.4,0.0
1911,98,2025-06-09,Present,8.9,0.0
1912,99,09-16-2025,Absent,0.0,0.0
1913,99,03-08-2025,Absent,0.0,0.0
1914,99,2025-07-06,Present,8.3,0.0
1915,99,2025-11-14,Present,7.0,0.0
1916,99,2025-04-07,Absent,,0.0
1917,99,08-05-2025,Absent,0.0,0.0
1918,99,2025-06-07,Present,8.7,0.0
1919,99,22/02/2025,Absent,0.0,0.0
1920,99,24/02/2025,Present,8.1,0.0
1921,99,08-24-2025,Absent,0.0,0.0
1922,99,2025-01-15,Present,8.3,0.0
1923,99,2025-06-30,Late,5.1,0.0
1924,99,2025-02-13,Present,8.4,0.0
1925,99,2025-07-23,Present,9.4,0.0
1926,99,2025-01-28,Present,7.2,0.0
1927,99,2025-01-26,Present,7.7,0.0
1928,99,2025-08-05,Absent,0.0,0.0
1929,99,2025-04-07,Present,7.6,0.0
1930,99,2025-09-29,Present,7.6,0.0
1931,100,2025-02-25,Present,7.9,0.0
1932,100,2025-02-26,Present,,3.7
1933,100,2025-01-19,Present,7.5,0.0
1934,100,2025-09-30,Late,6.1,0.0
1935,100,2025-11-14,Present,8.6,0.0
1936,100,2025-07-21,Late,6.1,0.0
1937,100,2025-12-21,Present,8.1,0.0
1938,100,2025-04-15,Present,7.5,0.0
1939,100,2025-11-02,Present,8.2,1.9
1940,100,2025-04-05,Present,9.0,0.0
1941,100,2025-09-02,Present,8.9,0.0
1942,100,2025-12-19,Present,7.3,
1943,100,2025-02-05,Present,7.2,0.0
1944,100,2025-08-22,Present,9.3,2.4
1945,100,2025-08-31,Present,9.1,0.7
1946,100,2025-05-16,Present,8.3,0.0
1947,100,2025-01-05,Present,8.3,0.0
1948,100,10-26-2025,Absent,0.0,0.0
1949,101,2025-05-07,Present,9.2,0.8
1950,101,2025-01-09,Present,7.6,0.0
1951,101,2025-04-27,Present,8.0,0.0
1952,101,2025-03-17,Present,9.2,3.8
1953,101,21-Jun-2025,Present,9.5,0.0
1954,101,07-Oct-2025,Present,9.4,0.0
1955,101,2025-07-06,Present,7.0,0.0
1956,101,2025-06-04,Present,7.1,0.0
1957,101,2025-12-06,Present,7.4,0.0
1958,101,2025-11-02,Present,7.9,0.0
1959,101,2025-09-23,Present,9.1,3.6
1960,101,2025-07-30,Present,7.5,0.0
1961,101,2025-03-14,Present,8.5,3.7
1962,101,23-Oct-2025,Present,8.2,0.0
1963,102,2025-07-04,Absent,0.0,0.0
1964,102,2025-02-15,Absent,0.0,0.0
1965,102,13-Jul-2025,Present,7.3,0.0
1966,102,2025-11-17,Present,,0.0
1967,102,2025-08-19,Present,7.9,0.0
1968,102,2025-03-31, Absent,0.0,0.0
1969,102,2025-12-14,Absent,0.0,0.0
1970,102,2025-06-19,Late,6.2,0.0
1971,102,05-22-2025,Absent,0.0,0.0
1972,102,2025-01-22,Present,8.1,0.0
1973,102,2025-11-10,Absent,0.0,0.0
1974,102,2025-08-21,Present,7.0,0.0
1975,102,2025-06-27,Absent,0.0,0.0
1976,102,05-Jan-2025,Present,9.5,0.0
1977,102,2025-08-27,Present,8.4,0.0
1978,102,2025-05-29,Present,8.2,0.0
1979,102,2025-06-05,Present,9.4,1.0
1980,102,31/05/2025,Absent,0.0,0.0
1981,103,2025-01-21,Absent,0.0,0.0
1982,103,2025-10-31,Absent,0.0,0.0
1983,103,2025-09-08,Absent,0.0,
1984,103,2025-08-09,Absent,0.0,0.0
1985,103,2025-01-01,Absent,0.0,0.0
1986,103,2025-03-12,Absent,0.0,0.0
1987,103,2025-05-26,Present,7.5,0.0
1988,103,2025-10-15,Absent,0.0,0.0
1989,103,2025-02-14,Present,9.0,1.4
1990,103,2025-04-11,Absent,0.0,0.0
1991,103,2025-02-11,Absent,0.0,0.0
1992,103,2025-01-17,Late,6.9,0.0
1993,103,12-14-2025,Present,7.7,0.0
1994,103,2025-02-20,Present,7.1,0.0
1995,103,11-02-2025,Absent,0.0,0.0
1996,103,2025-10-16,Absent,0.0,0.0
1997,103,2025-06-15,Present,8.3,1.2
1998,103,2025-04-13,Absent,0.0,0.0
1999,104,2025-08-02,Present,8.9,0.0
2000,104,2025-02-13,Present,8.6,0.0
2001,104,2025-08-25,Present,9.3,0.0
2002,104,2025-08-12,Late,6.8,
2003,104,12-22-2025,Present,7.5,0.0
2004,104,2025-12-31,Present,9.0,0.0
2005,104,2025-08-27,Present,8.6,0.0
2006,104,2025-01-15,Present,8.7,3.4
2007,104,2025-08-04,Late,6.2,2.1
2008,104,2025-06-04,Present,8.6,0.0
2009,104,11-Jul-2025,Late,5.4,0.0
2010,104,2025-10-17,Present,7.5,2.7
2011,104,21-Jul-2025,Late,5.2,0.0
2012,104,2025-08-25,Present,7.2,0.0
2013,104,24-Aug-2025,Present,7.0,2.6
2014,104,2025-05-19,Present,7.9,0.0
2015,104,2025-06-20,Present,8.9,0.0
2016,104,2025-10-17,Present,7.9,0.0
2017,104,2025-02-01,Late,6.0,0.0
2018,104,2025-09-19,Present,8.0,2.8
2019,104,2025-04-15,Present,7.9,0.0
2020,104,2025-09-11,Late,7.4,0.0
2021,104,2025-11-24,Present,9.3,0.0
2022,104,2025-06-09,Present,9.1,0.0
2023,104,2025-09-06,Present,9.3,0.0
2024,104,2025-02-04,Absent,0.0,0.0
2025,104,2025-11-06,Present,8.1,0.0
2026,104,2025-05-07,Present,8.3,0.0
2027,104,16/09/2025,Present,8.9,2.9
2028,104,2025-03-04,Present,9.2,0.0
2029,104,05/04/2025, Present,8.8,0.0
2030,105,2025-10-07,Late,7.5,0.0
2031,105,2025-08-13,Present,7.9,0.0
2032,105,2025-08-10,Absent,0.0,0.0
2033,105,2025-01-12,Absent,0.0,0.0
2034,105,12-03-2025,Late,7.0,0.0
2035,105,2025-12-25,Present,8.7,0.0
2036,105,2025-05-29,Late,6.6,1.6
2037,105,2025-10-29,Present,9.0,0.0
2038,105,2025-07-20,Present,9.3,0.0
2039,105,2025-08-26,PRESENT,7.5,0.0
2040,105,2025-01-15,Late,6.4,
2041,105,2025-07-19,Absent,0.0,0.0
2042,105,2025-06-05, Absent,0.0,0.0
2043,105,2025-11-30,Present,9.5,0.0
2044,105,2025-01-22,Present,8.2,0.0
2045,105,13-Mar-2025,Present,7.6,0.0
2046,105,2025-05-22,Absent,0.0,0.0
2047,105,2025-03-23,Present,8.0,0.0
2048,105,2025-09-15,Absent,0.0,0.0
2049,105,2025-12-28,Present,8.6,0.0
2050,105,31/03/2025,Present,7.2,0.0
2051,105,2025-10-16,Present,8.5,0.0
2052,105,2025-03-13,Late,7.3,0.0
2053,105,05-Jun-2025,Present,,0.7
2054,106,2025-11-27,Present,9.5,0.0
2055,106,2025-11-07,Present,8.7,0.0
2056,106,2025-09-17,Present,7.4,0.0
2057,106,2025-03-08,Present,7.0,0.0
2058,106,2025-10-25, Present,7.4,0.0
2059,106,07-26-2025,Absent,0.0,0.0
2060,106,2025-01-16,Present,9.1,0.0
2061,106,2025-02-19,Present,7.1,0.0
2062,106,2025-12-14,Present,7.6,0.0
2063,106,2025-05-02,Absent,0.0,0.0
2064,106,2025-03-31,present,8.9,0.0
2065,106,2025-08-04,Present,8.5,3.2
2066,107,2025-05-09,Absent,0.0,0.0
2067,107,2025-02-07,Present,8.9,0.0
2068,107,2025-11-20,Present,7.1,0.0
2069,107,2025-06-14,Absent,0.0,0.0
2070,107,19/08/2025,Late,7.2,0.0
2071,107,2025-10-21,Present,7.6,0.0
2072,107,2025-09-09,Present,8.4,0.0
2073,107,2025-04-14,Present,8.6,0.0
2074,107,28-Sep-2025,Present,7.4,0.0
2075,107,2025-10-26,Absent,0.0,0.0
2076,107,2025-12-09,Absent,0.0,0.0
2077,107,2025-01-18,Present,9.4,0.0
2078,107,07-04-2025,Present,8.2,0.0
2079,107,2025-02-06,Late,4.7,0.0
2080,107,2025-11-25,Present,9.3,0.0
2081,107,2025-04-17,Present,8.5,
2082,107,2025-06-30,Late,6.6,0.0
2083,107,2025-03-12,Present,8.3,0.0
2084,107,2025-11-17,Late,7.0,0.6
2085,108,2025-02-10,Absent,0.0,0.0
2086,108,2025-09-22,Present,7.7,2.1
2087,108,2025-04-29,Absent,0.0,0.0
2088,108,10-04-2025,Present,7.2,0.0
2089,108,2025-05-29,Present,8.8,0.0
2090,108,27-Dec-2025,present,8.0,
2091,108,2025-03-22,Present,7.7,0.5
2092,108,2025-10-22,Present,8.8,0.0
2093,108,2025-11-09,Present,9.1,0.0
2094,108,2025-01-30,Present,8.0,0.0
2095,108,2025-10-26,Present,8.4,0.0
2096,108,15-May-2025,Present,7.6,2.7
2097,108,2025-08-04,Present,7.0,0.0
2098,108,2025-01-31,Late,6.0,0.0
2099,108,2025-06-18,Present,,0.0
2100,108,2025-02-01,Present,9.3,1.8
2101,108,16-Oct-2025,Present,8.9,0.0
2102,108,2025-01-19,Present,8.5,3.7
2103,108,2025-08-02,Present,8.0,
2104,108,2025-02-11,Present,7.8,0.0
2105,108,08/03/2025,Present,9.2,
2106,108,2025-01-19,Present,7.3,0.0
2107,108,2025-06-29,Present,7.2,0.0
2108,108,2025-04-27,Absent,0.0,0.0
2109,108,2025-01-29,Absent,0.0,0.0
2110,108,2025-04-11,Present,9.1,0.0
2111,109,16-Dec-2025, Present,7.0,3.5
2112,109,2025-09-04,Absent,0.0,0.0
2113,109,2025-07-13,Present,8.1,0.0
2114,109,2025-08-07,Present,7.0,1.9
2115,109,2025-03-02,Present,7.5,0.0
2116,109,2025-07-08,Late,6.4,0.0
2117,109,2025-01-30,Absent,0.0,
2118,109,2025-02-17,Present,8.7,0.0
2119,109,2025-10-02,Present,8.2,0.0
2120,109,2025-01-08,Present,7.1,0.0
2121,109,2025-01-30,Absent,0.0,0.0
2122,109,2025-03-06,Present,8.6,0.0
2123,109,2025-06-10,Late,7.0,0.0
2124,109,06-May-2025,Present,8.8,3.4
2125,109,2025-07-23,Present,7.5,3.6
2126,109,2025-02-09,Absent,0.0,0.0
2127,109,2025-10-06,Absent,0.0,0.0
2128,109,2025-12-28,Present,7.8,0.0
2129,109,2025-04-23,Present,7.0,0.0
2130,109,2025-07-07,Present,9.1,0.0
2131,109,2025-12-01,Absent,0.0,0.0
2132,109,2025-05-17,Late,7.3,0.0
2133,109,2025-02-23,Absent,0.0,0.0
2134,109,30/07/2025,Present,8.6,0.0
2135,109,2025-05-24,Absent,0.0,0.0
2136,109,03-12-2025,Present,7.6,-0.0
2137,110,2025-06-06,Present,7.6,
2138,110,2025-07-10,Present,8.2,0.0
2139,110,01-19-2025,Present,9.2,0.0
2140,110,2025-11-29,Present,7.4,0.0
2141,110,2025-01-11,Present,9.1,1.5
2142,110,2025-05-23,Present,9.0,
2143,110,2025-02-13,Absent,,0.0
2144,110,09-Nov-2025,Late,7.3,2.0
2145,110,2025-07-15,Late,5.6,3.3
2146,110,2025-04-16,Late,6.1,0.0
2147,110,2025-09-30,Absent,0.0,0.0
2148,110,2025-06-06,Absent,0.0,0.0
2149,110,2025-06-28,Present,,0.0
2150,110,2025-06-22,Present,8.6,0.0
2151,110,2025-10-30,Absent,0.0,0.0
2152,111,15/01/2025,Present,7.4,0.0
2153,111,2025-08-11,Present,9.1,0.0
2154,111,2025-01-30,Present,7.5,0.0
2155,111,2025-12-14,Present,9.3,0.0
2156,111,2025-10-01,Present,7.6,0.0
2157,111,2025-10-18,Present,8.8,0.0
2158,111,2025-07-15,present,7.7,0.0
2159,111,05-02-2025,Absent,0.0,0.0
2160,111,2025-01-08,Present,7.8,0.0
2161,111,2025-05-21,Absent,0.0,0.0
2162,112,2025-05-08,Present,7.8,0.0
2163,112,2025-10-20,Present,8.9,0.0
2164,112,2025-07-05,Absent,0.0,0.0
2165,112,2025-05-09,Present,8.4,0.0
2166,112,2025-11-08,Absent,0.0,0.0
2167,112,2025-06-07,Present,9.2,0.0
2168,112,2025-05-16,Present,7.8,0.0
2169,112,09-Jan-2025,Present,8.7,0.0
2170,112,03/07/2025,Present,8.9,0.0
2171,112,2025-04-22,Present,7.4,0.0
2172,112,2025-02-10,Late,5.7,0.0
2173,112,2025-06-10,Present,8.2,0.0
2174,112,2025-05-13,Present,7.9,0.0
2175,112,2025-09-11,Absent,0.0,0.0
2176,112,19/11/2025,Absent,0.0,0.0
2177,112,2025-11-13,Present,7.8,0.0
2178,112,2025-12-02,Absent,0.0,0.0
2179,112,2025-12-17,Present,8.7,0.0
2180,112,2025-06-12,Absent,0.0,0.0
2181,112,27-Apr-2025,Absent,0.0,0.0
2182,112,2025-05-13,Present,7.5,3.0
2183,112,2025-06-30,Present,9.3,2.5
2184,112,05-01-2025,Leave,0.0,0.0
2185,112,2025-02-09,Present,8.5,0.7
2186,112,2025-02-09, Absent,0.0,0.0
2187,112,2025-06-16,Present,9.2,0.0
2188,112,2025-12-15,Present,7.7,
2189,112,25-May-2025,Absent,0.0,0.0
2190,113,2025-06-17,Present,8.5,0.0
2191,113,2025-07-28,Present,9.4,0.0
2192,113,2025-05-31,Present,8.5,0.0
2193,113,2025-01-23,Present,8.8,0.0
2194,113,30-Oct-2025,Absent,0.0,0.0
2195,113,2025-11-08,Present,8.1,0.0
2196,113,2025-09-18,Present,7.2,0.0
2197,113,2025-04-21,Present,9.0,0.0
2198,113,2025-12-03,Present,7.1,0.0
2199,113,29/11/2025,Absent,0.0,0.0
2200,113,02-09-2025,Present,8.8,0.0
2201,113,2025-10-17,Present,7.1,0.0
2202,113,08-Oct-2025,Present,9.2,0.0
2203,113,2025-03-04,Present,7.4,0.0
2204,113,01-27-2025,Present,8.3,0.0
2205,114,2025-09-24,Late,6.3,0.0
2206,114,2025-10-22,Absent,0.0,0.0
2207,114,2025-05-05,Absent,0.0,0.0
2208,114,2025-07-05,Absent,0.0,0.0
2209,114,2025-06-11,Present,8.1,1.7
2210,114,2025-05-04,Late,5.9,0.0
2211,114,07-29-2025,Absent,0.0,0.0
2212,114,2025-06-30,Present,7.8,2.0
2213,115,2025-07-05,PRESENT,7.9,0.0
2214,115,08-18-2025,Present,8.4,0.0
2215,115,2025-03-06,present,7.6,0.0
2216,115,2025-07-28,Present,9.5,0.0
2217,115,2025-11-07,Present,8.3,0.0
2218,115,2025-06-10,Leave,0.0,0.0
2219,115,07-29-2025,Present,7.5,0.0
2220,115,2025-10-22,PRESENT,8.2,0.0
2221,115,04-12-2025,Present,9.2,0.0
2222,115,2025-01-08, Present,7.1,0.0
2223,115,2025-10-11,present,8.7,0.0
2224,115,2025-02-21,Leave,0.0,0.0
2225,115,2025-01-18,Present,8.4,
2226,115,2025-03-27,Present,9.0,1.8
2227,115,29/09/2025,Present,7.7,0.0
2228,115,2025-07-01,Leave,0.0,0.0
2229,115,2025-12-23,Present,9.1,0.0
2230,115,2025-03-02,Present,8.6,0.0
2231,115,2025-06-22,Present,9.2,0.0
2232,116,2025-01-24,Absent,0.0,0.0
2233,116,2025-07-01,Present,8.6,0.0
2234,116,2025-11-19,Leave,0.0,0.0
2235,116,2025-08-12,Absent,0.0,0.0
2236,116,2025-09-02,Present,8.9,0.0
2237,116,2025-10-29,Present,9.1,0.0
2238,116,12/02/2025,Absent,0.0,0.0
2239,116,04-Jan-2025,PRESENT,7.1,0.0
2240,116,2025-11-29,Leave,0.0,0.0
2241,116,2025-06-14,Late,6.8,
2242,116,2025-10-29,Absent,0.0,0.0
2243,116,02-19-2025,Absent,0.0,0.0
2244,116,10-Sep-2025,Absent,0.0,0.0
2245,116,2025-10-16,Present,8.5,0.0
2246,116,2025-09-18,Present,7.2,0.0
2247,116,2025-06-15,Late,6.0,0.0
2248,116,03-15-2025,Absent,0.0,0.0
2249,116,2025-04-18,Late,4.7,0.0
2250,116,2025-11-12,Absent,0.0,0.0
2251,117,2025-06-27,Absent,0.0,0.0
2252,117,2025-03-02,Absent,0.0,0.0
2253,117,2025-09-07,Late,6.7,0.0
2254,117,2025-05-28,Present,8.4,0.0
2255,117,2025-11-07,Present,9.4,0.0
2256,117,2025-12-08,Absent,0.0,0.0
2257,117,19/02/2025, Absent,0.0,0.0
2258,117,09-18-2025,Present,7.5,2.6
2259,117,21-Jan-2025,Present,7.5,0.0
2260,117,10/04/2025,Absent,0.0,0.0
2261,117,2025-01-14, Absent,0.0,0.0
2262,117,2025-05-25,Present,8.5,0.0
2263,117,2025-08-16,present,8.8,0.0
2264,117,2025-06-01,Present,8.8,0.0
2265,117,2025-03-03,Late,6.9,0.0
2266,117,2025-05-15,Absent,0.0,0.0
2267,117,12/03/2025,Present,9.1,0.0
2268,118,2025-03-01,Present,7.2,0.0
2269,118,24/04/2025,Present,7.9,0.0
2270,118,2025-09-17,Leave,0.0,0.0
2271,118,21/08/2025,Present,8.7,0.0
2272,118,2025-02-07,Present,8.2,0.0
2273,118,2025-01-20,Present,7.5,0.0
2274,118,2025-09-24,Late,6.2,0.0
2275,118,2025-12-05,Present,8.0,0.0
2276,118,2025-11-21,Present,8.0,
2277,118,28/10/2025,PRESENT,9.0,0.0
2278,118,2025-12-11,Absent,0.0,0.0
2279,118,2025-08-29,Absent,0.0,0.0
2280,118,06/04/2025,Present,8.0,0.0
2281,118,12-Apr-2025,Present,7.1,0.7
2282,118,2025-09-22,Present,9.1,0.0
2283,118,2025-01-02,Present,9.4,0.0
2284,118,2025-11-09,Absent,0.0,0.0
2285,118,2025-04-02,Absent,0.0,0.0
2286,118,2025-12-19,Late,6.6,0.0
2287,118,2025-10-26,Absent,0.0,
2288,118,06-28-2025,Present,7.9,0.0
2289,118,04-03-2025,Present,9.3,0.0
2290,118,30-May-2025,Present,8.7,0.0
2291,118,19/11/2025,PRESENT,9.1,0.0
2292,118,2025-09-04,Late,6.8,0.0
2293,118,2025-05-28,Present,7.9,0.0
2294,118,2025-05-07,Present,8.2,1.2
2295,118,2025-08-26,Present,7.7,0.0
2296,118,2025-06-27,Present,8.9,0.0
2297,118,05-Sep-2025,Present,9.2,0.0
2298,119,2025-11-04,Present,8.8,0.0
2299,119,2025-05-29,Late,5.9,0.0
2300,119,2025-07-29,ABSENT,0.0,0.0
2301,119,2025-06-15,Late,4.8,0.0
2302,119,2025-07-20,Present,7.1,0.0
2303,119,2025-05-14,Present,7.9,0.0
2304,119,23/04/2025,present,8.2,0.0
2305,119,2025-06-07,Present,8.5,0.0
2306,119,2025-03-27,Present,7.0,0.0
2307,120,2025-02-26,Present,9.5,0.0
2308,120,2025-06-18,Late,5.6,0.0
2309,120,2025-01-11,Present,9.1,2.4
2310,120,2025-12-27,Present,7.3,0.0
2311,120,2025-10-11,Absent,0.0,0.0
2312,120,01-26-2025,Present,9.0,0.0
2313,120,2025-04-12,Present,8.8,0.0
2314,120,2025-07-22,Present,8.3,0.0
2315,120,03-24-2025,Present,8.3,0.0
2316,120,2025-04-21,Present,7.2,0.0
2317,120,2025-01-07,Absent,0.0,0.0
2318,120,2025-01-11,Present,8.6,0.0
2319,120,2025-09-14,present,9.3,0.0
2320,121,2025-03-22,Absent,0.0,0.0
2321,121,2025-01-13,Absent,0.0,0.0
2322,121,2025-12-19,Absent,0.0,0.0
2323,121,2025-05-20,Present,7.2,0.0
2324,121,13/07/2025,Present,7.7,3.7
2325,121,2025-05-19,Present,7.7,2.8
2326,121,16/09/2025,Present,8.3,0.0
2327,121,01/08/2025,absent,0.0,
2328,121,2025-10-05,Present,8.5,0.0
2329,121,2025-10-29,Present,8.0,0.0
2330,121,2025-11-07,Present,7.7,0.0
2331,121,2025-08-06,Present,7.1,3.1
2332,121,05-21-2025,Present,8.9,2.8
2333,122,02/12/2025,Present,8.6,0.0
2334,122,2025-08-08,Late,5.2,0.0
2335,122,2025-10-15,Present,7.1,0.0
2336,122,2025-12-26,Present,9.0,0.0
2337,122,09-Jan-2025,Present,8.2,0.0
2338,122,2025-07-10,Present,7.8,0.0
2339,122,2025-08-20,PRESENT,7.3,0.0
2340,122,2025-07-23,Present,7.2,0.0
2341,122,09-02-2025,Present,7.9,0.0
2342,122,2025-06-20,Present,,0.0
2343,122,12/02/2025,Late,7.3,0.0
2344,122,2025-09-08,Present,9.2,3.7
2345,122,2025-07-26,Present,9.3,0.0
2346,122,18/10/2025,Present,8.3,1.3
2347,123,10-Sep-2025,Present,9.0,0.0
2348,123,2025-06-22,Present,7.5,1.4
2349,123,2025-12-19,Present,7.6,0.0
2350,123,01-03-2025,Present,8.3,0.0
2351,123,2025-10-15,Present,7.8,0.0
2352,123,2025-06-10,Present,7.4,0.0
2353,123,2025-08-25,Present,8.1,0.0
2354,123,2025-02-11,Present,9.2,0.0
2355,123,2025-02-09,Present,8.4,0.0
2356,123,2025-03-24,Present,9.2,1.2
2357,123,2025-04-12,Present,7.4,0.0
2358,123,2025-01-20,Present,8.4,0.0
2359,123,2025-11-17,Present,8.2,0.0
2360,123,2025-10-08,Present,8.7,3.3
2361,123,2025-03-02,Present,8.9,0.0
2362,123,2025-12-13,Present,9.4,0.0
2363,123,2025-07-10,Present,8.0,0.0
2364,123,2025-05-29,Present,7.5,0.0
2365,123,11-11-2025,Present,,0.0
2366,123,2025-11-06,Present,7.3,0.0
2367,123,2025-06-19,Present,7.7,0.0
2368,123,2025-03-11,Late,,0.0
2369,123,2025-08-31,Absent,0.0,0.0
2370,123,2025-08-02,Late,5.7,0.0
2371,124,2025-01-03,Late,4.8,0.0
2372,124,2025-12-22,Absent,0.0,0.0
2373,124,2025-08-23,Late,4.6,2.8
2374,124,2025-08-28,Present,8.5,3.0
2375,124,2025-11-22,Present,8.7,0.0
2376,124,2025-11-18,absent,0.0,0.0
2377,124,2025-04-09,Late,4.8,0.0
2378,124,2025-08-07,Present,7.7,0.0
2379,124,2025-11-16,PRESENT,7.3,0.0
2380,124,15-Oct-2025,Present,9.1,0.0
2381,124,02-09-2025,present,8.9,1.2
2382,124,2025-04-21,Late,5.5,0.0
2383,124,2025-02-22,Absent,0.0,0.0
2384,125,2025-09-25,Present,9.4,0.0
2385,125,2025-06-19,Present,8.5,0.0
2386,125,2025-11-06,Present,9.0,0.0
2387,125,2025-11-12,Present,7.7,0.0
2388,125,2025-03-28,Absent,0.0,0.0
2389,125,2025-04-29,Present,7.5,3.2
2390,125,2025-11-11,Late,6.6,0.0
2391,125,2025-01-01,Present,8.7,0.0
2392,125,27-Jan-2025,Late,6.2,0.0
2393,125,2025-08-06,present,8.4,0.0
2394,125,2025-09-14,Present,8.8,0.0
2395,125,2025-07-21,Present,7.7,0.0
2396,125,2025-08-31,Present,7.9,0.0
2397,125,2025-06-12,Present,,0.0
2398,125,2025-04-20,Present,7.8,0.0
2399,125,2025-05-23,Present,8.4,0.0
2400,125,2025-10-14,Present,8.8,0.0
2401,125,09-May-2025,Present,9.5,0.0
2402,125,2025-08-11,Present,8.1,0.0
2403,125,2025-07-07,Present,8.1,0.0
2404,125,2025-06-27,Present,9.1,0.0
2405,125,2025-10-14,Present,9.0,0.0
2406,125,2025-04-08,Present,8.8,
2407,125,06/01/2025,Late,5.9,0.0
2408,125,2025-04-10,Absent,0.0,0.0
2409,125,2025-06-08,Present,7.8,0.0
2410,126,05-10-2025,Present,8.5,3.6
2411,126,05-20-2025,Absent,0.0,0.0
2412,126,21-May-2025,Present,9.2,0.0
2413,126,2025-12-23,Present,7.3,0.0
2414,126,2025-01-30,Present,8.1,0.0
2415,126,2025-08-30,Present,8.2,0.0
2416,126,2025-09-09,Late,7.4,0.0
2417,126,2025-11-28,Present,8.7,0.0
2418,126,2025-01-20,Present,8.0,0.0
2419,126,2025-03-20,Present,7.1,0.0
2420,126,2025-03-09,Absent,0.0,0.0
2421,126,03-03-2025,Absent,0.0,0.0
2422,126,2025-11-23,Present,8.4,0.0
2423,126,2025-10-06,Present,7.2,0.0
2424,126,2025-12-02,Present,9.1,3.1
2425,126,12-11-2025,Present,8.2,0.0
2426,126,2025-12-30,Late,5.8,0.0
2427,127,2025-07-07,Present,9.2,0.0
2428,127,2025-07-26,Present,7.7,0.0
2429,127,01-Feb-2025,Absent,,0.0
2430,127,2025-09-14,Absent,0.0,0.0
2431,127,2025-05-17,Absent,0.0,0.0
2432,127,2025-08-16,Absent,,0.0
2433,127,2025-11-08,Late,5.2,0.0
2434,127,2025-03-30,Present,9.3,0.0
2435,127,2025-01-02,Present,9.0,0.0
2436,127,03-02-2025,Present,9.1,0.0
2437,127,2025-12-23,Absent,0.0,0.0
2438,127,2025-08-26,Absent,0.0,0.0
2439,127,2025-02-16,late,5.1,1.0
2440,127,2025-06-12,present,7.1,0.0
2441,127,03-28-2025,Present,7.6,0.0
2442,127,11-Jul-2025,Present,8.9,0.0
2443,127,2025-05-07,Present,7.6,0.0
2444,127,2025-04-08,Present,8.8,0.0
2445,128,2025-06-08,Absent,0.0,0.0
2446,128,2025-12-28,Present,7.6,0.0
2447,128,2025-10-17,Present,8.0,0.0
2448,128,2025-04-07,Leave,0.0,0.0
2449,128,2025-04-13,Absent,0.0,0.0
2450,128,01/06/2025,Late,7.4,0.0
2451,128,2025-02-17,Present,7.6,0.0
2452,128,2025-06-28,Present,7.9,0.0
2453,128,2025-11-20,Present,7.8,0.0
2454,128,2025-10-27,Present,7.3,0.0
2455,129,2025-04-18,Present,8.2,0.0
2456,129,2025-11-27,Present,7.9,0.0
2457,129,2025-04-17,Present,8.7,0.0
2458,129,2025-10-10,Present,9.0,0.0
2459,129,16/02/2025,Present,8.4,0.0
2460,129,04-22-2025,Present,7.1,2.7
2461,129,01-Mar-2025,Present,7.1,0.0
2462,129,01/09/2025,Present,8.5,0.0
2463,129,2025-07-10,present,8.7,
2464,129,2025-01-18,Present,7.5,3.4
2465,129,2025-07-03,Present,9.3,3.3
2466,129,04/08/2025,Present,7.8,0.0
2467,129,21/02/2025,Present,8.5,0.0
2468,129,2025-03-25,Present,9.3,0.0
2469,129,2025-01-12,Present,7.8,0.0
2470,129,2025-10-31,Present,9.1,0.0
2471,129,2025-07-24,Present,7.0,0.0
2472,129,2025-07-11,Present,7.0,0.0
2473,129,07-25-2025,Present,8.9,0.0
2474,129,2025-04-30,Present,8.9,0.0
2475,129,2025-09-17,Late,6.9,0.0
2476,129,05-18-2025,Present,9.3,0.0
2477,129,2025-01-15,Present,7.3,0.0
2478,129,2025-06-03,Present,7.6,0.0
2479,129,2025-09-26,Present,9.3,0.0
2480,129,2025-03-13,Leave,,0.0
2481,129,2025-06-20,Present,7.4,2.9
2482,129,2025-02-16,Present,8.3,0.0
2483,129,2025-06-27,Present,7.2,0.0
2484,129,2025-01-01,Present,7.7,
2485,129,2025-03-30,Present,8.3,3.5
2486,129,2025-05-01,present,8.8,0.0
2487,130,2025-05-06,Absent,0.0,0.0
2488,130,2025-10-12,Present,8.6,0.0
2489,130,2025-09-02,Late,6.0,1.5
2490,130,2025-10-09,Present,7.3,0.0
2491,130,2025-08-30,Present,8.0,0.0
2492,130,2025-12-28,Leave,0.0,0.0
2493,130,2025-02-19,Present,7.1,0.0
2494,130,2025-03-10,Present,7.5,0.0
2495,130,2025-05-25,Present,8.1,0.0
2496,130,2025-08-06,Present,8.0,0.0
2497,130,2025-06-27,Present,7.1,0.0
2498,130,2025-10-28,Absent,0.0,0.0
2499,130,2025-11-08,Late,6.3,0.0
2500,130,2025-07-05,Present,8.4,0.0
2501,130,2025-11-09,Present,7.2,0.0
2502,130,2025-02-09,PRESENT,9.4,0.8
2503,130,2025-04-07,Absent,0.0,0.0
2504,130,04/06/2025,Present,9.1,0.0
2505,131,2025-12-01,Absent,0.0,0.0
2506,131,2025-03-19,Late,4.5,0.0
2507,131,2025-09-04,Absent,0.0,0.0
2508,131,2025-08-04,Absent,0.0,0.0
2509,131,2025-07-23,Present,9.2,0.0
2510,131,27-Aug-2025,Present,7.0,0.0
2511,131,2025-02-21,Present,8.9,0.0
2512,131,2025-01-07,Absent,0.0,0.0
2513,131,2025-03-07,Present,7.9,0.0
2514,131,21-Aug-2025,Absent,,0.0
2515,131,2025-12-01,Present,8.8,0.0
2516,131,2025-01-28,Late,5.7,0.0
2517,131,2025-11-21,Absent,0.0,0.0
2518,131,2025-08-19,Present,7.2,0.0
2519,131,2025-12-31,Leave,0.0,0.0
2520,131,2025-10-01,Present,8.9,0.7
2521,131,2025-04-02,Present,9.3,0.0
2522,131,2025-07-16,Present,7.1,2.2
2523,131,04/01/2025,Leave,0.0,0.0
2524,132,2025-12-29,Present,8.8,0.0
2525,132,2025-11-11,Present,8.0,0.0
2526,132,2025-01-25,Present,7.5,3.2
2527,132,2025-09-08,Present,9.0,3.7
2528,132,2025-11-03,Present,7.9,0.0
2529,132,22/06/2025,Present,8.3,0.0
2530,132,2025-01-13,Present,7.9,0.0
2531,132,2025-07-02,Present,7.6,
2532,132,2025-06-02,Present,8.9,0.0
2533,132,02-Jul-2025,Present,7.8,0.0
2534,132,2025-07-22,Absent,0.0,0.0
2535,132,2025-02-13,Present,8.1,1.9
2536,132,16/03/2025,Present,8.8,0.0
2537,132,2025-05-21,Late,7.3,0.0
2538,133,2025-11-13,Absent,0.0,0.0
2539,133,2025-09-26,Present,8.7,
2540,133,2025-06-17,Late,6.8,
2541,133,2025-11-23,Present,7.2,0.8
2542,133,2025-09-20,Present,7.1,2.1
2543,133,2025-11-23,Present,9.1,0.0
2544,133,2025-01-12,Absent,0.0,0.0
2545,133,2025-05-12,Present,7.8,0.0
2546,133,2025-02-10,Present,8.0,
2547,133,03-01-2025,Present,9.3,
2548,133,2025-06-05,Present,9.1,0.0
2549,133,05/05/2025,Present,8.7,1.4
2550,133,2025-10-21,Present,7.3,0.0
2551,133,2025-08-12,ABSENT,0.0,0.0
2552,133,2025-12-19,Present,7.0,0.0
2553,133,2025-12-10,Absent,0.0,0.0
2554,133,2025-07-24,Present,7.3,0.0
2555,133,2025-05-20,Absent,0.0,0.0
2556,133,2025-04-17,Absent,0.0,0.0
2557,133,2025-08-01,Present,7.7,0.0
2558,133,08-25-2025,Present,8.4,0.0
2559,133,2025-06-12,Absent,0.0,0.0
2560,133,2025-04-26,Absent,0.0,0.0
2561,133,2025-06-16,Absent,0.0,0.0
2562,133,2025-11-10,Absent,0.0,0.0
2563,134,2025-12-31,Present,7.2,0.0
2564,134,04/08/2025,PRESENT,7.3,0.0
2565,134,2025-07-19,present,7.5,0.0
2566,134,2025-06-25,Leave,0.0,0.0
2567,134,2025-06-27,Present,8.6,0.0
2568,134,2025-09-13,Absent,0.0,0.0
2569,134,2025-12-24,Absent,0.0,0.0
2570,134,2025-07-19,Late,6.3,2.4
2571,134,2025-10-20,Present,7.6,0.0
2572,134,2025-10-15,Present,7.9,0.8
2573,134,2025-09-29,Present,7.6,0.0
2574,134,2025-06-11,Present,9.2,0.0
2575,134,2025-03-21,Present,9.4,0.0
2576,134,2025-06-30,Present,8.6,0.0
2577,134,2025-01-12,Present,9.3,0.0
2578,134,09-09-2025,Present,8.6,0.0
2579,134,2025-10-03,Absent,0.0,0.0
2580,135,2025-11-07,Present,7.1,4.0
2581,135,2025-07-22,Present,7.2,0.0
2582,135,2025-10-20,present,8.7,0.0
2583,135,2025-07-25,PRESENT,7.6,0.0
2584,135,2025-04-22,Present,8.0,0.0
2585,135,2025-06-13,Present,8.6,0.0
2586,135,2025-12-07,present,8.1,0.0
2587,135,2025-11-22,Present,7.6,0.0
2588,135,2025-07-20,Present,,0.0
2589,135,2025-08-26,Present,7.9,0.0
2590,135,2025-03-22, Present,9.4,0.0
2591,135,2025-05-28,Absent,0.0,0.0
2592,135,2025-06-21,Present,9.0,0.0
2593,135,2025-12-16,Present,8.1,0.0
2594,135,2025-12-01,Present,7.5,0.0
2595,135,2025-04-07,Present,9.0,0.0
2596,135,2025-03-12,Present,7.4,
2597,135,2025-02-11,Present,7.5,0.0
2598,135,2025-01-12,Present,7.9,0.0
2599,135,2025-10-19,present,9.2,0.0
2600,135,2025-07-09,Late,4.9,0.0
2601,135,2025-12-01,Present,7.3,0.0
2602,135,2025-04-09,Present,8.2,0.0
2603,135,07-08-2025,Present,7.7,0.0
2604,136,08-30-2025,PRESENT,8.4,0.0
2605,136,2025-06-15,Absent,0.0,0.0
2606,136,2025-02-03,Present,8.1,0.0
2607,136,2025-08-25,Absent,0.0,0.0
2608,136,2025-12-17,Late,5.8,0.0
2609,136,2025-04-01,Present,7.3,0.0
2610,136,2025-02-26,Present,7.4,0.0
2611,136,2025-03-23,Absent,0.0,0.0
2612,136,2025-02-05,Absent,0.0,0.0
2613,136,01-17-2025,Present,9.1,0.0
2614,136,09-24-2025,Present,9.2,0.0
2615,136,2025-02-06,Present,7.6,
2616,136,03/10/2025,Absent,0.0,0.0
2617,136,2025-11-07,Late,4.8,0.0
2618,136,2025-01-13,Absent,0.0,0.0
2619,136,2025-01-31,Absent,0.0,0.0
2620,136,2025-07-23, Present,7.1,0.0
2621,137,21/01/2025,Leave,0.0,0.0
2622,137,2025-09-19,Present,8.5,0.0
2623,137,05/03/2025,Absent,0.0,0.0
2624,137,2025-05-15,Present,8.8,0.0
2625,137,2025-02-27,Present,7.9,0.0
2626,137,2025-12-03,Late,6.5,0.0
2627,137,2025-09-05,Absent,0.0,0.0
2628,137,2025-02-19,Late,6.6,0.0
2629,137,23-Aug-2025,Present,9.3,0.0
2630,137,2025-05-06,Present,7.2,0.0
2631,137,2025-12-19,Present,7.5,0.0
2632,137,2025-12-25,Absent,0.0,0.0
2633,138,2025-05-21,Present,,0.0
2634,138,2025-03-17,Present,9.2,3.3
2635,138,2025-07-09,Present,8.4,0.0
2636,138,2025-06-07,Present,7.2,0.0
2637,138,21-Nov-2025,Present,7.7,0.0
2638,138,2025-12-11,Present,7.7,0.0
2639,138,2025-12-22,Late,6.2,
2640,138,2025-07-16,Present,7.6,0.0
2641,138,2025-04-19,Present,7.2,3.1
2642,138,2025-01-07,Present,7.7,0.0
2643,138,2025-09-22,Present,8.1,0.0
2644,138,2025-03-29,Present,7.3,0.0
2645,138,2025-10-28,Present,9.0,0.0
2646,138,2025-07-11,Present,8.4,0.0
2647,138,2025-11-28,Late,7.2,0.0
2648,138,31/03/2025,Present,8.2,0.0
2649,138,12-09-2025,Present,9.4,0.0
2650,138,2025-06-08,Leave,0.0,0.0
2651,138,18-Mar-2025,Present,9.2,0.0
2652,138,2025-03-03,Present,8.4,0.0
2653,138,24/08/2025,Present,9.3,0.0
2654,138,07-Jan-2025,Present,7.8,0.0
2655,138,2025-09-26,Present,7.9,0.0
2656,138,2025-07-06,Present,7.1,0.0
2657,139,2025-02-20,Present,8.5,0.0
2658,139,2025-05-19,Present,8.8,0.0
2659,139,2025-10-03,Present,8.9,0.0
2660,139,2025-01-29,Present,7.4,0.0
2661,139,06/05/2025,Present,8.1,0.0
2662,139,2025-12-20,Present,7.4,0.0
2663,139,27-Apr-2025,Present,8.7,0.0
2664,139,2025-01-21,Present,7.4,0.0
2665,139,2025-05-23,Absent,0.0,0.0
2666,139,2025-04-08,Present,9.3,0.0
2667,139,2025-03-09,Present,7.6,1.5
2668,139,2025-04-27,Present,9.1,0.0
2669,140,2025-09-02,Present,8.1,0.0
2670,140,2025-01-27,Leave,0.0,0.0
2671,140,2025-11-21,ABSENT,0.0,0.0
2672,140,02/09/2025,Absent,0.0,0.0
2673,140,2025-02-12,Present,7.1,2.2
2674,140,2025-10-29,Absent,0.0,0.0
2675,140,2025-09-07,LATE,4.8,3.9
2676,140,2025-08-09, Present,8.5,1.4
2677,140,2025-08-15,Present,8.4,0.0
2678,140,22/11/2025,PRESENT,7.2,0.0
2679,140,2025-01-01,Late,6.9,0.0
2680,140,2025-05-19,Present,9.3,0.0
2681,140,2025-09-17,Present,9.2,0.0
2682,140,2025-11-27,Late,5.5,0.0
2683,140,2025-05-08,Present,7.8,0.0
2684,141,15/09/2025,Present,7.1,0.0
2685,141,2025-04-04,Present,8.6,
2686,141,2025-09-18,Present,8.3,0.0
2687,141,03-Feb-2025,Present,8.1,0.0
2688,141,2025-02-18,Present,9.3,0.0
2689,141,2025-11-23,Present,7.4,0.0
2690,141,2025-04-10,Present,7.0,0.0
2691,141,2025-04-20,Present,7.2,0.0
2692,141,2025-09-29,Present,7.6,0.0
2693,141,2025-11-09,Present,7.1,0.0
2694,141,2025-06-15,Leave,0.0,0.0
2695,141,07-22-2025,Present,8.3,0.0
2696,141,2025-11-09,Present,7.8,0.0
2697,141,2025-09-22,Present,7.5,0.0
2698,141,02-Aug-2025,Present,8.9,0.0
2699,141,2025-05-15,Present,7.5,0.0
2700,141,2025-06-05,Present,8.7,0.0
2701,141,2025-07-01,Present,7.9,0.0
2702,141,2025-06-07,Present,8.3,0.0
2703,141,2025-08-02,Absent,0.0,0.0
2704,141,2025-07-26, Absent,0.0,0.0
2705,141,07-29-2025,present,9.3,0.0
2706,141,08-22-2025,Present,7.1,2.3
2707,141,2025-12-27,Present,9.1,0.0
2708,141,2025-05-12,Present,8.5,0.0
2709,141,2025-06-14,present,7.7,0.0
2710,141,13/10/2025,Present,8.0,0.0
2711,141,2025-04-21,Present,8.7,
2712,141,2025-05-21,Late,7.2,0.0
2713,141,2025-06-16,Present,7.1,0.0
2714,141,10-31-2025,Present,,0.0
2715,141,2025-01-24,Present,7.8,0.0
2716,141,2025-12-28,Present,7.6,0.0
2717,141,2025-11-07,Present,7.7,1.3
2718,142,29/01/2025,Present,7.5,0.0
2719,142,2025-07-09,Present,7.3,0.0
2720,142,2025-08-30,Late,7.3,0.0
2721,142,2025-06-16,Present,7.4,0.0
2722,142,2025-03-19,Present,7.5,0.0
2723,142,2025-10-21,Present,7.6,3.8
2724,142,2025-05-06,Present,8.9,0.0
2725,142,05/12/2025,Present,9.0,0.0
2726,142,05-30-2025,Present,7.3,3.4
2727,142,04-Feb-2025,Present,8.0,0.0
2728,142,2025-06-10,Present,7.7,0.0
2729,142,17/08/2025,Present,8.4,0.0
2730,142,2025-06-14,Present,9.1,0.0
2731,142,2025-06-20,Present,8.9,0.0
2732,142,2025-05-13,Present,9.2,0.0
2733,142,2025-01-12,Late,7.3,0.0
2734,142,2025-08-07,Present,7.6,0.0
2735,142,2025-01-25,Present,8.1,0.6
2736,142,2025-09-20,Present,9.2,0.0
2737,142,2025-01-17,Present,7.4,0.0
2738,142,2025-06-17,Present,9.2,0.0
2739,142,2025-10-22,Present,7.8,1.8
2740,142,2025-02-08,Present,7.1,0.0
2741,142,2025-02-27,Present,7.8,0.0
2742,142,2025-02-14,Present,9.2,0.0
2743,142,29-Nov-2025,Present,7.1,0.0
2744,142,17/12/2025,Present,8.0,0.0
2745,142,2025-08-20,Present,7.1,0.0
2746,142,03-19-2025,Present,7.9,1.1
2747,142,2025-11-28,Present,7.6,0.0
2748,142,2025-12-21,PRESENT,9.2,0.0
2749,142,2025-01-11,Present,8.1,0.0
2750,142,2025-11-16,Present,7.7,2.6
2751,143,26/04/2025,Present,7.4,0.0
2752,143,2025-04-25,Present,7.6,0.0
2753,143,2025-09-30,Present,8.4,0.0
2754,143,10-22-2025,present,7.6,0.0
2755,143,2025-10-23,Absent,0.0,0.0
2756,143,2025-03-17,Late,6.5,0.0
2757,143,2025-01-14,Present,8.2,0.0
2758,143,2025-01-21,Present,8.9,0.0
2759,143,2025-02-05,Present,9.4,0.0
2760,143,2025-04-28,Present,7.3,0.0
2761,143,2025-03-25,Present,7.8,0.0
2762,143,04-22-2025,Present,7.8,1.0
2763,143,2025-08-14,Absent,0.0,0.0
2764,143,2025-07-12,Absent,0.0,0.0
2765,143,2025-04-17,Present,9.0,0.0
2766,143,2025-07-24, Late,6.8,0.0
2767,143,2025-10-30,Present,8.2,2.4
2768,143,2025-03-31,Present,7.1,0.0
2769,144,2025-09-22,ABSENT,0.0,0.0
2770,144,2025-04-18,Absent,0.0,0.0
2771,144,2025-09-08,Present,8.4,0.0
2772,144,2025-06-12,Absent,0.0,0.0
2773,144,18-Apr-2025,Present,9.0,0.0
2774,144,2025-07-04,Absent,0.0,0.0
2775,144,2025-09-18,Absent,0.0,
2776,144,2025-08-22,Absent,0.0,0.0
2777,144,2025-07-14,Present,8.4,0.0
2778,144,2025-02-21,Absent,0.0,0.0
2779,144,2025-06-08,Present,7.7,0.0
2780,144,2025-11-30,Absent,0.0,0.0
2781,144,2025-12-26,Absent,0.0,0.0
2782,144,26/11/2025,Present,8.7,0.0
2783,144,2025-01-09,Present,7.9,0.0
2784,144,2025-11-28,Present,8.4,2.2
2785,144,2025-05-08,Absent,0.0,0.0
2786,144,2025-01-05,Absent,0.0,0.0
2787,144,2025-03-21,Absent,0.0,0.0
2788,145,2025-08-29,Present,8.0,3.0
2789,145,2025-04-18,Present,9.2,0.0
2790,145,2025-07-10,Present,7.0,0.0
2791,145,2025-08-03,Absent,0.0,0.0
2792,145,2025-09-23,Present,9.3,0.0
2793,145,2025-12-09,Absent,0.0,0.0
2794,145,26-Feb-2025,Present,8.3,3.0
2795,145,2025-04-15,Absent,0.0,0.0
2796,145,11-17-2025,Late,7.1,0.0
2797,145,2025-11-15,Absent,0.0,0.0
2798,145,2025-01-14,Late,5.9,0.0
2799,145,01-18-2025,Present,9.1,1.1
2800,145,28-Jul-2025,Absent,0.0,0.0
2801,145,2025-07-13,Present,7.4,0.0
2802,145,2025-03-28,Absent,0.0,0.0
2803,145,2025-01-08,Late,6.5,0.0
2804,145,2025-08-03,Present,9.2,3.6
2805,145,2025-09-01,Present,8.6,0.0
2806,146,2025-10-02,Present,8.3,0.0
2807,146,2025-11-23,Absent,0.0,0.0
2808,146,2025-09-01,Present,7.8,0.0
2809,146,03-07-2025,Present,9.5,0.0
2810,146,2025-11-11,Present,7.8,3.1
2811,146,10/09/2025,Present,8.3,0.0
2812,146,2025-04-11,Late,6.3,0.0
2813,146,2025-03-15,Present,8.0,3.9
2814,146,2025-02-18,Present,8.4,0.0
2815,146,2025-11-11,Late,7.3,0.0
2816,146,2025-04-05,Present,7.0,0.0
2817,146,2025-12-30,Present,8.4,0.0
2818,146,2025-09-24,present,8.8,0.0
2819,146,2025-05-17,Present,8.9,3.7
2820,146,2025-08-05,Present,7.0,0.5
2821,146,01-18-2025,Present,8.2,0.0
2822,146,2025-11-20,Absent,0.0,0.0
2823,146,12-Apr-2025,Present,7.1,3.9
2824,146,2025-11-21,Absent,0.0,0.0
2825,146,02/05/2025,Leave,0.0,
2826,146,2025-06-15,Absent,0.0,0.0
2827,146,2025-09-04,Present,7.6,0.0
2828,146,2025-11-18,Present,8.2,0.0
2829,146,2025-07-27,Present,7.2,0.0
2830,146,15/11/2025,Present,8.3,0.0
2831,146,2025-05-24,Present,7.9,0.0
2832,146,22/06/2025,Present,7.1,0.0
2833,146,2025-05-11,PRESENT,7.8,0.0
2834,146,2025-10-09,Present,8.0,
2835,146,06-25-2025,Present,7.5,0.0
2836,146,2025-07-07,Present,8.4,4.0
2837,146,06-Oct-2025,Late,6.9,0.0
2838,146,2025-08-23,present,9.5,3.9
2839,146,2025-12-31,Present,8.2,0.0
2840,147,07/06/2025,Present,8.7,0.0
2841,147,2025-02-12,Present,7.3,0.0
2842,147,2025-04-04,Present,8.1,0.0
2843,147,2025-09-19,Present,9.0,0.0
2844,147,2025-04-24,Present,8.3,0.0
2845,147,2025-07-01,Present,8.8,0.0
2846,147,2025-10-16,Present,8.9,0.0
2847,147,30-Sep-2025,Present,7.6,0.0
2848,147,09-29-2025,Present,9.2,0.0
2849,147,2025-12-15,Present,8.1,0.0
2850,147,13/11/2025,Present,7.5,0.0
2851,147,2025-03-19,Present,9.2,0.0
2852,147,2025-08-06,Present,8.0,0.0
2853,147,2025-07-25,Present,8.9,0.0
2854,147,2025-08-04,Present,8.4,-0.0
2855,147,2025-03-11,Present,8.0,0.0
2856,147,2025-02-08,Present,9.0,0.0
2857,147,09-Jun-2025,Present,8.5,0.0
2858,147,2025-11-01,Present,8.0,0.9
2859,147,07-30-2025,Present,9.2,0.0
2860,147,2025-03-24,Present,7.1,
2861,148,2025-05-05,Present,9.2,0.0
2862,148,08-03-2025,Present,7.9,0.0
2863,148,2025-06-29,Late,6.4,0.0
2864,148,22/05/2025,Leave,0.0,0.0
2865,148,2025-07-25,Late,7.3,0.0
2866,148,2025-12-11,Leave,0.0,0.0
2867,148,16-Aug-2025,Leave,0.0,0.0
2868,148,2025-05-22,Present,7.4,2.5
2869,148,03-02-2025,Present,8.9,0.0
2870,148,2025-11-18,PRESENT,8.9,-0.0
2871,148,2025-08-13,Present,8.3,2.7
2872,148,09/11/2025,Present,8.9,3.4
2873,148,24/06/2025,Present,8.9,0.0
2874,148,2025-01-21,Present,7.9,0.0
2875,148,2025-02-27,Present,9.5,0.0
2876,148,2025-03-28,Present,8.1,
2877,148,2025-09-07,Present,7.1,0.0
2878,148,2025-02-22,Late,5.6,
2879,148,2025-11-03,Present,7.3,0.0
2880,148,2025-12-07,Present,7.3,0.0
2881,149,2025-08-10,Present,7.7,0.0
2882,149,2025-05-24,Present,7.1,0.0
2883,149,2025-05-09,Present,8.7,0.0
2884,149,2025-12-08,Present,7.2,0.0
2885,149,2025-02-12,Absent,0.0,0.0
2886,149,2025-09-06,Late,5.1,0.0
2887,149,2025-10-30,Present,7.2,0.0
2888,149,2025-12-29,Present,7.2,0.0
2889,149,17-Oct-2025,Present,7.7,0.0
2890,149,2025-12-08,Present,8.4,0.0
2891,149,2025-10-30,Present,9.4,0.0
2892,149,02-20-2025,Present,9.2,3.6
2893,149,03/05/2025,Present,7.4,0.0
2894,149,2025-11-06,PRESENT,7.7,0.0
2895,149,2025-01-21,Present,7.2,0.0
2896,149,2025-08-24,Present,8.9,0.0
2897,149,2025-07-24,PRESENT,7.2,0.0
2898,149,10-Aug-2025,Present,8.4,1.4
2899,149,2025-10-18,Absent,0.0,0.0
2900,149,2025-11-19,Present,7.6,4.0
2901,149,2025-07-31,Present,8.9,0.0
2902,149,10-May-2025,Present,9.1,0.0
2903,149,2025-06-30,Present,8.4,0.0
2904,149,2025-08-17,Present,9.2,0.0
2905,149,2025-12-24,Present,8.6,0.0
2906,149,24/03/2025,Absent,0.0,0.0
2907,149,2025-10-08,Present,9.4,0.0
2908,149,2025-06-28,Present,7.7,0.0
2909,149,2025-09-13,Present,8.5,0.0
2910,150,2025-11-12,Present,8.7,0.0
2911,150,2025-04-27,Present,8.0,0.0
2912,150,2025-02-16,Present,9.2,0.0
2913,150,2025-09-12,Present,9.4,0.0
2914,150,2025-04-14,Present,8.2,0.0
2915,150,2025-06-29,Present,8.0,0.0
2916,151,2025-07-05,Present,8.2,0.0
2917,151,2025-06-15,Absent,0.0,0.0
2918,151,2025-04-08,Present,9.1,0.0
2919,151,2025-12-25, Present,8.6,0.0
2920,151,14-Oct-2025,Present,7.1,0.0
2921,151,2025-12-23,Absent,0.0,0.0
2922,151,17-Feb-2025,Absent,-0.0,0.0
2923,151,2025-11-03,Present,8.4,0.0
2924,151,05-15-2025,Absent,0.0,
2925,151,2025-06-24,Present,7.0,0.0
2926,151,17/07/2025,Absent,0.0,0.0
2927,151,2025-05-31,Present,8.9,0.0
2928,151,2025-06-15,Present,7.8,0.0
2929,151,21/01/2025,Absent,0.0,0.0
2930,151,2025-03-21,Present,8.2,0.0
2931,151,2025-09-11,absent,0.0,0.0
2932,151,2025-12-22,Present,9.0,0.0
2933,151,2025-04-26,Leave,0.0,
2934,151,2025-04-21,Absent,0.0,0.0
2935,151,2025-06-01,Absent,0.0,0.0
2936,151,2025-01-11,present,7.1,0.0
2937,151,13-Aug-2025,Late,5.0,0.0
2938,151,2025-10-18,Absent,0.0,0.0
2939,152,2025-04-06,Present,8.0,0.0
2940,152,2025-11-18,Present,7.6,0.0
2941,152,2025-07-18,Present,7.8,0.0
2942,152,2025-07-06,Present,9.5,0.0
2943,152,2025-07-09,Present,9.1,0.0
2944,152,2025-05-01,Present,9.2,0.0
2945,152,21-Dec-2025,Late,7.3,0.0
2946,152,2025-12-26,Present,7.9,0.0
2947,152,2025-03-07,Late,5.4,0.0
2948,152,09-17-2025,Present,7.6,0.0
2949,152,2025-02-23,Present,9.1,0.0
2950,152,2025-06-28,Present,8.7,0.0
2951,152,2025-10-11,Present,7.6,0.0
2952,152,2025-05-18,Present,7.9,2.3
2953,153,2025-11-13,Present,8.3,0.0
2954,153,2025-02-03,Present,9.2,0.0
2955,153,2025-10-14,Present,8.0,0.0
2956,153,27/06/2025,Present,9.3,0.0
2957,153,2025-02-02,Present,8.1,3.1
2958,153,2025-05-22,Present,9.3,0.0
2959,153,15-Jan-2025,Present,9.3,
2960,153,2025-12-27,Present,7.1,1.2
2961,153,2025-07-22,Late,5.9,0.0
2962,153,2025-10-03,Present,8.1,0.0
2963,153,30-Apr-2025,Present,8.6,0.0
2964,153,2025-07-28,Absent,0.0,0.0
2965,153,2025-10-04,Present,9.4,0.0
2966,153,2025-01-04,Present,7.3,2.1
2967,153,2025-07-03,Present,7.5,0.0
2968,153,2025-02-06,Present,9.2,0.0
2969,153,2025-03-24,Present,9.4,0.0
2970,153,04/11/2025,Present,8.2,0.0
2971,153,04-03-2025,Absent,0.0,0.0
2972,153,2025-09-11,Present,7.3,0.0
2973,153,2025-02-18,Present,9.0,0.0
2974,153,12-17-2025,Present,8.7,0.0
2975,153,2025-12-23,Present,7.9,0.0
2976,153,2025-04-04,Absent,0.0,0.0
2977,153,2025-07-01,Late,7.2,0.0
2978,153,2025-05-10,Present,9.4,0.0
2979,153,2025-07-25,Late,6.2,0.0
2980,153,2025-11-28,Present,8.4,0.0
2981,153,2025-02-18,Present,7.7,2.5
2982,153,2025-11-07,Absent,0.0,0.0
2983,153,2025-10-13,Absent,0.0,0.0
2984,153,11/07/2025,Absent,0.0,0.0
2985,153,01-01-2025,Present,8.1,0.0
2986,153,2025-01-03,Present,7.8,0.0
2987,153,2025-10-18,Present,7.2,0.0
2988,153,2025-03-30,Late,5.3,0.0
2989,154,2025-04-04,Present,7.5,0.0
2990,154,2025-02-19,Present,8.4,0.0
2991,154,2025-11-04,Late,6.3,0.0
2992,154,14-Aug-2025,Present,8.5,0.0
2993,154,04-01-2025,Present,8.0,0.0
2994,154,2025-08-16,Absent,0.0,0.0
2995,154,01-20-2025,Present,8.1,0.0
2996,154,2025-03-03,Present,9.1,0.0
2997,154,05-30-2025,absent,0.0,0.0
2998,154,2025-12-16,Absent,0.0,0.0
2999,154,2025-09-23,Absent,0.0,0.0
3000,154,2025-02-21,Present,8.2,0.0
3001,154,2025-11-10,Present,9.5,0.0
3002,154,2025-12-04,Present,8.1,0.0
3003,154,2025-08-18,Present,8.6,0.0
3004,154,2025-02-03,Absent,0.0,0.0
3005,154,2025-07-07,Absent,0.0,0.0
3006,154,09/09/2025,Absent,0.0,0.0
3007,154,2025-07-26,Absent,0.0,0.0
3008,154,2025-01-31,Present,7.1,0.0
3009,154,2025-12-04,Present,8.6,0.0
3010,154,2025-02-20,Present,9.1,3.8
3011,154,2025-12-02,Absent,0.0,0.0
3012,154,2025-09-27,Present,9.5,0.0
3013,154,2025-09-25,Late,5.3,0.0
3014,155,2025-04-13,Present,8.4,2.1
3015,155,2025-04-12,Present,8.4,0.0
3016,155,2025-07-26,Present,7.4,3.5
3017,155,01-13-2025,Present,9.3,0.0
3018,155,2025-09-05,Present,8.1,0.0
3019,155,2025-05-28,Present,7.7,0.0
3020,155,2025-09-28,Present,7.4,0.0
3021,155,2025-02-15,Present,8.7,0.0
3022,155,2025-10-20,Present,7.8,0.0
3023,155,2025-01-25,Present,9.3,2.8
3024,155,2025-06-05,Present,8.6,0.0
3025,155,2025-10-03,Absent,0.0,0.0
3026,155,2025-12-17,Present,8.4,0.0
3027,155,2025-09-26,Present,7.1,
3028,155,12-15-2025,Present,9.3,0.0
3029,155,2025-02-20,Present,,0.0
3030,155,2025-04-24,Present,,2.4
3031,156,2025-04-15,Present,8.8,0.0
3032,156,2025-11-10,Absent,0.0,0.0
3033,156,15-Jul-2025,Present,7.1,0.0
3034,156,2025-05-29,Absent,0.0,
3035,156,2025-05-04,Present,8.6,0.0
3036,156,2025-06-19,Present,8.9,0.0
3037,156,2025-04-27,Present,8.9,
3038,156,2025-01-23,Late,6.8,0.0
3039,156,2025-11-15,Present,,0.0
3040,156,2025-08-05,Present,9.4,0.0
3041,156,17/11/2025,Present,9.5,
3042,156,2025-12-01,Present,7.2,0.0
3043,156,2025-12-20,Absent,0.0,0.0
3044,156,31/07/2025,present,9.3,0.0
3045,156,2025-04-08,Present,7.7,0.0
3046,156,2025-11-04, Absent,0.0,0.0
3047,156,2025-12-21,Present,8.7,0.0
3048,156,2025-08-18,Late,5.5,0.0
3049,157,2025-02-06,Present,9.4,0.9
3050,157,2025-09-08,Absent,0.0,0.0
3051,157,2025-10-02,Present,8.2,0.0
3052,157,2025-05-12,Present,8.1,0.0
3053,157,2025-12-22,Present,7.8,0.0
3054,157,2025-05-26,Present,8.6,0.0
3055,157,2025-03-03,Present,7.3,0.0
3056,157,2025-04-14,Present,8.8,0.0
3057,157,2025-09-12,Late,7.4,0.0
3058,157,2025-01-19,Present,9.0,3.5
3059,157,2025-04-28,Absent,0.0,0.0
3060,157,18-Jul-2025,Late,5.6,0.0
3061,157,2025-02-04,Late,5.5,0.0
3062,157,2025-08-13,Present,8.3,0.0
3063,157,2025-01-22,Present,7.1,0.0
3064,157,2025-04-07,Present,9.4,
3065,157,2025-01-23,Present,7.4,0.0
3066,157,2025-06-24,Present,9.3,0.0
3067,157,2025-03-31,Present,7.2,0.0
3068,158,2025-11-26,Absent,0.0,0.0
3069,158,07-14-2025,Absent,0.0,0.0
3070,158,2025-05-30,Present,9.1,0.0
3071,158,2025-11-18,Absent,0.0,0.0
3072,158,12-03-2025,Present,7.4,0.6
3073,158,2025-08-14,Absent,0.0,0.0
3074,158,06-May-2025,Present,8.8,0.0
3075,158,2025-03-24,Absent,0.0,
3076,158,2025-06-12,Absent,0.0,0.0
3077,158,2025-12-17,Absent,0.0,0.0
3078,158,2025-09-23,Present,7.7,0.0
3079,158,2025-03-28,Present,8.8,0.0
3080,158,2025-01-20,Absent,0.0,0.0
3081,158,2025-02-23,present,8.4,0.9
3082,158,2025-01-02,Present,9.3,0.0
3083,158,2025-10-18,absent,0.0,0.0
3084,158,2025-04-25,Present,8.1,3.1
3085,158,2025-10-07,Absent,0.0,0.0
3086,158,2025-11-29,Present,8.3,0.0
3087,158,2025-10-20,Present,8.5,0.0
3088,159,2025-11-12,Present,7.8,0.0
3089,159,02-May-2025,Present,7.5,0.0
3090,159,2025-06-26,Present,8.4,0.0
3091,159,2025-09-03,Present,8.1,0.0
3092,159,2025-10-02,Present,8.0,0.0
3093,159,2025-05-27,Present,8.7,0.0
3094,159,2025-07-18,Present,8.7,0.0
3095,159,2025-07-08,Present,7.1,0.0
3096,159,2025-06-03,Absent,0.0,0.0
3097,159,2025-08-24,Present,7.8,0.0
3098,159,2025-04-27,Present,8.0,0.8
3099,159,2025-11-17,Present,7.6,0.0
3100,159,2025-08-04,Present,7.1,0.0
3101,159,2025-08-20,Present,9.5,0.0
3102,159,2025-07-06,Present,8.8,0.0
3103,159,2025-03-10,Present,7.2,
3104,159,22-Apr-2025,PRESENT,,
3105,159,2025-12-04,Present,8.8,0.0
3106,159,2025-08-26,Present,8.1,0.0
3107,159,2025-07-29,Present,9.0,0.0
3108,159,21/07/2025,Absent,0.0,0.0
3109,159,2025-02-25,Present,9.3,0.0
3110,159,2025-11-16,Present,8.5,0.0
3111,159,2025-06-22,Present,7.5,0.0
3112,159,16/07/2025,Present,9.0,0.0
3113,159,15/08/2025,Absent,0.0,0.0
3114,159,16/04/2025,Present,9.4,0.0
3115,160,2025-05-20,Present,8.5,0.0
3116,160,2025-03-21,Present,8.7,0.0
3117,160,2025-04-12,Present,7.8,0.0
3118,160,2025-05-06,Present,8.0,3.1
3119,160,2025-09-07,Present,9.3,0.0
3120,160,2025-11-10,Present,8.6,0.0
3121,160,2025-01-19,Present,9.0,0.0
3122,160,2025-02-13,Absent,0.0,0.0
3123,160,2025-01-28,Present,7.4,1.2
3124,160,2025-07-02,Present,8.3,0.0
3125,160,2025-04-20,Present,7.4,2.7
3126,160,2025-11-16,Present,7.7,0.0
3127,160,2025-08-17,Present,9.0,0.0
3128,160,2025-05-29,Present,9.0,0.0
3129,160,2025-03-23,Present,8.2,0.0
3130,160,2025-08-01,Leave,0.0,0.0
3131,160,11-13-2025,Present,7.5,0.0
3132,160,2025-11-18,present,8.6,0.0
3133,160,2025-12-20,Present,9.5,0.0
3134,160,2025-02-28,Present,8.6,0.6
3135,161,2025-08-16,Late,4.6,1.6
3136,161,2025-07-15,Present,7.5,0.0
3137,161,2025-01-11,Present,9.0,0.0
3138,161,2025-07-05,Present,9.1,0.0
3139,161,2025-04-04,Present,7.6,1.6
3140,161,2025-09-09,Present,7.6,0.0
3141,161,2025-06-23,Present,9.3,0.0
3142,161,2025-02-05,Leave,0.0,0.0
3143,161,2025-11-16,Present,8.3,0.0
3144,161,18-Mar-2025,Late,6.5,
3145,161,09/12/2025,Present,8.0,0.0
3146,161,2025-05-30,Present,8.6,0.0
3147,161,2025-02-12,Present,8.0,0.0
3148,162,2025-09-11,Absent,0.0,0.0
3149,162,2025-10-30,Present,,0.0
3150,162,2025-05-10,Late,6.4,0.0
3151,162,2025-09-24,Present,8.5,1.5
3152,162,2025-06-13,Present,7.4,1.8
3153,162,2025-05-03,Present,8.0,0.0
3154,162,10/08/2025,Present,8.6,0.0
3155,162,2025-12-03,Present,9.3,0.6
3156,162,2025-10-10,Absent,0.0,0.0
3157,162,2025-11-16,Absent,0.0,0.0
3158,162,2025-10-21,Absent,0.0,0.0
3159,162,2025-07-14,Late,5.2,0.0
3160,162,2025-07-18,Absent,0.0,0.0
3161,162,2025-12-11,Present,7.5,0.0
3162,162,2025-07-07,Present,8.3,0.0
3163,162,06/08/2025,Present,,0.0
3164,162,2025-06-27,Present,8.8,0.0
3165,162,08/09/2025,Present,7.6,2.6
3166,162,2025-08-19,Present,9.2,3.7
3167,162,12-08-2025,Present,9.4,0.0
3168,162,2025-02-28,Absent,0.0,0.0
3169,162,2025-03-07,Present,8.9,3.7
3170,162,2025-02-08,Late,5.2,1.2
3171,162,2025-10-20,Present,7.0,0.0
3172,162,2025-02-08,Absent,0.0,0.0
3173,162,2025-01-07,Present,8.8,0.0
3174,162,2025-11-13,Absent,0.0,0.0
3175,162,2025-10-26,Present,9.3,0.0
3176,162,2025-08-24,Present,7.5,0.0
3177,162,07-Dec-2025,Absent,0.0,0.0
3178,162,2025-03-04,Absent,0.0,0.0
3179,163,03-13-2025,Late,6.4,
3180,163,2025-02-11,Late,6.7,0.0
3181,163,2025-02-16,Absent,0.0,0.0
3182,163,2025-12-18,Present,9.3,
3183,163,2025-02-10,Present,9.4,0.0
3184,163,09/04/2025,Present,7.9,0.0
3185,163,2025-09-11,Present,7.9,0.0
3186,163,05-28-2025,Present,8.4,0.0
3187,163,01-Feb-2025,Present,8.0,0.0
3188,163,10/02/2025,Late,4.5,0.0
3189,163,2025-03-15,Present,8.8,0.0
3190,163,04-07-2025,Present,8.9,0.0
3191,163,2025-02-08,Late,6.7,0.0
3192,163,2025-04-27,Late,5.5,0.0
3193,163,2025-10-31,Present,8.3,0.0
3194,163,24/11/2025,Present,7.9,0.0
3195,163,2025-06-26,Present,7.0,0.0
3196,163,2025-12-02,Present,8.4,0.0
3197,163,2025-05-25,Present,7.3,0.8
3198,163,02/02/2025,Present,,0.0
3199,163,2025-01-31,Present,7.0,0.0
3200,163,10-Feb-2025,Present,9.4,0.0
3201,163,2025-08-17,Absent,0.0,0.0
3202,164,2025-12-12,Absent,0.0,0.0
3203,164,2025-10-29,Present,8.3,0.0
3204,164,2025-12-24,Present,9.5,0.0
3205,164,2025-02-03,Present,7.1,0.0
3206,164,2025-06-13,Late,6.3,0.0
3207,164,09-03-2025,Absent,0.0,0.0
3208,164,06-03-2025,Present,7.9,0.0
3209,164,2025-04-08,Absent,0.0,0.0
3210,164,2025-03-29,Absent,0.0,0.0
3211,164,2025-06-30,Late,7.0,0.0
3212,164,16-Jun-2025,Present,7.9,
3213,164,2025-07-26,Leave,0.0,0.0
3214,164,2025-08-26,Late,5.3,3.5
3215,164,17/07/2025,Late,5.6,0.6
3216,164,2025-03-13,Present,8.0,0.0
3217,164,2025-11-20,Absent,0.0,0.0
3218,164,2025-07-07,Absent,0.0,0.0
3219,164,2025-12-05,Present,8.6,0.0
3220,164,05-Apr-2025,Absent,0.0,0.0
3221,164,2025-01-09,Late,5.3,2.0
3222,164,2025-06-22,Absent,0.0,0.0
3223,164,2025-09-12, Late,4.7,0.0
3224,164,09-Oct-2025,absent,0.0,0.0
3225,164,2025-04-08,Present,,0.0
3226,164,2025-08-10,Late,6.8,0.0
3227,164,2025-09-07,Present,8.0,2.0
3228,164,2025-02-24,Absent,0.0,0.0
3229,164,2025-06-15,Present,7.2,0.0
3230,164,2025-03-14,Absent,0.0,0.0
3231,164,2025-09-11,Present,7.5,0.0
3232,164,2025-01-07,Present,7.4,0.0
3233,164,2025-06-23,Present,8.2,0.0
3234,164,2025-08-08,Present,8.3,0.0
3235,164,29/09/2025,Absent,0.0,0.0
3236,165,2025-07-11,Present,9.4,-0.0
3237,165,2025-07-09,Present,7.2,0.0
3238,165,2025-01-10,Absent,0.0,0.0
3239,165,2025-08-02,Absent,0.0,0.0
3240,165,2025-06-17,Present,8.5,0.0
3241,165,2025-06-10,Present,8.3,0.0
3242,165,09-01-2025,Present,8.3,0.0
3243,165,2025-10-23,Present,9.2,0.0
3244,165,03-07-2025,Present,7.5,0.0
3245,165,2025-10-21,Present,7.1,0.0
3246,165,2025-10-31,Present,8.7,0.0
3247,165,2025-05-08,Late,5.5,0.0
3248,165,2025-01-10,Absent,0.0,0.0
3249,165,2025-02-18,Absent,0.0,0.0
3250,165,03-17-2025,PRESENT,7.0,1.4
3251,165,2025-09-09,Late,5.4,0.0
3252,165,17/05/2025,Absent,0.0,0.0
3253,165,2025-07-19,Present,8.5,0.0
3254,165,2025-05-22,Present,7.4,0.0
3255,165,2025-01-31,Late,5.7,0.0
3256,165,02-Jan-2025,Absent,0.0,0.0
3257,165,2025-11-14,Late,5.9,2.1
3258,165,2025-05-20,Present,9.4,0.0
3259,165,2025-06-10,Present,7.1,0.0
3260,165,2025-11-27,Absent,0.0,0.0
3261,165,02-Nov-2025,Present,9.4,0.0
3262,165,2025-02-01,Present,8.5,0.0
3263,165,16-Sep-2025,Absent,0.0,0.0
3264,165,2025-07-12,Absent,0.0,0.0
3265,165,2025-01-06,Absent,0.0,
3266,165,2025-04-15,Absent,0.0,0.0
3267,165,2025-01-13,Absent,0.0,0.0
3268,165,2025-11-26,Present,9.0,2.0
3269,166,2025-08-27,Present,8.1,0.0
3270,166,2025-08-17,Present,9.2,0.0
3271,166,2025-11-01,Late,7.2,0.0
3272,166,2025-05-21,Late,5.2,0.0
3273,166,2025-11-07,Late,5.1,0.0
3274,166,2025-03-07,Absent,0.0,0.0
3275,166,09/01/2025,Absent,0.0,0.0
3276,166,2025-06-17,Present,8.2,0.0
3277,166,2025-06-11,Present,9.3,0.0
3278,166,2025-01-14,Present,7.8,0.0
3279,166,2025-07-22,Absent,0.0,0.0
3280,166,2025-11-10,Present,8.6,3.0
3281,166,05-25-2025,Absent,0.0,0.0
3282,166,2025-10-19,Absent,0.0,0.0
3283,167,2025-09-19,Absent,0.0,0.0
3284,167,2025-03-09,Present,8.9,0.0
3285,167,2025-03-13,Leave,0.0,0.0
3286,167,2025-09-25,Leave,0.0,0.0
3287,167,2025-05-01,Late,,0.0
3288,167,2025-07-02,Present,8.0,0.0
3289,167,2025-02-05,Present,9.4,0.0
3290,167,2025-09-26,Present,8.5,0.0
3291,167,22-Dec-2025, Leave,0.0,0.0
3292,167,2025-02-15,Present,8.8,0.0
3293,167,01-Mar-2025,Present,7.9,0.0
3294,167,2025-04-27,Present,8.7,0.0
3295,167,2025-10-13,Absent,,0.0
3296,167,2025-11-26,Present,7.6,0.0
3297,168,2025-01-22,Absent,0.0,0.0
3298,168,2025-04-30,Present,7.6,0.0
3299,168,2025-03-12,PRESENT,8.8,0.0
3300,168,11-21-2025,Present,8.3,2.9
3301,168,29/05/2025,Present,7.7,0.0
3302,168,12-23-2025,Late,6.3,2.1
3303,168,2025-04-13,Present,8.5,0.0
3304,168,2025-10-26,Present,7.7,0.0
3305,168,2025-02-11,Present,8.8,0.0
3306,168,2025-03-26,late,6.9,0.0
3307,168,2025-01-04,Present,7.6,0.0
3308,168,2025-05-25,Absent,0.0,0.0
3309,168,2025-07-11,Present,7.8,0.0
3310,168,2025-04-14,Present,8.7,0.0
3311,168,2025-04-11,Absent,0.0,0.0
3312,168,14/05/2025,LATE,6.6,0.0
3313,168,2025-08-20,Absent,0.0,0.0
3314,168,2025-11-05,Present,8.8,0.0
3315,168,2025-07-27,Absent,0.0,0.0
3316,168,2025-02-27,Absent,0.0,0.0
3317,168,2025-02-24,Present,8.7,0.0
3318,169,04-13-2025,Present,8.0,0.0
3319,169,2025-06-02,Present,8.0,0.0
3320,169,2025-10-31,Present,7.6,0.0
3321,169,28/01/2025,Present,7.4,0.0
3322,169,2025-05-10,Late,6.6,0.8
3323,169,2025-01-07,Late,7.3,0.0
3324,169,2025-06-20,Late,7.0,0.0
3325,169,2025-07-18,Present,9.1,0.0
3326,169,2025-07-20,Present,9.3,0.0
3327,169,09/09/2025, Present,8.0,0.0
3328,169,2025-12-08,Present,9.1,0.0
3329,169,2025-11-12,Absent,0.0,0.0
3330,169,2025-01-01,Present,7.4,0.0
3331,169,2025-01-06,Present,7.1,0.0
3332,169,05/06/2025,Present,9.0,0.0
3333,169,2025-03-23,Absent,0.0,0.0
3334,169,2025-07-08,Late,,0.0
3335,169,05-Aug-2025,Present,9.5,0.0
3336,169,05-24-2025,Present,8.7,3.1
3337,169,2025-01-18,Present,7.6,0.0
3338,169,2025-05-15,Present,8.7,0.0
3339,169,2025-04-15,Absent,0.0,0.0
3340,169,2025-11-22,Present,7.1,0.0
3341,169,16/01/2025,Present,9.1,0.0
3342,169,31/03/2025,Absent,0.0,0.0
3343,169,2025-02-14, Present,7.4,0.0
3344,169,2025-10-24,Present,8.7,0.0
3345,169,2025-01-12,Present,7.6,0.0
3346,169,2025-12-21,Absent,0.0,0.0
3347,169,2025-02-03,Present,7.2,0.0
3348,169,2025-01-20,Present,8.2,0.0
3349,169,2025-07-31,Absent,0.0,0.0
3350,169,01-07-2025,Present,7.4,3.1
3351,170,2025-02-02,Present,7.6,0.0
3352,170,2025-12-30,Present,7.9,0.0
3353,170,05-17-2025,Absent,0.0,0.0
3354,170,2025-05-20,Present,8.4,0.0
3355,170,2025-12-20,Present,7.7,1.8
3356,170,2025-11-29,Absent,0.0,0.0
3357,170,16/10/2025,Present,,0.0
3358,170,2025-12-26,Present,7.4,0.0
3359,170,2025-01-25,present,7.2,1.6
3360,170,08/07/2025,Present,8.1,0.0
3361,170,2025-03-25,Present,8.4,0.0
3362,170,2025-10-10,Present,7.9,0.0
3363,170,2025-11-24,Present,9.0,0.0
3364,170,2025-07-25,Present,7.1,0.0
3365,170,30/05/2025,Late,5.8,0.0
3366,170,11/09/2025,Present,,0.0
3367,170,2025-08-10,Absent,0.0,0.0
3368,170,2025-05-10,Present,8.6,0.0
3369,170,2025-07-03,Present,9.4,0.0
3370,170,2025-10-04,Present,8.3,0.0
3371,170,2025-01-22,Present,9.5,0.0
3372,170,2025-11-17,Late,5.4,0.0
3373,170,2025-11-20,Present,7.1,
3374,170,2025-10-21,Late,5.0,0.0
3375,170,2025-04-16,Present,8.0,0.0
3376,170,2025-08-03,Present,7.8,0.0
3377,170,2025-10-06,Absent,0.0,0.0
3378,170,2025-02-23,Present,7.2,0.0
3379,170,2025-10-09,Present,8.1,0.0
3380,170,2025-04-27,Present,7.8,0.0
3381,170,2025-09-08,Late,,0.0
3382,170,2025-07-11,Present,7.7,0.0
3383,170,2025-12-03,Present,9.2,0.0
3384,170,2025-06-29,Present,7.8,0.0
3385,171,2025-02-24,Late,6.6,0.0
3386,171,2025-03-21,Present,8.5,0.0
3387,171,2025-04-07,Present,8.1,0.0
3388,171,2025-09-16,Present,7.6,0.0
3389,171,2025-02-06,Present,7.9,0.0
3390,171,2025-07-27,Present,8.5,0.0
3391,171,2025-11-23,absent,0.0,0.0
3392,171,08/04/2025,Absent,,0.0
3393,171,2025-01-16,Present,7.9,0.0
3394,171,2025-12-15,Absent,0.0,0.0
3395,171,2025-05-10,Present,7.5,0.9
3396,171,2025-07-03,PRESENT,9.2,2.0
3397,171,2025-11-02,Present,8.6,0.0
3398,171,2025-04-17,Present,8.2,0.0
3399,171,2025-09-02,Present,9.2,0.0
3400,171,14-Dec-2025,Present,8.4,
3401,171,2025-06-13,Present,9.3,0.0
3402,171,2025-08-31,Present,8.8,0.0
3403,171,2025-10-03,Present,7.3,0.0
3404,171,2025-10-28,Present,7.4,0.0
3405,171,17-Dec-2025,Present,9.0,3.4
3406,171,2025-01-20,Present,8.4,0.0
3407,172,2025-02-14,present,8.4,0.0
3408,172,2025-02-12,Late,6.4,0.0
3409,172,2025-11-20,Present,8.1,0.0
3410,172,2025-06-22,Late,6.5,0.0
3411,172,2025-01-18,Present,7.3,0.0
3412,172,2025-12-27,Present,9.4,0.0
3413,172,2025-07-30,Absent,0.0,0.0
3414,172,17/12/2025,Absent,0.0,0.0
3415,172,2025-12-12,Present,8.9,0.0
3416,172,2025-08-16,Absent,0.0,0.0
3417,172,2025-04-03,Present,8.6,0.0
3418,172,07-18-2025,Present,7.8,0.0
3419,172,2025-01-25,Late,5.0,1.9
3420,172,2025-09-22,Present,8.7,0.0
3421,172,2025-05-31,Present,8.6,1.8
3422,172,2025-11-04,Present,8.5,3.3
3423,172,2025-03-21,Present,7.1,2.1
3424,172,2025-09-04,Present,8.9,2.4
3425,172,2025-12-01,Present,8.6,0.0
3426,172,2025-01-23,Present,8.3,0.0
3427,172,2025-12-16,Present,9.5,0.0
3428,172,2025-08-16,Present,7.1,0.0
3429,172,2025-03-01,Absent,0.0,0.0
3430,172,2025-03-13,Absent,0.0,0.0
3431,172,2025-11-06,Present,8.2,0.0
3432,172,07-07-2025,Present,7.2,
3433,173,2025-12-29,Late,5.0,0.0
3434,173,2025-11-22,Leave,0.0,0.0
3435,173,2025-08-03,Late,5.6,0.0
3436,173,2025-10-13,Present,7.4,3.9
3437,173,2025-02-14,Absent,0.0,0.0
3438,173,2025-12-07,Absent,0.0,0.0
3439,173,2025-07-25,Late,7.3,0.0
3440,173,2025-03-12,Absent,0.0,0.0
3441,173,2025-03-24,Absent,0.0,0.0
3442,173,2025-04-06,Present,7.8,0.0
3443,173,2025-10-07,Absent,0.0,0.0
3444,173,2025-05-15,Late,6.4,0.0
3445,173,2025-12-03,Absent,0.0,0.0
3446,173,2025-07-31,Absent,0.0,0.0
3447,173,2025-01-21,Absent,0.0,0.0
3448,173,2025-03-17,Absent,0.0,0.0
3449,173,2025-12-26,absent,0.0,0.0
3450,173,07-10-2025,Absent,0.0,0.0
3451,173,2025-01-07,Absent,0.0,0.0
3452,173,2025-12-07,Absent,0.0,0.0
3453,173,2025-09-29,Absent,0.0,0.0
3454,174,2025-03-12,Late,6.1,0.0
3455,174,09-03-2025,Present,9.0,0.0
3456,174,2025-09-01,Present,8.6,0.0
3457,174,2025-03-30,LEAVE,0.0,0.0
3458,174,2025-11-21,Present,7.0,0.0
3459,174,2025-02-06,absent,0.0,0.0
3460,174,2025-03-07,Present,8.9,3.1
3461,174,2025-02-04,Present,8.3,0.0
3462,174,2025-02-07,Present,9.3,0.0
3463,174,2025-07-31,Present,9.3,0.0
3464,174,26-Apr-2025,Present,8.3,0.0
3465,174,2025-08-10,Absent,0.0,0.0
3466,174,2025-06-14,Present,8.5,4.0
3467,174,2025-12-10,Present,7.7,0.0
3468,174,2025-08-19,Present,7.8,0.0
3469,174,2025-03-07,Present,7.5,0.0
3470,174,2025-09-18,Present,9.2,0.0
3471,174,11-22-2025,Absent,0.0,0.0
3472,174,2025-11-03,Present,8.9,0.0
3473,175,2025-02-08,Present,7.3,3.9
3474,175,2025-02-03,Present,8.8,0.0
3475,175,2025-03-16,Present,9.1,0.7
3476,175,2025-05-23,Present,8.3,0.0
3477,175,2025-06-24,Present,8.7,0.0
3478,175,2025-06-17,Present,8.4,0.0
3479,175,2025-08-29,PRESENT,8.7,0.0
3480,175,2025-12-19,Present,9.0,0.0
3481,175,2025-12-16,Present,7.9,0.0
3482,175,2025-10-21,Present,9.1,0.0
3483,175,2025-12-21,Present,7.4,0.0
3484,175,2025-09-22,Present,7.7,0.7
3485,175,2025-11-19,Present,7.9,0.0
3486,175,05-28-2025,Present,7.9,0.0
3487,175,15-Jun-2025,Present,9.0,0.0
3488,175,2025-06-28,Present,8.6,0.0
3489,176,2025-06-21,Late,5.8,0.0
3490,176,2025-05-16,Present,8.6,0.0
3491,176,07/04/2025,Present,7.1,0.0
3492,176,13-Mar-2025,Present,7.5,0.0
3493,176,2025-04-08,Present,8.6,0.0
3494,176,2025-10-05,Late,6.4,0.0
3495,176,2025-08-25,Leave,0.0,0.0
3496,176,2025-03-30,Absent,0.0,0.0
3497,176,2025-05-30,Present,8.9,0.0
3498,176,2025-11-21,Present,8.0,0.0
3499,176,2025-11-28,Present,8.8,0.0
3500,176,2025-07-20,Late,6.6,0.0
3501,176,18/10/2025,Absent,0.0,
3502,176,2025-06-24,Absent,0.0,0.0
3503,176,2025-11-07,Absent,0.0,0.0
3504,176,05/03/2025,Present,9.4,0.0
3505,176,2025-07-21,Absent,0.0,0.0
3506,176,04-07-2025,Present,7.5,0.0
3507,176,2025-09-11,ABSENT,,0.0
3508,176,09-Oct-2025,Present,8.4,0.0
3509,176,18/10/2025,Absent,0.0,0.0
3510,176,17/05/2025,Absent,0.0,0.0
3511,176,2025-08-07,Present,8.5,0.0
3512,176,2025-02-25,Absent,0.0,0.0
3513,176,2025-07-18,Absent,0.0,0.0
3514,176,2025-03-13,Absent,0.0,0.0
3515,176,2025-07-05,Present,9.5,0.0
3516,176,2025-01-22,Present,7.5,0.0
3517,176,2025-10-08,Late,6.1,
3518,176,2025-02-19,Present,8.3,0.0
3519,176,2025-04-15,Absent,0.0,
3520,176,2025-12-05,Leave,0.0,0.0
3521,176,2025-01-06,Absent,0.0,0.0
3522,177,16/11/2025,Present,7.6,0.0
3523,177,2025-05-04,Present,7.1,0.0
3524,177,2025-10-20,Present,8.4,0.0
3525,177,2025-07-01,Present,7.8,0.0
3526,177,11/10/2025,Present,7.5,0.0
3527,177,2025-03-29,Present,7.8,0.0
3528,177,15-Apr-2025,Present,7.1,3.8
3529,177,2025-03-24,Late,6.2,0.0
3530,177,2025-05-19,Present,9.0,2.0
3531,177,2025-05-07,Present,9.3,0.0
3532,177,24/08/2025,Present,8.2,0.0
3533,177,04-23-2025,Present,8.4,2.2
3534,177,2025-12-10,Present,8.8,0.0
3535,177,2025-11-04,present,8.4,0.0
3536,177,2025-04-29,Late,5.3,1.0
3537,177,2025-12-31,Present,8.5,0.0
3538,177,2025-07-16,Present,8.2,0.0
3539,177,2025-01-12,Present,7.2,0.0
3540,177,2025-12-11,Present,8.0,0.0
3541,177,2025-09-26,Present,8.3,
3542,177,2025-09-17,Present,7.2,0.0
3543,177,2025-11-07,Present,7.9,3.4
3544,177,09/02/2025,Present,8.6,0.0
3545,177,2025-07-13,present,7.7,0.0
3546,177,2025-04-22,Present,9.1,0.0
3547,177,2025-05-08,Present,8.2,0.0
3548,177,2025-07-14,Present,8.2,0.0
3549,177,13-Jan-2025,Present,9.4,0.0
3550,178,2025-11-27,Present,9.4,0.0
3551,178,12-Jan-2025,Present,7.9,0.0
3552,178,2025-07-15,Absent,0.0,0.0
3553,178,12/08/2025,Present,7.4,0.0
3554,178,2025-02-15,Present,7.8,0.0
3555,178,2025-05-18,Present,7.1,0.0
3556,178,2025-09-03,Late,4.6,
3557,178,2025-10-27,Present,8.0,0.0
3558,178,2025-04-11,Present,9.4,0.0
3559,178,06-Jul-2025,Absent,0.0,0.0
3560,178,2025-04-28,Absent,0.0,0.0
3561,178,2025-03-23,Absent,0.0,0.0
3562,178,2025-12-23,Present,9.2,0.0
3563,178,26-Sep-2025,Present,8.3,0.0
3564,178,2025-05-31,Absent,0.0,0.0
3565,178,08-12-2025,Present,8.4,0.0
3566,178,2025-04-28,Present,7.0,0.0
3567,178,2025-02-04,Leave,0.0,0.0
3568,178,2025-02-17,Present,7.5,0.0
3569,178,04-01-2025,Present,7.1,0.0
3570,178,2025-08-05,Present,8.9,0.0
3571,178,2025-04-11,Present,7.4,3.5
3572,178,21-Feb-2025,Present,8.6,0.0
3573,179,2025-10-01,Absent,0.0,0.0
3574,179,2025-08-25,Present,7.6,0.0
3575,179,2025-04-02,Late,5.0,0.0
3576,179,06-May-2025,Present,8.6,0.0
3577,179,2025-03-29,Present,9.3,0.0
3578,179,2025-01-11,Present,8.8,0.0
3579,179,2025-07-21,Absent,0.0,0.0
3580,179,2025-01-25,Present,7.9,0.0
3581,179,2025-05-04,Present,8.5,0.0
3582,179,2025-10-21,Present,7.8,0.0
3583,179,2025-08-21,Late,7.5,
3584,179,2025-05-08,Late,6.3,0.0
3585,179,2025-01-22,Absent,0.0,0.0
3586,179,2025-07-13,Absent,0.0,0.0
3587,179,2025-05-28,Present,8.1,0.0
3588,179,2025-12-13,Present,8.5,0.0
3589,179,26-Jul-2025,Present,7.9,0.0
3590,179,2025-11-28,Present,7.1,
3591,179,2025-11-07,Present,8.0,0.0
3592,179,27-Jul-2025,Present,9.3,
3593,179,07-28-2025,Late,6.4,0.0
3594,179,2025-03-06,Present,7.2,0.0
3595,179,2025-11-04,Present,9.2,0.0
3596,179,2025-03-01,Present,7.7,0.0
3597,179,2025-07-12,Present,7.6,1.5
3598,179,2025-09-07,Late,6.2,2.4
3599,179,11/08/2025,Present,8.2,0.0
3600,179,2025-08-19,Present,8.8,0.0
3601,180,2025-03-13,PRESENT,7.8,0.0
3602,180,2025-05-06,Absent,0.0,0.0
3603,180,2025-04-27,Present,9.0,0.0
3604,180,24/07/2025,Present,7.4,0.0
3605,180,2025-04-15,PRESENT,9.0,0.0
3606,180,2025-01-27,Late,6.5,2.9
3607,180,2025-11-24,Present,8.2,0.0
3608,180,2025-01-28,Present,8.7,0.0
3609,180,2025-12-01,present,7.2,3.5
3610,180,2025-05-31,Present,7.1,0.0
3611,180,02/09/2025,Absent,0.0,0.0
3612,180,03-Sep-2025,Absent,0.0,0.0
3613,181,2025-06-19,Absent,0.0,0.0
3614,181,2025-09-17,Absent,0.0,0.0
3615,181,2025-02-21,Absent,0.0,0.0
3616,181,2025-12-31,Present,7.4,2.5
3617,181,2025-09-18,Late,6.7,0.0
3618,181,2025-01-13,Present,7.2,0.0
3619,181,2025-11-10,Present,9.3,0.0
3620,181,2025-05-26,Present,9.4,0.0
3621,181,2025-10-27,Absent,,0.0
3622,181,08-13-2025,Present,8.5,0.0
3623,181,21-Sep-2025,Absent,0.0,0.0
3624,181,2025-10-08,Present,8.2,0.0
3625,181,2025-02-04,Present,8.9,0.0
3626,181,2025-07-13,Present,7.8,0.0
3627,181,2025-11-22,Late,6.0,3.7
3628,181,2025-04-11,Absent,0.0,0.0
3629,181,2025-07-16,late,7.4,0.0
3630,181,2025-01-23,Leave,0.0,0.0
3631,181,2025-03-10,Absent,0.0,0.0
3632,181,19/10/2025,Absent,0.0,0.0
3633,181,2025-03-19,Present,9.3,0.0
3634,181,2025-04-18,Absent,0.0,0.0
3635,181,03-Feb-2025,Absent,0.0,0.0
3636,182,2025-01-20,Present,7.7,0.0
3637,182,03-Feb-2025,Present,7.6,0.0
3638,182,2025-03-26,Present,7.7,0.0
3639,182,2025-02-10,Present,8.1,0.0
3640,182,2025-06-25,Present,7.8,0.0
3641,182,29-Aug-2025,Present,7.9,0.0
3642,182,2025-10-13,Present,8.6,0.0
3643,182,2025-06-19,Present,8.9,0.0
3644,182,2025-03-21,Present,8.8,0.0
3645,182,2025-10-29,Present,9.0,0.0
3646,182,2025-11-01,Present,7.1,0.0
3647,182,2025-01-12,PRESENT,7.1,0.0
3648,182,2025-09-18,Present,9.0,0.0
3649,182,2025-07-27,Absent,0.0,0.0
3650,182,30/10/2025,Present,8.3,0.0
3651,182,2025-02-24,Present,8.4,0.0
3652,182,2025-04-23,Present,7.1,0.0
3653,182,2025-03-20,Present,7.6,0.0
3654,182,16-Sep-2025,Present,8.6,0.0
3655,182,2025-08-03,Present,9.1,0.0
3656,182,2025-05-05,Present,9.3,0.0
3657,182,2025-12-06,Late,6.0,0.0
3658,182,01-30-2025,Present,8.4,0.0
3659,182,2025-03-20,Present,9.1,0.0
3660,182,2025-06-20,Present,8.3,
3661,182,2025-05-01,Present,9.3,0.0
3662,182,2025-07-22,Present,9.0,0.0
3663,182,2025-05-01,Present,9.3,0.0
3664,183,2025-03-26,Absent,0.0,0.0
3665,183,2025-11-03,Absent,0.0,0.0
3666,183,12/07/2025,Present,7.5,2.3
3667,183,12/02/2025,Present,9.1,0.9
3668,183,2025-10-04,Absent,0.0,0.0
3669,183,17-Feb-2025,Present,9.0,0.0
3670,183,2025-12-24,Present,7.5,0.0
3671,183,2025-01-02,Absent,0.0,0.0
3672,183,2025-01-17,absent,0.0,0.0
3673,183,2025-07-07,Present,9.0,0.0
3674,183,2025-12-25,Absent,0.0,0.0
3675,183,2025-10-20,Absent,0.0,0.0
3676,183,2025-03-26,Present,8.5,0.0
3677,184,2025-01-20,Present,7.5,2.2
3678,184,2025-01-21,Present,8.7,0.0
3679,184,09/04/2025,Present,8.6,0.0
3680,184,2025-09-09,Late,5.8,0.0
3681,184,2025-11-12,Present,9.2,2.3
3682,184,10-Nov-2025,Present,8.3,0.7
3683,184,2025-11-07,Present,9.3,0.0
3684,184,2025-12-25,Present,7.4,0.0
3685,184,2025-04-25,Present,8.3,3.3
3686,184,2025-06-23,Present,7.5,0.0
3687,184,20/08/2025,Present,8.3,0.0
3688,184,2025-05-31,Present,7.6,0.0
3689,184,2025-08-03,Present,8.9,0.0
3690,184,2025-06-08,Present,8.4,0.0
3691,184,25-Aug-2025,Late,7.1,0.0
3692,184,10/02/2025,Absent,0.0,0.0
3693,184,2025-03-02,Late,7.2,0.0
3694,184,2025-03-06,Late,6.4,3.0
3695,184,20-Jun-2025,Present,8.4,0.0
3696,184,2025-09-04,Present,8.0,2.8
3697,184,26/11/2025,Present,9.3,0.0
3698,184,2025-10-28,Present,8.0,0.0
3699,184,2025-08-31,Present,7.8,0.0
3700,184,2025-07-20,Leave,0.0,0.0
3701,184,02-03-2025,Absent,0.0,0.0
3702,184,2025-05-10,Present,8.0,0.0
3703,185,2025-08-26,Present,8.1,0.0
3704,185,2025-12-30,Present,7.2,0.0
3705,185,2025-06-17,Present,8.2,0.0
3706,185,12-04-2025,Present,8.2,0.0
3707,185,2025-10-18,Present,8.5,0.0
3708,185,2025-03-26,Present,7.9,0.0
3709,185,2025-09-07,Present,8.5,0.0
3710,185,2025-01-22,Present,9.2,0.0
3711,185,2025-11-06,Present,9.4,0.0
3712,185,2025-04-14,Present,8.5,0.0
3713,185,2025-01-05,Present,7.1,0.0
3714,185,2025-11-11,Present,9.4,3.0
3715,185,2025-09-05,Present,7.8,0.0
3716,185,2025-04-14,Late,4.9,0.0
3717,185,2025-12-04,Present,7.4,0.0
3718,185,2025-05-21,Present,7.4,0.0
3719,185,30-Oct-2025,Present,7.1,0.0
3720,185,2025-08-11,Present,9.3,0.0
3721,185,2025-01-21,Present,8.4,0.0
3722,185,10-08-2025,Present,8.7,0.0
3723,185,2025-08-22,Absent,0.0,0.0
3724,185,2025-06-20,Absent,,0.0
3725,185,2025-10-29,Present,9.1,0.0
3726,185,2025-08-31,Present,9.0,0.0
3727,185,2025-08-26,Present,9.2,0.0
3728,185,2025-04-29,Present,9.4,0.0
3729,185,25-Apr-2025,Present,8.1,0.0
3730,185,2025-11-30,Present,9.4,0.0
3731,185,2025-12-09,Present,8.8,0.0
3732,185,2025-05-16,Absent,0.0,0.0
3733,186,2025-04-28,ABSENT,0.0,0.0
3734,186,2025-08-19,Present,7.2,2.9
3735,186,2025-01-25,Present,8.7,0.0
3736,186,2025-05-21,Present,9.3,0.0
3737,186,02-Aug-2025,Absent,0.0,0.0
3738,186,24/11/2025,Present,7.9,
3739,186,2025-12-06,Absent,0.0,0.0
3740,186,2025-10-25,Present,8.5,0.0
3741,186,2025-05-28,Present,7.0,0.0
3742,186,2025-07-19,Present,7.8,0.0
3743,186,07/10/2025,Present,7.2,2.3
3744,186,2025-08-08,Late,7.0,0.0
3745,186,2025-09-03,Absent,0.0,0.0
3746,186,2025-03-08,Present,7.5,0.0
3747,186,28-Mar-2025,Present,8.3,0.0
3748,186,2025-08-01,Present,7.5,0.0
3749,186,2025-03-25,Present,7.3,0.0
3750,186,2025-05-28,present,8.3,0.0
3751,186,08-Oct-2025,Present,7.2,2.6
3752,186,2025-03-21,Present,7.1,0.0
3753,187,2025-01-02,Present,7.3,2.4
3754,187,2025-05-19,Present,8.5,0.6
3755,187,2025-08-20,Present,8.4,0.0
3756,187,2025-10-01,Present,9.1,3.0
3757,187,2025-12-09,Present,7.3,0.0
3758,187,2025-07-02,Present,8.5,0.0
3759,187,2025-07-18,Present,8.7,
3760,187,2025-05-09,Present,-7.1,0.0
3761,187,2025-11-14,Present,9.1,0.0
3762,187,14/02/2025,Present,9.3,0.0
3763,187,2025-06-25,Present,9.1,0.0
3764,187,2025-10-01,Present,9.1,0.0
3765,187,11-20-2025,present,8.9,0.0
3766,187,2025-07-19,Present,8.6,0.0
3767,187,2025-09-20,Present,8.7,0.0
3768,187,2025-03-27,Present,9.0,0.0
3769,187,2025-10-28,Present,8.7,1.6
3770,187,2025-04-27,Present,7.9,0.0
3771,187,2025-09-11,Present,9.2,0.0
3772,187,2025-06-14,Present,7.0,0.0
3773,188,2025-01-22,Late,6.6,0.0
3774,188,2025-10-20,Present,9.4,0.0
3775,188,2025-07-10,Present,8.8,0.0
3776,188,2025-01-04,Present,9.5,0.0
3777,188,2025-02-13,Present,8.7,0.6
3778,188,24/09/2025,Present,9.1,1.5
3779,188,2025-03-11,Present,8.1,0.0
3780,188,2025-10-10,Present,7.8,0.0
3781,188,2025-11-16,Present,7.7,0.0
3782,188,2025-11-23,Present,8.1,0.0
3783,188,06-Aug-2025,present,7.9,0.0
3784,188,2025-01-29,Present,8.6,0.0
3785,188,2025-03-12,Present,9.0,0.0
3786,188,2025-03-20,Present,7.7,0.0
3787,188,2025-02-08,Present,7.5,0.0
3788,188,2025-09-13,Present,8.7,0.0
3789,188,2025-01-12,Late,6.5,0.0
3790,188,2025-04-05,Present,9.3,0.0
3791,188,2025-09-26,Present,7.0,0.0
3792,189,2025-07-05,Absent,0.0,0.0
3793,189,2025-05-16,Present,9.1,0.0
3794,189,2025-03-05,Absent,0.0,0.0
3795,189,2025-04-19,Present,8.3,2.7
3796,189,26/01/2025,Absent,0.0,0.0
3797,189,2025-10-09,present,7.2,0.0
3798,189,2025-02-10,Present,8.1,0.0
3799,189,2025-10-23,Present,7.6,0.0
3800,189,2025-10-10,Present,7.6,2.3
3801,189,2025-07-26,Present,9.0,3.1
3802,189,2025-08-04,Absent,0.0,0.0
3803,189,2025-06-20,Absent,0.0,0.0
3804,189,2025-01-27,Absent,0.0,0.0
3805,189,2025-02-18,Present,8.5,0.0
3806,190,2025-02-24,Present,8.3,
3807,190,07-04-2025,Present,9.4,2.5
3808,190,2025-03-23,Present,7.6,0.0
3809,190,2025-05-07,Absent,0.0,0.0
3810,190,28/03/2025,Late,5.2,0.0
3811,190,12-25-2025,Present,8.5,0.0
3812,190,2025-01-09,Present,8.3,0.0
3813,190,2025-03-06,Absent,0.0,
3814,190,2025-12-16,Present,7.0,
3815,190,2025-01-03,Present,9.1,0.0
3816,190,2025-10-23,Present,8.8,0.0
3817,190,2025-04-07,Present,8.7,0.0
3818,190,2025-08-09,Late,4.7,0.0
3819,190,2025-04-09,Present,7.9,0.0
3820,190,2025-03-11,Present,9.3,0.0
3821,190,2025-10-24,Present,,0.0
3822,190,2025-03-05,Present,7.7,0.0
3823,190,06-Nov-2025,Present,7.4,0.0
3824,190,2025-07-27,Present,8.1,0.0
3825,190,2025-12-20,Absent,0.0,0.0
3826,190,2025-04-05,Present,7.9,0.0
3827,190,12-10-2025,Late,6.5,0.0
3828,190,2025-04-29,Present,9.4,0.0
3829,190,2025-02-06,Present,7.9,0.7
3830,190,2025-04-22,Leave,0.0,0.0
3831,190,2025-02-27,present,9.2,0.0
3832,190,26-Feb-2025,Present,7.1,3.8
3833,190,2025-02-24,Present,8.7,0.0
3834,190,2025-03-17,Present,9.4,0.0
3835,190,2025-07-08,Present,7.5,0.0
3836,190,2025-12-04,Present,7.1,0.0
3837,190,12-06-2025,Late,6.0,0.0
3838,190,2025-04-16,Present,8.1,0.0
3839,191,2025-12-07,Present,7.8,0.0
3840,191,2025-09-08,Present,9.4,0.0
3841,191,2025-01-26,Present,9.1,
3842,191,2025-03-23,Absent,0.0,0.0
3843,191,2025-01-31,PRESENT,8.7,0.0
3844,191,2025-04-15,Present,7.4,0.0
3845,191,2025-03-14,Present,8.8,0.0
3846,191,08/01/2025,Present,8.8,0.0
3847,191,03/02/2025,Present,8.1,0.0
3848,191,2025-11-26,Late,7.3,0.0
3849,191,2025-05-22,Present,7.4,0.0
3850,192,2025-05-19,Leave,0.0,0.0
3851,192,2025-04-23,Present,7.7,0.7
3852,192,2025-05-01,Present,9.0,0.0
3853,192,2025-10-10,Present,8.6,0.0
3854,192,2025-02-26,Present,7.8,0.0
3855,192,2025-05-11,Present,7.4,0.0
3856,192,12-04-2025,Present,7.1,0.0
3857,192,2025-07-26,Absent,0.0,0.0
3858,192,2025-10-18,Present,7.4,2.1
3859,193,2025-05-25,Present,7.6,0.0
3860,193,2025-12-09,PRESENT,7.6,0.0
3861,193,2025-10-22,Present,9.2,0.0
3862,193,2025-04-04,Present,8.3,0.0
3863,193,2025-01-02,Leave,0.0,0.0
3864,193,2025-01-11,Present,8.8,0.0
3865,193,2025-10-11,Present,7.1,0.0
3866,193,2025-09-04,Present,7.9,2.2
3867,193,2025-06-06,Present,7.5,0.0
3868,193,23-Dec-2025,Present,7.3,0.0
3869,193,2025-11-18,Present,9.2,0.0
3870,193,05-Nov-2025,Present,9.3,0.0
3871,193,2025-07-14,Present,7.2,0.0
3872,193,2025-05-06,Present,7.9,0.0
3873,193,2025-07-02,Present,9.4,0.0
3874,193,2025-06-20,Present,7.2,0.0
3875,193,2025-10-15,Absent,0.0,0.0
3876,193,2025-02-09,Late,6.4,0.0
3877,193,04-29-2025,PRESENT,9.4,3.9
3878,193,2025-08-28,Present,8.2,0.0
3879,193,2025-02-07,Late,5.0,0.0
3880,193,2025-10-08,Present,7.5,3.6
3881,193,2025-04-20,Present,9.3,2.6
3882,193,2025-05-12,Absent,0.0,0.0
3883,193,2025-10-28,Present,8.9,0.0
3884,193,26/11/2025,Present,8.8,0.0
3885,193,04-18-2025,Late,6.5,0.0
3886,193,2025-11-10,Late,7.0,0.0
3887,193,2025-11-03,Present,8.7,0.0
3888,193,2025-05-04,Absent,0.0,0.0
3889,193,2025-12-19,PRESENT,8.3,0.0
3890,193,2025-12-23,Present,7.6,0.0
3891,193,2025-09-08,present,8.9,0.0
3892,193,07-30-2025,Present,8.2,1.5
3893,194,2025-09-15,Present,9.0,0.0
3894,194,2025-05-23,Absent,0.0,0.0
3895,194,2025-12-23,Present,8.7,0.0
3896,194,2025-08-20,Present,9.3,0.0
3897,194,19-Feb-2025,Present,7.4,0.0
3898,194,12-08-2025,Present,8.6,0.0
3899,194,2025-03-22,Present,7.6,3.7
3900,194,2025-04-02,Present,7.2,0.0
3901,194,2025-03-09,Present,8.6,3.3
3902,194,2025-08-19,Present,7.9,3.8
3903,194,2025-03-02,PRESENT,9.1,0.0
3904,194,07/07/2025,Present,7.7,
3905,194,2025-06-03,Present,7.0,0.0
3906,194,2025-12-19,Absent,0.0,0.0
3907,194,2025-03-23,Present,7.7,1.5
3908,194,2025-07-11,Absent,0.0,0.0
3909,194,2025-03-31,Present,9.2,0.0
3910,194,2025-02-25,Late,7.4,0.0
3911,194,2025-02-07,Late,4.7,2.1
3912,194,2025-04-28,Present,8.4,
3913,194,2025-09-24,Present,7.2,0.0
3914,194,2025-09-29,Present,7.9,0.0
3915,194,2025-10-27,Present,7.8,0.0
3916,194,2025-03-22,Present,8.3,0.0
3917,194,2025-12-05,Present,8.7,0.0
3918,194,2025-08-06,Leave,0.0,0.0
3919,194,2025-08-16,Present,8.8,0.0
3920,194,2025-04-20,PRESENT,7.3,0.0
3921,194,01-11-2025,Present,9.0,0.0
3922,194,2025-10-02,Present,8.7,3.6
3923,195,2025-10-25,Late,5.8,0.0
3924,195,2025-01-28,Present,9.2,0.0
3925,195,2025-02-27,Present,9.2,0.0
3926,195,11-29-2025,Present,8.1,0.0
3927,195,2025-03-11,Absent,0.0,0.0
3928,195,2025-04-03,Present,8.0,0.0
3929,195,2025-03-06,Present,9.3,3.0
3930,195,2025-11-07,Present,9.3,3.3
3931,195,2025-10-03,Present,8.5,0.0
3932,195,2025-10-03,Late,4.8,0.0
3933,195,2025-10-09,Late,5.4,0.0
3934,195,2025-08-07,Present,9.4,0.0
3935,195,2025-03-13,Present,7.8,0.0
3936,195,2025-11-22,Late,4.8,3.0
3937,195,2025-08-15,Late,6.7,0.0
3938,195,2025-10-07,Late,5.4,0.0
3939,195,2025-08-24,Present,7.7,0.0
3940,195,2025-06-22,Absent,0.0,0.0
3941,195,2025-01-06,Present,8.2,0.0
3942,195,2025-12-20,Absent,0.0,0.0
3943,195,2025-01-16,LATE,4.6,0.0
3944,195,2025-11-23,Present,9.0,1.6
3945,195,2025-04-08,Present,9.1,0.0
3946,195,2025-08-13,Present,9.0,0.0
3947,196,2025-07-10, Absent,0.0,0.0
3948,196,2025-11-19,Present,8.7,0.0
3949,196,2025-03-18,Present,7.8,0.0
3950,196,2025-12-11,Late,6.0,0.0
3951,196,2025-11-27,Present,8.1,0.0
3952,196,2025-03-23,Absent,0.0,0.0
3953,196,2025-03-17,Present,7.8,0.0
3954,196,2025-09-02,Present,9.1,0.0
3955,196,2025-02-09, Late,6.0,0.0
3956,196,2025-05-28,Present,9.1,0.0
3957,196,2025-06-10,Present,7.3,1.0
3958,196,2025-08-11,Present,9.4,2.6
3959,196,2025-01-26,Absent,0.0,0.0
3960,197,2025-05-14,Present,8.3,0.0
3961,197,2025-11-22,Present,8.3,0.0
3962,197,2025-09-22,Present,,3.0
3963,197,2025-07-13,Present,7.2,0.0
3964,197,2025-03-18,Present,8.4,0.0
3965,197,2025-06-14,Present,8.4,3.7
3966,197,2025-06-08,Present,8.3,0.0
3967,197,2025-07-12,Present,7.3,0.0
3968,197,01-21-2025,Present,8.4,0.8
3969,197,2025-04-17,Present,7.5,0.0
3970,197,2025-11-11,Present,7.1,0.0
3971,197,2025-01-09,Present,8.3,0.0
3972,197,2025-09-27,PRESENT,7.2,2.1
3973,197,2025-05-18,Present,9.3,0.0
3974,197,2025-07-20,Present,8.8,0.0
3975,197,10-12-2025,Present,7.2,0.0
3976,197,2025-05-14,Present,7.6,0.0
3977,197,2025-11-26,Leave,0.0,0.0
3978,197,2025-08-31,Present,8.7,
3979,197,09-22-2025,Present,9.2,0.0
3980,197,2025-04-07,Present,7.1,3.3
3981,198,2025-05-18,Absent,0.0,
3982,198,12-11-2025,Absent,0.0,0.0
3983,198,2025-12-23,Absent,0.0,0.0
3984,198,2025-12-14,Absent,0.0,0.0
3985,198,29/03/2025,Late,6.2,0.0
3986,198,2025-12-08,Present,8.4,0.0
3987,198,2025-03-23,Absent,0.0,0.0
3988,198,2025-08-03,PRESENT,9.4,3.1
3989,198,2025-09-28,Absent,0.0,0.0
3990,198,2025-02-23,Absent,0.0,0.0
3991,199,05-09-2025,Absent,0.0,0.0
3992,199,01-21-2025,Present,9.1,0.0
3993,199,2025-11-20,Present,7.9,0.0
3994,199,07-11-2025,Present,8.4,0.0
3995,199,2025-01-22,Late,6.3,0.0
3996,199,2025-12-12,Present,7.8,0.0
3997,199,2025-04-06,Present,8.4,0.0
3998,199,01-12-2025,Present,7.6,0.0
3999,199,2025-06-07,Present,7.4,0.0
4000,199,2025-05-29,Present,7.9,0.0
4001,199,2025-09-29,Present,8.8,0.0
4002,199,2025-04-26,Present,9.3,0.0
4003,199,10-12-2025,Present,8.1,0.0
4004,199,2025-05-22,Present,8.6,0.0
4005,199,2025-08-27,Present,7.3,0.0
4006,199,2025-12-11,Present,9.3,2.5
4007,199,2025-12-18,Present,9.0,0.0
4008,199,2025-05-30,Late,6.9,0.0
4009,199,2025-04-17,Present,7.6,0.0
4010,199,2025-04-10,Present,8.3,0.0
4011,199,2025-06-11,Present,9.4,0.8
4012,199,2025-04-24,PRESENT,8.7,0.0
4013,199,16/02/2025,Absent,0.0,0.0
4014,199,2025-11-04,Present,9.4,0.0
4015,199,2025-03-05,Present,7.8,0.0
4016,200,2025-04-12,leave,0.0,0.0
4017,200,2025-02-16,Present,9.2,0.0
4018,200,04-21-2025,Absent,0.0,0.0
4019,200,2025-11-26,Present,9.3,0.0
4020,200,2025-07-28,Present,8.9,0.0
4021,200,2025-02-12, Present,7.6,0.0
4022,200,2025-09-16,present,7.8,0.0
4023,200,2025-07-19,Absent,0.0,
4024,200,14-Sep-2025,Present,7.1,0.0
4025,200,2025-09-26,Present,9.1,3.5
4026,200,2025-04-05,Late,6.4,1.7
4027,200,2025-01-16,Present,7.2,0.0
4028,200,2025-08-01,Absent,0.0,0.0
4029,200,2025-03-07,Present,8.9,0.0
4030,200,2025-01-07,Present,8.8,0.0
4031,201,08-30-2025,Present,9.3,0.0
4032,201,2025-05-26,Present,8.8,0.0
4033,201,2025-08-01,Present,9.1,0.0
4034,201,15/12/2025,Present,8.9,0.0
4035,201,2025-06-27,Late,6.4,2.0
4036,201,09-Jun-2025,Present,9.3,0.0
4037,201,27/09/2025,Present,8.6,0.0
4038,201,02-25-2025,PRESENT,8.0,0.0
4039,201,2025-07-23,Present,7.2,0.0
4040,201,2025-01-14,Present,7.7,0.0
4041,201,2025-07-28,Present,8.4,0.0
4042,201,22-Mar-2025,Present,7.7,0.0
4043,201,2025-09-16,Late,5.2,0.0
4044,201,2025-05-21,PRESENT,8.3,0.0
4045,201,2025-02-17,Present,7.4,3.3
4046,201,05-31-2025,Late,6.0,0.0
4047,201,2025-01-22,Present,8.4,0.0
4048,201,2025-06-22,Present,7.4,0.0
4049,201,2025-08-08,Present,7.8,0.0
4050,201,2025-01-24,Present,8.0,3.3
4051,201,07-Mar-2025,Present,8.9,0.0
4052,201,2025-01-22,Present,7.6,0.0
4053,201,2025-01-29,Present,8.5,0.0
4054,201,2025-07-19,Present,7.6,0.0
4055,201,2025-01-14,Present,9.5,0.0
4056,201,2025-02-07,Present,9.4,0.0
4057,201,2025-02-21,Present,8.4,0.0
4058,201,11-May-2025,Present,8.7,0.0
4059,201,09/08/2025,Present,9.0,0.0
4060,201,2025-10-20,LATE,6.7,0.0
4061,201,2025-09-06,Present,8.7,0.0
4062,201,03-15-2025,Present,9.4,0.0
4063,202,2025-05-16,Absent,0.0,0.0
4064,202,2025-01-21,Absent,0.0,
4065,202,06-05-2025,Present,8.5,2.7
4066,202,2025-09-28,Present,9.1,0.0
4067,202,2025-06-25,Absent,0.0,0.0
4068,202,09-02-2025,Present,8.7,
4069,202,2025-09-28,Absent,0.0,0.0
4070,202,2025-01-24,ABSENT,0.0,0.0
4071,202,2025-11-27,Absent,0.0,0.0
4072,202,2025-03-05,Absent,0.0,0.0
4073,202,08-Dec-2025,Absent,0.0,0.0
4074,202,2025-12-20,PRESENT,8.8,0.0
4075,202,2025-01-25,Present,7.6,0.0
4076,202,2025-10-25,Present,7.9,0.0
4077,202,2025-05-27,Present,7.4,0.0
4078,202,2025-08-20,Present,8.3,0.0
4079,202,2025-03-26,Absent,0.0,0.0
4080,202,2025-11-03,Present,8.1,0.0
4081,202,2025-11-17,Late,7.5,0.0
4082,203,2025-07-12,Present,8.5,0.0
4083,203,10/10/2025,Present,9.0,0.0
4084,203,2025-12-13,Present,7.8,0.0
4085,203,2025-08-22,Late,7.0,0.0
4086,203,2025-03-16,Present,8.5,0.0
4087,203,2025-07-16,Present,8.7,0.0
4088,203,2025-03-17,Present,7.7,2.4
4089,203,11/01/2025,Present,8.6,0.0
4090,203,2025-10-19,Present,8.5,0.0
4091,203,2025-04-10,Present,9.3,0.0
4092,203,25/02/2025,Present,9.2,0.0
4093,203,2025-04-25,Present,9.4,2.8
4094,203,2025-08-09,Present,9.4,0.0
4095,204,29-Jan-2025,Present,,0.0
4096,204,2025-10-13,Present,7.7,0.0
4097,204,2025-03-02,Present,8.1,0.0
4098,204,2025-01-16,Present,7.6,0.0
4099,204,2025-04-21,Present,7.0,0.0
4100,204,2025-04-27,Present,7.5,0.0
4101,204,2025-12-10,Present,7.0,
4102,204,2025-11-29,Present,8.8,0.0
4103,204,03-12-2025,Present,8.1,0.0
4104,204,2025-01-09,Present,7.8,0.0
4105,204,2025-01-02,Present,8.9,0.0
4106,204,2025-12-06,Late,7.0,3.9
4107,204,2025-12-22,Present,8.6,0.0
4108,204,2025-01-16,Present,8.2,0.0
4109,204,17/03/2025,Present,7.8,0.0
4110,204,2025-10-06,Present,7.6,0.0
4111,204,2025-05-17,Absent,0.0,0.0
4112,204,2025-10-09,Present,7.5,0.0
4113,204,2025-07-28,Present,8.0,0.0
4114,204,2025-04-21,Absent,0.0,0.0
4115,204,2025-09-04,Present,9.5,0.5
4116,204,2025-12-18,Present,7.5,0.0
4117,204,2025-09-28,Present,7.5,0.0
4118,204,2025-03-03,Present,8.8,0.0
4119,204,17/05/2025,Present,7.9,2.1
4120,204,2025-10-28,Present,7.4,0.0
4121,205,18-Sep-2025,Present,8.0,0.0
4122,205,2025-01-16,PRESENT,7.3,0.0
4123,205,25-Apr-2025,Absent,0.0,0.0
4124,205,08/12/2025,Present,8.3,0.0
4125,205,2025-07-20,Present,7.2,0.0
4126,205,2025-01-29,Present,9.0,0.0
4127,205,07-18-2025,Present,8.4,3.0
4128,205,2025-12-09,Present,8.0,0.0
4129,205,01-14-2025,Late,5.6,0.8
4130,205,2025-09-28,Late,6.1,0.0
4131,205,2025-02-11,Present,8.3,0.0
4132,205,2025-06-14,Late,5.9,0.0
4133,205,2025-04-01,Present,8.9,0.0
4134,205,2025-10-26,Present,9.1,0.0
4135,205,2025-11-18,Present,8.9,0.0
4136,205,2025-04-23,Present,7.4,0.0
4137,205,2025-09-11,Present,8.6,0.0
4138,205,2025-07-20,Present,7.2,0.0
4139,205,2025-08-18,present,8.7,-0.0
4140,205,07-30-2025,Present,8.0,0.0
4141,205,26-Jun-2025,Late,4.9,0.0
4142,205,2025-09-09,Present,9.2,0.0
4143,205,2025-07-16, Present,8.5,0.0
4144,205,2025-10-17,Present,7.9,0.0
4145,205,2025-05-15,Late,4.6,0.0
4146,205,2025-12-12,Present,8.3,3.7
4147,206,2025-04-10,Late,6.3,0.0
4148,206,2025-02-15,Present,9.4,0.0
4149,206,2025-06-10,Present,7.3,0.0
4150,206,2025-04-14,Present,8.4,0.0
4151,206,2025-02-25,Present,9.0,0.0
4152,206,2025-08-26, Absent,0.0,0.0
4153,206,26-Mar-2025,Present,8.3,0.8
4154,206,03-25-2025,Absent,0.0,0.0
4155,206,2025-02-27,Leave,0.0,0.0
4156,206,2025-08-05,Present,8.5,0.0
4157,206,2025-12-09,Present,8.5,0.0
4158,206,2025-10-07,Present,8.8,0.0
4159,206,2025-03-04,Late,6.8,0.0
4160,206,08/12/2025,Present,8.9,0.0
4161,206,2025-10-31,Absent,0.0,0.0
4162,206,2025-03-28,Present,8.7,0.0
4163,206,14-Mar-2025,Present,7.5,0.0
4164,206,2025-01-23,Present,8.0,3.2
4165,206,2025-05-22,Present,9.4,0.8
4166,206,2025-08-20,Leave,0.0,0.0
4167,207,2025-05-09,Present,8.3,0.0
4168,207,2025-10-01, Late,5.4,1.3
4169,207,2025-08-26,Present,8.3,0.0
4170,207,2025-09-20,Present,8.5,0.0
4171,207,2025-01-08,Present,7.0,0.0
4172,207,2025-09-09,Present,9.0,0.0
4173,207,2025-04-04,Late,7.0,0.0
4174,207,2025-09-23,Present,9.4,0.0
4175,207,2025-10-21,Present,7.5,0.0
4176,207,2025-09-09,Present,8.5,0.0
4177,207,2025-08-13,Present,8.1,0.0
4178,207,2025-04-29,Present,7.8,0.0
4179,207,2025-02-28,PRESENT,8.4,0.0
4180,207,2025-12-15,Present,9.0,0.0
4181,207,2025-06-23,Present,7.1,0.0
4182,207,2025-01-12,Present,9.4,0.0
4183,207,2025-10-06,Present,9.0,0.0
4184,208,2025-12-15,Present,8.9,3.2
4185,208,2025-09-02,Present,8.0,0.0
4186,208,2025-09-12,Leave,0.0,0.0
4187,208,2025-07-27,Present,8.9,0.0
4188,208,2025-01-08,Present,8.0,3.6
4189,208,2025-10-04, Late,5.0,0.0
4190,208,2025-03-29,Late,5.4,0.0
4191,208,2025-06-17,Present,8.4,1.6
4192,208,21-Jul-2025,Present,8.1,0.0
4193,208,2025-01-08,Present,8.2,0.0
4194,208,2025-08-18,Present,9.1,0.0
4195,208,2025-07-27,Present,8.3,0.0
4196,208,2025-09-25,Present,7.9,0.0
4197,208,2025-02-07,Present,7.6,1.9
4198,208,2025-10-18,Present,8.3,0.0
4199,208,2025-11-01,Present,8.9,0.0
4200,208,2025-10-01,Present,7.3,0.0
4201,209,2025-08-09,Present,7.6,0.0
4202,209,2025-10-07,Present,7.9,
4203,209,2025-03-06,Present,7.9,1.9
4204,209,2025-06-19,Present,9.0,0.0
4205,209,2025-12-21,Present,7.8,0.0
4206,209,2025-10-05,present,8.3,0.0
4207,209,2025-12-21,Absent,0.0,0.0
4208,209,2025-05-30,Present,8.6,0.0
4209,209,2025-11-07,Late,5.2,0.0
4210,209,2025-09-20,Present,8.8,2.4
4211,209,2025-02-13,absent,,0.0
4212,209,20/08/2025,Present,8.1,0.0
4213,209,01-19-2025,Present,9.0,0.0
4214,210,2025-07-02,Present,7.6,0.0
4215,210,2025-10-06,Present,9.2,0.0
4216,210,2025-04-11,Present,8.4,0.0
4217,210,04-06-2025,Absent,0.0,0.0
4218,210,2025-11-12,Present,8.5,0.0
4219,210,2025-02-09, Present,9.2,3.4
4220,210,2025-11-18,Present,8.5,0.0
4221,210,09-Nov-2025,Present,8.9,0.0
4222,210,2025-03-18,Present,8.1,0.0
4223,210,2025-08-12,Present,8.4,0.0
4224,210,2025-03-20,Present,7.2,0.8
4225,210,2025-09-22,Present,9.1,
4226,210,2025-01-20,Present,7.1,0.0
4227,210,12-15-2025,Present,7.4,0.0
4228,210,2025-04-06,Present,9.0,0.0
4229,210,2025-07-08,Absent,0.0,0.0
4230,210,2025-05-18,Present,7.0,0.0
4231,210,2025-07-04,Present,7.7,0.0
4232,210,2025-11-14,Present,8.5,0.0
4233,210,2025-01-20,Absent,0.0,0.0
4234,210,2025-03-05,late,6.3,0.0
4235,210,2025-04-01,Present,8.9,0.0
4236,210,2025-07-11,Present,8.3,0.0
4237,210,2025-09-26,Present,8.3,0.0
4238,210,2025-04-11,Late,6.7,0.0
4239,210,10-Nov-2025,Present,8.2,0.0
4240,210,2025-11-21,Present,8.5,0.0
4241,210,22/10/2025,PRESENT,9.2,0.0
4242,211,2025-04-24,Present,8.0,0.0
4243,211,21-Oct-2025, Present,8.0,0.0
4244,211,2025-03-26,Present,7.0,
4245,211,2025-06-17,Late,6.3,0.0
4246,211,2025-09-05,Late,4.6,0.0
4247,211,2025-07-19,Late,6.0,
4248,211,2025-07-26,Present,9.0,0.0
4249,211,12-22-2025,Present,8.4,0.0
4250,211,2025-12-18,Present,7.7,0.0
4251,211,2025-09-16,Absent,0.0,0.0
4252,211,2025-12-30,Present,9.0,0.0
4253,211,2025-11-27,Present,7.7,
4254,211,2025-07-17,Present,8.8,0.0
4255,211,2025-01-09,Present,8.5,0.0
4256,211,2025-12-15,Present,7.4,0.0
4257,211,04-Jan-2025,Leave,0.0,0.0
4258,211,2025-11-18,Present,9.3,0.0
4259,211,2025-09-20,Present,7.5,4.0
4260,211,2025-02-27,Present,7.0,0.0
4261,211,2025-03-26,Absent,0.0,0.0
4262,211,25-Sep-2025,Present,7.7,0.0
4263,211,01/05/2025,Present,7.5,0.5
4264,211,2025-07-06,Present,,0.0
4265,211,2025-06-16,Present,8.7,3.3
4266,212,2025-06-17,Present,7.6,0.0
4267,212,2025-03-30,Present,8.1,0.0
4268,212,2025-08-03,Present,8.6,0.0
4269,212,2025-09-26,Late,5.8,0.0
4270,212,2025-08-18,Present,8.7,2.7
4271,212,2025-11-14,Present,7.3,0.0
4272,212,2025-12-23,Present,9.0,0.0
4273,212,2025-05-26,Present,8.8,0.0
4274,212,2025-01-19,Present,8.6,
4275,212,2025-07-16,Present,7.4,0.0
4276,212,03-04-2025,present,7.7,0.0
4277,212,15-Oct-2025,Absent,0.0,0.0
4278,212,2025-03-09,Present,8.0,1.5
4279,212,2025-07-04,Late,5.2,0.0
4280,212,2025-09-27,Present,9.0,0.0
4281,212,07-25-2025,Present,8.6,2.5
4282,212,2025-06-19,Present,7.6,0.0
4283,212,2025-08-08,Present,9.3,0.0
4284,212,2025-10-26,Present,7.5,0.0
4285,212,2025-08-19,Present,9.0,0.0
4286,212,2025-03-27,Late,7.4,0.0
4287,213,2025-09-19,Absent,0.0,0.0
4288,213,2025-12-09,Absent,0.0,0.0
4289,213,2025-11-20,Absent,0.0,0.0
4290,213,2025-10-29,Absent,0.0,0.0
4291,213,2025-07-06,Present,8.8,0.0
4292,213,2025-12-31,Present,9.5,0.0
4293,213,09-15-2025,Absent,0.0,0.0
4294,213,11/11/2025,Present,8.6,0.0
4295,213,2025-12-21,Absent,0.0,0.0
4296,213,2025-06-20,Absent,0.0,0.0
4297,213,2025-01-04,Present,7.5,1.2
4298,213,2025-06-07,Absent,0.0,0.0
4299,213,04-28-2025,Present,7.8,0.0
4300,213,2025-02-07,Present,7.0,2.9
4301,213,2025-03-01,Present,7.7,0.0
4302,213,2025-02-05,absent,0.0,0.0
4303,213,2025-06-15,absent,0.0,0.0
4304,213,2025-01-18,Late,6.9,0.0
4305,213,06-Aug-2025,Leave,0.0,0.0
4306,213,04/04/2025,Present,7.9,0.0
4307,213,05-26-2025,Present,8.2,0.0
4308,213,2025-07-16,Absent,0.0,0.0
4309,213,2025-11-14,Present,9.4,0.0
4310,213,2025-09-13, Present,7.6,0.0
4311,213,2025-04-24,Absent,0.0,0.0
4312,213,23-Nov-2025,Present,8.8,0.0
4313,213,2025-05-30,Present,8.9,1.3
4314,213,2025-01-04,Absent,0.0,0.0
4315,213,2025-09-21,Present,8.3,0.0
4316,213,2025-07-08,Absent,0.0,0.0
4317,213,2025-02-05,Late,5.6,0.0
4318,213,30-Mar-2025,Present,8.9,0.0
4319,214,2025-02-24,Present,8.6,0.0
4320,214,2025-02-02,Absent,0.0,0.0
4321,214,2025-11-07,Absent,0.0,0.0
4322,214,2025-11-27,Absent,0.0,0.0
4323,214,2025-06-06,Present,8.2,3.2
4324,214,2025-01-05,Present,7.6,0.0
4325,214,2025-08-01,Absent,0.0,0.0
4326,214,2025-03-23,Absent,0.0,0.0
4327,214,2025-10-11,late,6.8,3.5
4328,214,26-Mar-2025,Present,9.2,0.0
4329,214,2025-12-28,Absent,0.0,0.0
4330,214,22/08/2025,Absent,0.0,0.0
4331,214,2025-04-03,Present,9.0,0.0
4332,214,2025-06-14,Absent,0.0,0.0
4333,214,05/07/2025,Present,8.0,0.0
4334,214,03-11-2025,absent,0.0,0.0
4335,214,2025-10-20,Present,9.5,0.0
4336,214,13-Nov-2025,Absent,0.0,0.0
4337,214,2025-12-09,Present,7.9,0.0
4338,214,2025-12-03,Present,8.6,0.0
4339,214,2025-07-20,Absent,0.0,0.0
4340,214,2025-04-04,Present,7.4,0.0
4341,214,2025-11-27,LATE,7.4,3.0
4342,214,2025-12-18,Absent,0.0,0.0
4343,214,2025-08-15,Present,8.9,0.0
4344,214,2025-10-17,Present,7.2,0.0
4345,214,2025-01-15,absent,0.0,0.0
4346,214,2025-03-30,Absent,0.0,0.0
4347,214,10-18-2025,Present,8.9,0.0
4348,214,2025-07-30,Present,8.9,0.0
4349,214,2025-08-07,Present,8.7,0.0
4350,214,2025-10-27,Absent,0.0,0.0
4351,214,2025-06-05,ABSENT,0.0,0.0
4352,215,2025-10-09,Absent,0.0,0.0
4353,215,2025-03-27,late,5.4,0.0
4354,215,2025-05-06,Present,8.2,0.0
4355,215,2025-10-04,Absent,0.0,0.0
4356,215,2025-10-12,Present,7.3,0.0
4357,215,2025-03-04,Present,8.2,0.0
4358,215,2025-09-10,Absent,0.0,0.0
4359,215,2025-07-21,Absent,0.0,
4360,215,2025-01-11,Present,7.6,0.0
4361,215,2025-05-10,Present,7.9,0.0
4362,215,2025-09-13,Present,7.4,0.0
4363,215,2025-04-03,Present,7.6,0.0
4364,215,2025-10-26,PRESENT,7.2,0.0
4365,216,31/03/2025,Present,9.3,0.0
4366,216,2025-06-19,Absent,0.0,0.0
4367,216,2025-11-02,Present,8.3,0.0
4368,216,2025-09-12,Present,8.0,0.0
4369,216,2025-12-29,Present,8.3,0.0
4370,216,2025-10-24,Present,8.6,0.0
4371,216,2025-09-23,Absent,,0.0
4372,216,2025-03-18, Absent,,0.0
4373,216,2025-12-12,Present,9.3,1.1
4374,216,06-Jul-2025,Present,7.7,
4375,216,2025-01-28,Present,9.4,0.0
4376,216,2025-01-23,Late,5.6,0.0
4377,216,2025-11-07,Present,7.1,0.0
4378,216,2025-08-27,Present,7.4,0.0
4379,216,2025-10-19,Present,7.1,0.0
4380,216,21/12/2025,Present,9.5,
4381,216,2025-07-10,Present,7.7,0.0
4382,216,2025-05-02,Present,,0.0
4383,216,2025-02-01,Present,9.5,0.0
4384,216,2025-01-21,ABSENT,0.0,0.0
4385,216,2025-05-23,Present,8.5,0.0
4386,216,2025-07-18,Present,7.1,0.0
4387,216,2025-10-21,Late,4.7,0.0
4388,216,2025-06-27,Present,8.2,0.0
4389,216,2025-04-18,Present,8.0,0.0
4390,216,17/02/2025,Absent,0.0,0.0
4391,216,18-Mar-2025,Present,8.5,0.0
4392,217,10-28-2025,Present,8.1,0.0
4393,217,2025-02-17,Present,9.3,0.0
4394,217,2025-12-01,Present,8.3,0.0
4395,217,2025-01-30,Present,8.7,0.0
4396,217,2025-01-03,Present,9.2,0.0
4397,217,2025-02-12,Present,7.4,0.0
4398,217,2025-02-17,Present,7.6,0.9
4399,217,2025-07-23,Absent,0.0,0.0
4400,217,2025-03-19,Present,7.3,2.3
4401,217,22/03/2025,Late,5.5,0.0
4402,217,2025-12-25,PRESENT,8.1,0.0
4403,217,2025-12-05,Late,7.4,1.0
4404,217,11/12/2025,Late,6.1,0.8
4405,217,26/07/2025,late,5.5,0.0
4406,217,2025-01-22,Late,6.1,0.0
4407,217,2025-08-17,Late,7.3,0.0
4408,217,2025-09-28,Present,8.0,0.0
4409,217,04-12-2025,Present,7.2,0.0
4410,217,04-20-2025,Absent,0.0,0.0
4411,217,2025-10-20,Present,8.0,
4412,217,2025-04-17,Present,7.4,0.0
4413,217,22/08/2025,Present,7.6,0.0
4414,217,2025-06-04,Present,8.5,0.7
4415,217,2025-05-25,Present,8.2,2.6
4416,217,01-12-2025,Present,8.1,0.0
4417,217,2025-11-17,Present,7.0,0.0
4418,217,2025-01-05,Present,9.5,0.0
4419,217,2025-03-10,Leave,0.0,0.0
4420,218,2025-05-27,Present,7.9,3.2
4421,218,2025-10-30,Absent,0.0,0.0
4422,218,2025-07-07,Present,7.8,0.0
4423,218,07-14-2025,Present,8.2,1.9
4424,218,2025-12-02,Absent,0.0,0.0
4425,218,20-Apr-2025,PRESENT,7.9,0.0
4426,218,2025-06-26,Absent,0.0,0.0
4427,218,2025-12-22,Present,7.1,0.0
4428,218,2025-02-19,Absent,0.0,0.0
4429,218,2025-08-21,Absent,0.0,0.0
4430,218,22/05/2025,Absent,0.0,0.0
4431,218,2025-07-03,PRESENT,7.9,0.0
4432,218,2025-07-18,Late,7.2,0.0
4433,218,2025-04-19,Present,8.7,0.0
4434,218,2025-02-08,Present,7.4,
4435,218,2025-01-14,Absent,0.0,0.0
4436,218,2025-09-04,Present,8.5,0.0
4437,218,2025-07-05,Present,9.2,0.0
4438,218,2025-10-13,Present,8.8,1.0
4439,218,03-Nov-2025,Present,9.2,0.0
4440,218,2025-02-13,Present,7.8,0.0
4441,218,2025-01-12,Present,8.1,2.3
4442,218,2025-05-25,Present,9.1,0.0
4443,218,2025-02-24,Leave,0.0,0.0
4444,218,2025-05-14,Present,9.3,0.0
4445,218,2025-12-17,Present,9.3,0.5
4446,218,2025-12-26,Present,9.3,0.0
4447,218,2025-05-08,Absent,0.0,0.0
4448,218,2025-01-09,Present,7.1,0.0
4449,219,2025-07-27,present,7.7,0.0
4450,219,24-Nov-2025,Present,8.3,0.0
4451,219,2025-06-07,Present,,0.0
4452,219,2025-10-30,Present,8.5,0.0
4453,219,07-10-2025,Leave,0.0,0.0
4454,219,2025-03-30,Present,8.2,
4455,219,2025-02-24,Absent,0.0,0.0
4456,219,2025-05-09,Present,9.3,1.3
4457,219,2025-01-23,Present,7.7,0.0
4458,219,21-Sep-2025,Absent,0.0,0.0
4459,219,04-17-2025,Absent,0.0,0.0
4460,219,2025-07-31,Present,9.3,0.8
4461,219,2025-07-24,LATE,6.3,0.0
4462,219,08/09/2025,Absent,0.0,0.0
4463,219,2025-09-22,Absent,0.0,0.0
4464,219,2025-01-07,Present,8.7,0.0
4465,219,2025-12-10,Present,8.3,2.9
4466,219,2025-10-31,Absent,0.0,
4467,219,2025-02-25,Present,7.4,0.0
4468,219,2025-08-26,Absent,0.0,0.0
4469,219,09-18-2025,Absent,0.0,0.0
4470,219,2025-08-20,Absent,0.0,0.0
4471,219,28/01/2025,Present,9.1,0.0
4472,219,2025-02-10,PRESENT,7.4,
4473,220,28/05/2025,Leave,0.0,0.0
4474,220,2025-09-29,Present,8.0,0.0
4475,220,2025-04-13,Present,7.2,0.0
4476,220,2025-12-27, Absent,0.0,0.0
4477,220,2025-01-09,Present,8.4,0.0
4478,220,2025-09-30,Present,8.7,0.0
4479,220,2025-08-17,Present,9.4,0.0
4480,220,2025-05-10,Present,8.8,0.0
4481,220,2025-10-15,Absent,0.0,0.0
4482,220,2025-04-12,Present,8.4,0.0
4483,220,13-Apr-2025,Present,9.3,0.0
4484,220,2025-08-14,Present,8.2,0.0
4485,220,2025-07-21,Present,8.4,2.6
4486,220,2025-06-30,Present,8.0,0.0
4487,220,2025-03-12,Present,9.1,0.0
4488,220,2025-01-17,Absent,0.0,0.0
4489,220,2025-05-17,Present,7.5,0.0
4490,220,2025-06-09,Present,8.4,0.0
4491,220,13/01/2025,Present,8.8,0.0
4492,220,26-Jan-2025,Present,9.3,0.0
4493,220,2025-08-28,Absent,0.0,0.0
4494,220,2025-05-10,Absent,0.0,0.0
4495,220,2025-12-02,Absent,0.0,0.0
4496,220,2025-05-01,Present,9.2,0.0
4497,220,2025-02-04,Present,8.3,0.0
4498,220,2025-12-25,Present,8.6,0.0
4499,220,2025-05-19,Present,8.0,0.0
4500,220,2025-12-08,Present,8.2,3.7
4501,220,2025-03-30,Absent,0.0,0.0
4502,220,2025-11-09,Present,9.3,3.6
4503,220,29/10/2025,Late,4.9,0.0
4504,220,2025-09-12,Present,9.1,0.0
4505,220,2025-11-07,Present,9.4,0.0
4506,220,2025-04-25,Present,7.9,0.0
4507,220,2025-10-30,Present,8.3,3.2
4508,220,2025-08-01,Present,8.4,0.0
4509,220,2025-05-30,Absent,0.0,0.0
4510,220,2025-07-15,Present,9.5,2.1
4511,220,2025-09-06,Late,6.6,3.3
4512,220,2025-09-03,Present,8.2,0.0
4513,221,2025-03-31,Present,9.1,0.0
4514,221,2025-04-18,Present,8.4,0.0
4515,221,2025-12-09,Present,8.0,0.0
4516,221,2025-10-19,Present,7.3,0.0
4517,221,2025-08-17,Present,8.0,3.1
4518,221,16-May-2025,Present,9.3,0.0
4519,221,2025-12-05,Present,7.6,0.0
4520,221,2025-01-27,Present,7.9,0.0
4521,221,04/10/2025,Present,7.4,2.9
4522,221,2025-07-30,late,7.4,0.0
4523,221,2025-12-07,Present,8.6,0.0
4524,221,2025-12-05,Present,8.5,2.4
4525,221,10-07-2025,Present,7.2,0.0
4526,221,05-01-2025, Present,8.8,0.0
4527,221,11-11-2025,Present,8.5,0.0
4528,221,2025-10-27,Present,8.7,3.6
4529,221,2025-02-27,Late,6.9,0.0
4530,221,2025-01-12,Present,9.0,0.0
4531,221,2025-11-17,Present,9.3,0.0
4532,221,12-05-2025,Present,9.5,0.0
4533,221,2025-02-06,Present,8.5,0.0
4534,221,14/05/2025,Present,7.3,2.1
4535,221,03-Mar-2025,Present,9.0,0.0
4536,221,2025-07-02,PRESENT,7.1,0.0
4537,221,2025-04-30,Present,7.1,0.0
4538,221,2025-09-17,Present,7.2,0.0
4539,221,2025-10-04,PRESENT,8.8,0.0
4540,221,2025-05-13,Present,8.3,0.0
4541,221,2025-06-13,Present,7.9,0.9
4542,221,03-Apr-2025,Present,8.8,0.0
4543,221,2025-02-13,Present,7.8,
4544,221,2025-11-28,Present,7.7,0.0
4545,221,2025-09-19,Present,8.6,0.0
4546,221,30/10/2025,Present,8.4,0.0
4547,222,2025-12-10,Present,7.9,0.0
4548,222,2025-03-19,Present,8.6,0.0
4549,222,2025-10-24,Present,7.7,0.0
4550,222,02/09/2025,Present,9.0,1.3
4551,222,2025-01-23,Present,7.4,0.0
4552,222,2025-03-02,Present,9.0,0.0
4553,222,2025-10-25,Present,8.8,0.0
4554,222,2025-01-23,Present,7.5,
4555,222,08-May-2025,Late,4.8,0.0
4556,222,12-20-2025,Present,9.1,
4557,222,2025-07-13,Present,8.9,0.0
4558,222,2025-08-24,Present,7.8,0.0
4559,222,2025-12-04,Present,8.6,0.0
4560,222,05-30-2025,Present,7.3,0.0
4561,222,08-04-2025,Present,8.3,0.0
4562,222,2025-11-09,Present,7.0,0.0
4563,222,2025-05-16,Present,8.0,
4564,222,2025-05-17,Present,7.2,0.0
4565,222,2025-02-03,Present,8.2,0.0
4566,222,2025-06-23,Late,5.8,2.1
4567,223,2025-07-02,Present,7.1,0.0
4568,223,2025-11-19,Present,7.9,0.0
4569,223,2025-03-06,Absent,0.0,0.0
4570,223,2025-10-21,Present,8.9,0.0
4571,223,05-17-2025,Present,7.9,0.0
4572,223,2025-09-14,present,8.8,
4573,223,2025-08-12, Leave,0.0,0.0
4574,223,2025-05-13,Present,8.1,0.0
4575,223,27/09/2025,Present,8.4,0.0
4576,223,2025-08-06,Absent,0.0,0.0
4577,223,02-02-2025,Late,7.4,0.9
4578,223,2025-02-27,Present,7.1,0.0
4579,223,08-May-2025,Present,8.5,0.0
4580,223,2025-11-04,Present,9.4,0.0
4581,223,2025-04-15,Present,9.5,2.2
4582,223,20/04/2025,Present,8.2,0.0
4583,223,2025-01-01,Present,8.6,0.0
4584,223,2025-01-23,Present,8.4,0.0
4585,223,2025-09-19,LATE,6.4,0.0
4586,223,2025-12-25,Absent,0.0,0.0
4587,223,2025-03-26,PRESENT,9.2,0.0
4588,223,2025-06-04,Present,8.9,0.0
4589,224,2025-11-12,Absent,0.0,0.0
4590,224,2025-06-12,Present,8.2,0.0
4591,224,2025-12-23,PRESENT,8.2,2.7
4592,224,10-18-2025,Present,8.1,0.0
4593,224,2025-08-29,Present,8.1,0.0
4594,224,2025-02-03,Present,7.0,1.1
4595,224,13/05/2025,Present,8.2,0.0
4596,224,2025-10-07,Present,9.1,0.0
4597,224,2025-01-02,Present,7.7,0.0
4598,224,2025-10-10,Late,6.1,0.0
4599,224,2025-08-15,Present,7.9,0.0
4600,224,2025-02-23,Present,7.3,0.0
4601,224,2025-11-15,leave,0.0,0.0
4602,224,2025-07-21,Present,9.4,0.0
4603,224,07-Oct-2025,Present,9.1,0.0
4604,224,2025-11-13,Present,7.2,0.0
4605,224,2025-10-25,Present,8.8,0.0
4606,224,2025-08-14,Present,7.9,0.0
4607,224,2025-10-18,Present,9.5,0.0
4608,224,2025-02-16,present,7.8,0.0
4609,224,2025-06-10,Present,7.6,2.5
4610,224,2025-03-05,Present,9.1,0.0
4611,224,2025-12-14,Late,5.1,0.0
4612,224,2025-09-02,Present,8.8,0.0
4613,224,2025-07-15,Present,7.2,3.7
4614,225,2025-02-28,Absent,0.0,0.0
4615,225,2025-02-10,Present,7.2,0.0
4616,225,2025-04-27,Present,9.3,0.0
4617,225,2025-10-12,Present,8.2,0.0
4618,225,2025-06-10,Present,8.1,0.0
4619,225,2025-11-28,Absent,0.0,0.0
4620,225,2025-09-21,Present,9.4,0.0
4621,225,2025-11-03,Absent,0.0,0.0
4622,225,2025-09-06,Absent,,0.0
4623,225,2025-01-13,Present,9.5,0.0
4624,225,2025-06-04,Present,8.6,0.0
4625,225,2025-10-25,Present,7.3,2.3
4626,225,2025-07-12,Present,8.3,0.0
4627,225,2025-05-21,Present,8.3,0.0
4628,225,2025-10-13,PRESENT,8.4,0.0
4629,225,2025-07-30,Absent,0.0,0.0
4630,225,2025-08-12,Present,7.0,3.0
4631,226,2025-06-09,Present,8.8,0.0
4632,226,2025-09-08,Present,7.3,0.0
4633,226,2025-01-15,Present,8.4,0.0
4634,226,2025-06-07,Present,8.4,0.0
4635,226,2025-04-09,Present,8.7,0.0
4636,226,2025-01-15,Present,7.2,0.0
4637,226,2025-07-09,Late,6.4,0.0
4638,226,2025-07-15,Present,7.7,0.0
4639,226,2025-04-05,Present,8.3,0.0
4640,226,2025-05-29,Absent,0.0,0.0
4641,226,23-Jul-2025,Present,8.9,0.0
4642,226,2025-06-27,Late,6.6,0.9
4643,226,2025-12-22,Present,8.5,0.0
4644,226,2025-04-06,Absent,0.0,0.0
4645,226,19-Mar-2025,Present,9.4,0.0
4646,226,2025-08-20,Present,7.4,0.0
4647,226,2025-12-22,Present,9.1,0.0
4648,226,03-10-2025,Present,8.8,0.0
4649,226,2025-07-19,Absent,0.0,0.0
4650,226,10/02/2025,Absent,0.0,0.0
4651,226,2025-12-30,Present,8.9,1.5
4652,226,15-Sep-2025,Present,7.7,0.0
4653,226,2025-09-22,Present,9.3,0.0
4654,227,2025-01-04,Present,7.9,0.0
4655,227,2025-01-08,Absent,0.0,0.0
4656,227,2025-10-29,Present,7.2,0.0
4657,227,2025-12-31,Present,,0.0
4658,227,2025-04-11,Present,7.3,0.0
4659,227,2025-11-01,Present,9.0,0.0
4660,227,2025-01-07,Present,8.6,0.0
4661,227,2025-03-11,Present,9.2,0.0
4662,227,2025-05-15,Present,9.0,0.0
4663,227,2025-08-06, Absent,0.0,0.0
4664,228,2025-02-26,Present,7.3,1.8
4665,228,2025-09-28,Absent,0.0,0.0
4666,228,2025-09-03,Absent,0.0,0.0
4667,228,2025-08-09,Absent,0.0,0.0
4668,228,29/10/2025,Present,8.9,0.0
4669,228,2025-09-30,Absent,0.0,0.0
4670,228,2025-10-11,Absent,0.0,0.0
4671,228,2025-11-22,Absent,0.0,0.0
4672,228,2025-05-16,Present,8.0,0.0
4673,228,2025-03-07,absent,0.0,0.0
4674,228,2025-10-13,Present,9.4,0.0
4675,228,2025-06-16,Present,8.8,0.0
4676,228,2025-05-18,Absent,0.0,0.0
4677,228,2025-12-13,Present,7.0,0.0
4678,228,2025-12-01,Absent,0.0,0.0
4679,228,2025-11-30,Late,7.1,0.0
4680,228,2025-04-11,present,7.3,1.0
4681,228,2025-03-13,Present,8.8,0.0
4682,228,2025-08-18,Absent,0.0,0.0
4683,228,03/10/2025,PRESENT,9.2,0.0
4684,228,2025-09-09,Present,8.3,0.0
4685,228,2025-02-13,Late,5.4,0.0
4686,229,2025-07-23,Present,7.9,0.0
4687,229,2025-05-31,Present,7.9,0.0
4688,229,2025-03-27,Present,7.8,1.4
4689,229,2025-10-12,Present,8.5,0.0
4690,229,2025-02-07,Present,9.3,0.0
4691,229,2025-01-07,Present,7.8,1.2
4692,229,2025-02-04,Present,9.1,0.0
4693,229,2025-05-07,Present,8.9,0.0
4694,229,2025-11-22,Present,9.3,0.0
4695,229,2025-04-28,Present,,0.0
4696,229,2025-03-16,Present,7.4,0.0
4697,230,2025-06-19,Present,8.4,0.0
4698,230,2025-01-07,Absent,0.0,0.0
4699,230,2025-12-25,Present,8.5,0.0
4700,230,2025-09-21,Absent,0.0,0.0
4701,230,2025-07-22,Present,8.2,0.0
4702,230,2025-09-21,Present,8.5,0.0
4703,230,2025-06-26,Present,7.5,0.0
4704,230,11/05/2025,Present,8.2,0.0
4705,230,2025-05-14,Absent,0.0,0.0
4706,230,2025-01-28,Present,8.6,0.0
4707,230,2025-10-01,Present,8.1,0.0
4708,231,2025-09-01,Present,8.7,0.0
4709,231,2025-12-27,Present,8.1,1.7
4710,231,2025-11-25,Present,7.8,0.0
4711,231,2025-12-09,Present,8.0,0.0
4712,231,05-Mar-2025,Absent,0.0,0.0
4713,231,2025-08-22,present,7.1,0.0
4714,231,2025-05-11,Present,8.7,0.0
4715,231,11-15-2025,Present,9.1,0.0
4716,231,2025-10-28,Present,7.9,0.0
4717,231,2025-12-20,Present,7.1,0.0
4718,231,2025-06-11,Present,9.5,0.0
4719,231,2025-09-03,Absent,0.0,0.0
4720,231,2025-08-19,PRESENT,7.7,0.0
4721,231,2025-04-30,Absent,0.0,0.0
4722,231,2025-02-15,Present,7.3,0.0
4723,231,2025-10-04,Present,7.9,0.0
4724,232,2025-05-10,Present,8.8,1.5
4725,232,15/04/2025,present,8.4,
4726,232,2025-10-31,Present,8.0,0.0
4727,232,02-May-2025,Present,7.3,1.7
4728,232,2025-02-27,Present,8.8,0.0
4729,232,2025-09-13,Late,6.3,0.0
4730,232,2025-03-22,present,7.3,0.0
4731,232,2025-03-30,Present,7.4,0.0
4732,232,2025-01-26,Present,8.6,0.0
4733,232,04-19-2025,Present,9.0,1.7
4734,232,2025-03-01,Late,6.3,0.0
4735,232,2025-01-02,Late,5.0,0.0
4736,232,2025-07-17,Present,7.8,0.0
4737,232,2025-01-24,present,7.1,0.0
4738,232,2025-11-20,Present,8.9,0.0
4739,232,2025-12-13,Present,8.0,0.0
4740,232,01-06-2025,Present,9.0,0.0
4741,232,2025-04-07,Present,,0.0
4742,232,2025-05-28,Late,7.0,0.0
4743,232,2025-10-11,Present,,0.0
4744,232,2025-05-05,Present,7.5,3.9
4745,233,2025-09-19,Present,8.8,0.0
4746,233,2025-05-22,Present,9.1,
4747,233,2025-10-09,Present,7.0,0.0
4748,233,08/06/2025,Present,7.9,0.0
4749,233,2025-06-11,Present,8.9,0.0
4750,233,2025-01-18,Absent,0.0,0.0
4751,233,2025-01-09,Present,7.2,0.0
4752,233,2025-04-04,Absent,0.0,0.0
4753,233,2025-05-23,Present,8.4,0.0
4754,233,2025-10-29,Present,8.1,0.0
4755,233,2025-06-19,Absent,0.0,0.0
4756,233,19-Dec-2025,Absent,0.0,0.0
4757,233,08-10-2025,Present,7.0,0.0
4758,233,2025-08-05,Present,7.6,1.5
4759,233,2025-11-28,Present,7.3,0.0
4760,234,2025-02-14,Present,8.6,0.0
4761,234,2025-04-26,Present,7.6,1.5
4762,234,2025-08-17,Present,9.2,2.1
4763,234,2025-11-11,Present,8.0,0.0
4764,234,18/05/2025,Present,8.8,0.0
4765,234,2025-09-25,Present,9.3,0.0
4766,234,2025-10-15,Present,7.1,0.0
4767,234,2025-10-08,Absent,0.0,0.0
4768,234,2025-10-11,Absent,0.0,0.0
4769,234,2025-10-01,Present,8.1,0.0
4770,234,2025-07-27,Absent,0.0,0.0
4771,234,2025-11-07,Late,6.3,1.6
4772,234,2025-04-30,Present,8.9,0.0
4773,234,2025-09-24,Present,9.4,0.0
4774,234,2025-08-30, Present,9.4,0.0
4775,234,2025-11-25,Late,5.3,0.0
4776,234,06/07/2025,Absent,0.0,0.0
4777,234,2025-10-30,late,5.2,0.0
4778,234,2025-02-09,Present,,0.0
4779,234,12/01/2025,Present,8.1,0.0
4780,234,2025-01-12,Present,7.5,3.0
4781,234,26-Dec-2025,PRESENT,7.7,0.0
4782,234,2025-11-20,Present,7.7,0.0
4783,234,06-Apr-2025,Absent,0.0,0.0
4784,234,2025-06-04,Present,9.2,0.0
4785,235,2025-01-03,Present,7.4,0.0
4786,235,20/10/2025,Absent,0.0,0.0
4787,235,2025-03-13,Present,7.2,0.0
4788,235,2025-07-04,Absent,0.0,0.0
4789,235,2025-06-10,Present,7.7,2.6
4790,235,07/09/2025,Leave,0.0,0.0
4791,235,28/12/2025,Absent,0.0,0.0
4792,235,2025-03-12,Present,7.3,0.0
4793,235,2025-04-05,Present,8.2,2.7
4794,235,12-11-2025,Present,9.1,0.0
4795,235,2025-03-16,Absent,0.0,0.0
4796,235,2025-11-08,Present,7.6,0.0
4797,235,12/03/2025,Late,7.0,0.0
4798,235,2025-03-14,present,7.6,0.0
4799,235,2025-09-20,Present,8.7,0.0
4800,235,2025-12-29,Present,8.1,0.0
4801,235,2025-05-16,Present,7.3,0.0
4802,235,2025-03-09,Absent,0.0,0.0
4803,235,10-11-2025,Absent,0.0,0.0
4804,235,2025-05-31,Late,6.6,0.0
4805,236,2025-01-24,Present,7.5,0.0
4806,236,2025-03-06,ABSENT,0.0,0.0
4807,236,2025-10-23,LATE,5.0,0.0
4808,236,2025-07-07, Present,7.9,2.8
4809,236,2025-10-22,Absent,0.0,
4810,236,26-Jan-2025,Absent,0.0,0.0
4811,236,2025-07-24,Leave,0.0,0.0
4812,236,2025-12-27,Present,7.6,0.0
4813,236,2025-01-28,Present,7.5,0.0
4814,236,11/03/2025,Present,7.0,0.0
4815,236,2025-04-01,Present,8.2,0.0
4816,236,2025-11-09,Present,8.1,0.0
4817,236,2025-05-24,Absent,0.0,0.0
4818,236,15-Feb-2025,Present,7.6,0.0
4819,237,2025-09-22,Late,,0.0
4820,237,2025-08-20,Late,5.8,3.3
4821,237,2025-08-03,Absent,0.0,0.0
4822,237,2025-10-05,Present,8.8,0.0
4823,237,2025-07-11,Absent,0.0,0.0
4824,237,02-03-2025,Absent,0.0,0.0
4825,237,2025-06-29,Present,9.2,0.0
4826,237,2025-01-31,Absent,0.0,0.0
4827,237,2025-10-22,Present,7.0,3.9
4828,237,02/04/2025,Present,7.9,
4829,237,2025-02-25,Present,9.5,0.0
4830,237,2025-06-11,Late,5.3,2.2
4831,237,2025-01-23,Present,7.9,0.0
4832,237,2025-08-14,Absent,0.0,0.0
4833,237,2025-10-19,Absent,0.0,0.0
4834,237,2025-01-23,Absent,0.0,0.0
4835,237,02-06-2025,Present,7.9,0.0
4836,237,2025-12-15,Absent,0.0,0.0
4837,237,2025-09-05,Leave,0.0,0.0
4838,237,2025-12-25,Present,9.1,0.0
4839,237,2025-09-16,Present,8.9,0.0
4840,237,2025-12-31,Present,9.5,0.0
4841,237,11-27-2025,Absent,0.0,0.0
4842,238,2025-10-18,Present,8.5,0.0
4843,238,2025-10-12,Present,8.2,0.0
4844,238,2025-07-31,Late,4.8,0.0
4845,238,2025-05-23,Present,9.5,0.0
4846,238,31/07/2025,Present,8.4,3.0
4847,238,2025-11-16,Present,8.0,0.0
4848,238,03-14-2025,Present,8.4,0.0
4849,238,2025-06-09,Present,9.4,1.1
4850,238,2025-02-06,Absent,0.0,0.0
4851,238,2025-06-20,Absent,0.0,0.0
4852,238,2025-06-30,Present,7.7,0.0
4853,238,2025-07-26,Absent,0.0,0.0
4854,238,2025-04-04,Absent,0.0,0.0
4855,238,2025-06-01,Absent,0.0,0.0
4856,238,2025-07-04,Present,7.4,0.0
4857,238,2025-05-04,Late,6.9,0.0
4858,238,2025-08-04,Present,7.2,
4859,238,2025-05-20,PRESENT,7.2,0.0
4860,238,08-08-2025,PRESENT,7.7,0.0
4861,238,2025-04-23,Present,8.3,0.0
4862,238,2025-06-03,Present,8.0,0.0
4863,239,2025-10-08,Late,4.6,0.0
4864,239,2025-04-27,Leave,0.0,0.0
4865,239,2025-11-19,Present,9.4,0.0
4866,239,2025-03-12,Present,9.4,0.0
4867,239,2025-01-28,Present,7.7,0.0
4868,239,05-22-2025,present,8.8,
4869,239,2025-08-18,Present,8.4,0.0
4870,239,2025-07-06,Present,7.6,
4871,239,2025-10-17,Absent,0.0,0.0
4872,239,2025-01-05,Present,7.7,0.0
4873,239,2025-06-20,Present,8.2,0.0
4874,239,2025-01-22,Present,8.0,0.0
4875,239,2025-01-15,Present,7.7,0.0
4876,239,2025-04-30,absent,0.0,0.0
4877,239,2025-02-12,Present,9.0,0.0
4878,239,2025-09-17,Present,8.2,2.8
4879,239,2025-12-18,Absent,0.0,0.0
4880,239,2025-06-18,Present,7.5,0.0
4881,239,2025-08-16,Present,8.3,1.6
4882,239,2025-12-26,Absent,0.0,0.0
4883,239,2025-11-21,Absent,0.0,0.0
4884,239,2025-11-14,Leave,0.0,0.0
4885,239,2025-04-30,Late,6.1,0.0
4886,239,2025-05-18,Present,9.0,3.2
4887,239,2025-04-01,Present,7.9,0.0
4888,239,2025-12-08,Absent,0.0,0.0
4889,240,2025-08-13,Present,8.7,0.0
4890,240,2025-10-17,Present,9.4,0.0
4891,240,2025-01-06,Absent,0.0,0.0
4892,240,2025-08-02,Present,8.6,0.0
4893,240,2025-01-26,Absent,0.0,0.0
4894,240,26-Feb-2025,Present,7.4,0.0
4895,240,2025-04-04,Present,8.7,0.0
4896,240,2025-12-02,Present,7.3,0.0
4897,240,2025-08-14,Present,9.2,0.0
4898,240,2025-01-17,PRESENT,8.3,1.8
4899,240,2025-09-10,Absent,0.0,0.0
4900,240,2025-08-15,Present,7.1,0.0
4901,240,2025-08-26,Present,8.0,3.7
4902,240,2025-07-01,Present,7.1,0.0
4903,240,2025-07-07,Present,8.2,0.0
4904,240,2025-12-08,Present,9.3,1.9
4905,240,2025-01-05,Present,8.1,
4906,240,2025-12-13,Present,8.4,0.0
4907,240,2025-01-07,ABSENT,0.0,0.0
4908,240,2025-10-24,Absent,0.0,0.0
4909,240,23/05/2025,Present,8.2,0.0
4910,240,2025-04-20,Present,7.4,0.0
4911,240,2025-12-24,Present,7.0,0.0
4912,241,06/02/2025,Present,8.5,0.0
4913,241,2025-02-18,Present,9.3,0.0
4914,241,06-22-2025,Present,7.3,0.0
4915,241,2025-03-31,Present,7.5,0.0
4916,241,2025-05-05,Present,7.9,0.0
4917,241,24/06/2025,LATE,6.9,0.0
4918,241,2025-02-06,Absent,0.0,0.0
4919,241,07-28-2025,Present,7.7,0.0
4920,241,2025-10-23,Absent,0.0,0.0
4921,241,2025-01-10,Present,9.2,0.0
4922,241,2025-10-08,absent,0.0,0.0
4923,241,2025-10-07,Present,7.1,0.0
4924,241,2025-05-15,Absent,0.0,0.0
4925,241,2025-12-23,Present,9.4,0.0
4926,241,14/09/2025,Present,8.4,0.0
4927,241,2025-04-22,Present,,0.0
4928,241,2025-05-28,Present,7.9,0.0
4929,241,2025-07-11,Present,9.0,1.1
4930,241,21/07/2025,Present,7.1,0.0
4931,241,2025-03-22,Present,8.0,3.5
4932,241,2025-03-24,Present,8.9,0.0
4933,241,2025-02-07,Present,8.3,0.0
4934,241,2025-06-10,Present,8.4,0.0
4935,241,2025-04-05,Present,7.3,0.0
4936,241,2025-05-11,Late,7.0,3.3
4937,242,2025-04-06,Present,8.6,0.0
4938,242,03-18-2025,Absent,0.0,0.0
4939,242,24-Apr-2025,Absent,0.0,0.0
4940,242,2025-02-18,Absent,0.0,0.0
4941,242,2025-01-17,Present,8.2,0.0
4942,242,2025-08-04,Present,9.4,3.6
4943,242,2025-05-06,Absent,0.0,0.0
4944,242,2025-10-04,Present,8.6,0.0
4945,242,2025-05-10,Absent,0.0,0.0
4946,242,2025-03-19,Present,7.9,2.7
4947,242,2025-07-16,Late,6.2,0.0
4948,242,2025-03-11,Present,8.0,1.6
4949,242,2025-12-14,Absent,0.0,
4950,242,2025-08-22,Absent,0.0,0.0
4951,242,2025-10-16,Present,8.0,0.0
4952,242,19-Aug-2025,Absent,0.0,0.0
4953,242,2025-10-17,Present,8.4,2.0
4954,242,10-31-2025,Present,7.7,0.0
4955,242,2025-06-09,Absent,0.0,0.0
4956,242,2025-01-24,Absent,0.0,0.0
4957,242,2025-05-04,Late,6.8,0.0
4958,242,2025-04-02,Present,8.3,0.0
4959,242,2025-03-14,Present,7.2,0.0
4960,242,2025-04-06,Absent,0.0,0.0
4961,242,25/08/2025,Present,7.9,0.0
4962,242,2025-12-22,Present,9.2,3.1
4963,242,2025-08-16,Absent,0.0,0.0
4964,242,2025-06-26,Present,7.8,0.0
4965,243,2025-10-09,Absent,0.0,0.0
4966,243,2025-04-07,Present,9.3,0.0
4967,243,2025-02-20,Present,7.2,0.0
4968,243,2025-12-05,Late,7.4,0.0
4969,243,2025-09-26,Present,7.6,0.0
4970,243,2025-09-08,Present,7.0,0.0
4971,243,10-17-2025,Absent,0.0,0.0
4972,243,2025-02-24,Present,8.1,
4973,243,2025-04-19,PRESENT,7.9,0.0
4974,243,2025-10-09,Absent,0.0,0.0
4975,243,2025-10-29,Present,8.3,0.0
4976,243,2025-08-26,Present,9.0,0.0
4977,243,2025-12-27,Present,9.1,0.0
4978,243,2025-09-22,Absent,0.0,0.0
4979,243,2025-01-26,Present,8.0,0.0
4980,243,2025-05-02,Present,8.1,0.0
4981,243,2025-12-25,Present,7.4,0.0
4982,243,2025-10-08,Present,7.1,0.0
4983,243,2025-03-21,Present,8.6,0.0
4984,243,2025-03-30,Present,7.2,0.0
4985,243,2025-06-09,Present,8.8,0.0
4986,243,21/09/2025,Late,,
4987,243,2025-09-02,Late,5.1,2.4
4988,244,2025-10-10,Absent,0.0,0.0
4989,244,2025-05-31,Present,7.5,0.0
4990,244,28-Apr-2025,Absent,0.0,0.0
4991,244,21/03/2025,Absent,0.0,0.0
4992,244,2025-02-15,ABSENT,0.0,0.0
4993,244,2025-09-07,Present,8.1,0.0
4994,244,03-09-2025,Present,9.0,0.0
4995,244,2025-02-26,Absent,0.0,
4996,244,2025-07-04,Present,8.2,0.0
4997,244,12-25-2025,Absent,0.0,0.0
4998,244,2025-03-06,Present,7.4,0.0
4999,244,2025-03-07,Absent,0.0,0.0
5000,244,2025-04-17,Present,8.8,0.0
5001,244,2025-12-23,Absent,0.0,0.0
5002,244,2025-03-09,Absent,0.0,0.0
5003,245,2025-08-13,Present,7.5,0.0
5004,245,2025-03-07,Present,8.8,2.2
5005,245,2025-07-10,Present,8.1,3.5
5006,245,2025-03-08,Present,8.8,0.0
5007,245,2025-01-25,Present,7.1,0.0
5008,245,2025-01-02,Present,7.7,0.0
5009,245,2025-06-26,Present,9.2,0.0
5010,245,2025-08-14,Present,7.0,0.0
5011,245,2025-10-27,Late,6.1,0.0
5012,245,2025-03-09,Present,8.8,0.0
5013,245,30-Nov-2025,Present,8.6,0.0
5014,245,2025-08-01,Present,8.9,0.0
5015,245,2025-02-07,Present,8.8,0.0
5016,245,2025-11-08,Absent,0.0,0.0
5017,245,2025-03-23,Present,8.7,0.0
5018,245,2025-04-22,Late,7.0,0.0
5019,245,2025-05-15,Present,8.6,0.0
5020,245,2025-10-05,Present,8.0,2.2
5021,245,18/07/2025,Present,8.8,0.0
5022,245,2025-02-11,Present,9.2,0.0
5023,245,2025-03-02,Present,7.7,1.7
5024,245,2025-01-29,Present,9.3,0.0
5025,246,08/07/2025,present,8.4,0.0
5026,246,21/07/2025,Present,7.4,0.0
5027,246,2025-01-21,Leave,0.0,0.0
5028,246,2025-12-25,Leave,0.0,0.0
5029,246,20/03/2025,Absent,0.0,0.0
5030,246,2025-09-20,Present,8.7,0.0
5031,246,2025-01-31,Late,7.5,0.0
5032,246,2025-05-11,Late,7.0,3.1
5033,246,2025-08-09,Leave,0.0,0.0
5034,246,2025-04-11,PRESENT,7.5,0.0
5035,246,07/04/2025,Present,9.2,0.0
5036,246,2025-06-26,Absent,0.0,0.0
5037,246,2025-11-28,Present,8.3,0.0
5038,246,2025-04-08,Absent,0.0,0.0
5039,246,2025-03-28,Leave,0.0,0.0
5040,247,08-11-2025,Present,9.2,1.7
5041,247,2025-06-01,PRESENT,7.2,0.0
5042,247,30-Jul-2025,Present,8.2,0.0
5043,247,25/06/2025,Present,7.7,0.0
5044,247,14/06/2025,Present,8.8,0.0
5045,247,2025-12-14,Present,9.4,0.0
5046,247,01-21-2025,Present,8.7,0.0
5047,247,2025-11-01,Present,9.2,0.0
5048,247,2025-11-15,Present,8.1,3.2
5049,247,2025-05-03,Present,9.1,0.0
5050,247,2025-12-31,Late,6.6,0.0
5051,247,16/12/2025,Present,8.3,0.0
5052,247,2025-10-14,Present,8.6,0.0
5053,247,2025-03-10,Present,8.8,0.0
5054,247,2025-05-25,Present,7.6,0.0
5055,247,2025-04-06,Present,9.0,0.0
5056,247,2025-07-06,Present,9.4,0.0
5057,248,14-May-2025,Present,8.2,0.0
5058,248,2025-01-18,Present,8.8,0.0
5059,248,2025-02-10,Present,8.8,0.0
5060,248,2025-12-09,Present,8.7,0.0
5061,248,2025-07-11,Present,8.4,0.0
5062,248,2025-08-28,PRESENT,9.2,0.0
5063,248,2025-12-20,Present,8.1,0.0
5064,248,2025-06-19,Present,7.2,0.0
5065,248,2025-12-31,Present,9.1,0.0
5066,248,2025-05-18,Present,8.7,0.0
5067,248,2025-11-22,Late,7.0,0.0
5068,248,2025-05-03,Present,7.3,0.0
5069,248,2025-05-19,LATE,4.6,0.0
5070,248,2025-11-01,Present,9.3,0.0
5071,248,2025-02-02,Present,7.4,0.0
5072,248,2025-03-06,Absent,0.0,0.0
5073,248,2025-06-25,Absent,0.0,0.0
5074,248,2025-01-12,Present,9.0,0.0
5075,248,2025-10-21,Late,7.0,0.0
5076,249,2025-11-13,Present,8.8,0.0
5077,249,14-Feb-2025,Present,7.3,0.0
5078,249,24-Jul-2025,Present,8.7,0.0
5079,249,2025-07-10,Present,9.2,0.0
5080,249,2025-08-17,Absent,0.0,0.0
5081,249,2025-05-03,Absent,0.0,0.0
5082,249,2025-05-22,Absent,0.0,0.0
5083,249,2025-07-08,Present,8.1,0.0
5084,249,02-Mar-2025,Absent,0.0,0.0
5085,249,2025-07-17,Absent,0.0,0.0
5086,249,2025-05-27,Absent,0.0,0.0
5087,250,2025-12-08,Present,8.0,0.0
5088,250,2025-10-26,Late,5.8,0.0
5089,250,2025-03-22,Present,7.2,0.0
5090,250,2025-06-04,Present,9.2,0.0
5091,250,2025-04-20,Present,9.2,4.0
5092,250,18/10/2025,Present,8.5,0.0
5093,250,2025-08-23,Late,6.8,0.0
5094,250,2025-12-15,Present,7.5,2.8
5095,250,2025-11-27,Present,8.6,3.7
5096,250,2025-09-29,Present,9.1,0.0
5097,250,2025-03-14,Present,9.3,3.5
5098,250,10-09-2025,Present,9.2,0.0
5099,250,2025-10-13,Present,7.2,0.0
5100,250,2025-07-05,Present,9.1,0.0
5101,251,2025-04-01,Present,8.5,0.0
5102,251,24/08/2025,Absent,0.0,0.0
5103,251,2025-12-15,Present,8.0,0.0
5104,251,2025-01-25,Absent,0.0,0.0
5105,251,2025-04-10,Present,7.1,0.0
5106,251,2025-11-28,Present,8.7,0.0
5107,251,2025-12-21,Present,7.8,0.0
5108,251,2025-03-17,Absent,0.0,0.0
5109,251,2025-08-16,Present,8.2,2.9
5110,251,2025-08-09,Present,9.3,0.0
5111,251,2025-04-07,Absent,0.0,0.0
5112,251,2025-01-02,Absent,0.0,0.0
5113,251,2025-02-01,Present,9.1,2.1
5114,251,2025-11-19,Present,8.0,0.0
5115,251,2025-08-13,Present,7.6,1.8
5116,251,2025-07-08,Late,4.8,0.0
5117,251,2025-01-24,Absent,0.0,0.0
5118,251,19-Mar-2025,Present,9.4,0.0
5119,251,07-Mar-2025,Absent,0.0,0.0
5120,251,2025-04-06,Late,6.2,0.0
5121,251,2025-04-10,Absent,0.0,0.0
5122,251,01-14-2025,Present,7.3,0.0
5123,251,2025-10-21,Present,7.9,2.4
5124,252,2025-04-22,Present,8.3,0.0
5125,252,2025-11-18, Present,7.1,0.0
5126,252,2025-03-26,Present,9.4,
5127,252,12/04/2025,Late,5.3,0.0
5128,252,30-Dec-2025,Absent,0.0,0.0
5129,252,20/07/2025,Absent,0.0,0.0
5130,252,2025-01-14,Present,7.0,0.0
5131,252,20/11/2025,Present,7.2,0.0
5132,252,26/06/2025,Absent,0.0,0.0
5133,252,2025-07-11,Present,8.5,0.0
5134,252,04-Dec-2025,Present,7.3,0.0
5135,252,2025-03-17,Absent,0.0,0.0
5136,252,2025-11-24,Present,7.1,0.0
5137,252,2025-04-27,Present,7.9,0.0
5138,253,2025-09-25,Present,8.6,0.0
5139,253,2025-05-28,Absent,0.0,0.0
5140,253,2025-08-31,Present,7.3,0.0
5141,253,2025-04-24,Present,7.8,
5142,253,2025-04-27,Late,5.8,1.1
5143,253,2025-06-29,Present,8.3,0.0
5144,253,2025-02-16,Present,7.2,0.0
5145,253,2025-08-24,absent,0.0,0.0
5146,253,2025-04-06,Absent,0.0,0.0
5147,253,2025-09-12,Present,7.1,2.3
5148,253,16/09/2025,Present,7.6,0.0
5149,253,2025-04-13,Absent,0.0,0.0
5150,253,2025-02-20,Absent,0.0,0.0
5151,253,05-Mar-2025,Absent,0.0,0.0
5152,253,02-21-2025,Absent,0.0,0.0
5153,253,2025-10-11,Absent,0.0,
5154,253,2025-10-13,Present,7.2,0.0
5155,253,2025-04-04,Present,8.1,0.0
5156,253,2025-09-10,Present,9.3,0.0
5157,253,2025-08-11,Present,8.8,
5158,254,2025-10-01,Present,9.0,0.0
5159,254,2025-09-02,Present,,0.0
5160,254,15/05/2025,Late,7.4,0.0
5161,254,21-Apr-2025,Present,8.9,0.0
5162,254,2025-03-14,Present,8.5,0.0
5163,254,2025-09-18,Absent,0.0,0.0
5164,254,2025-02-24,Present,7.9,0.0
5165,254,2025-03-20,Present,7.5,0.0
5166,254,2025-10-17,Late,6.6,0.0
5167,254,2025-12-17,Present,9.5,0.0
5168,254,2025-07-01,Present,8.2,0.0
5169,254,2025-11-13,Present,8.8,0.0
5170,254,2025-07-10,Present,8.2,0.0
5171,254,05-May-2025,Present,8.1,0.0
5172,254,2025-09-03, Present,8.0,
5173,254,2025-11-28,Late,6.0,1.8
5174,254,2025-07-23,Present,8.9,0.0
5175,254,2025-02-23,Present,9.2,3.6
5176,254,09-Dec-2025,Present,7.6,0.0
5177,254,2025-06-06, Present,9.2,0.0
5178,254,2025-06-15,Late,5.5,0.0
5179,254,2025-02-06,Present,7.8,0.0
5180,254,2025-07-25,Present,8.8,0.0
5181,254,2025-05-27,Present,7.8,0.0
5182,254,31/08/2025,Present,7.1,0.0
5183,254,06-10-2025,Present,7.9,
5184,254,2025-01-24,Present,8.8,0.0
5185,254,2025-02-07,Present,7.8,0.0
5186,255,12-04-2025,Absent,0.0,0.0
5187,255,2025-02-14,Present,8.6,0.0
5188,255,2025-02-06,Absent,0.0,0.0
5189,255,2025-12-11,Present,8.7,0.0
5190,255,2025-01-09,PRESENT,8.8,0.0
5191,255,2025-10-23,Present,9.2,0.0
5192,255,2025-04-19,Present,8.1,0.0
5193,255,2025-09-12,Present,7.4,0.0
5194,255,2025-09-02,Present,7.8,0.0
5195,255,2025-01-10,Present,8.1,0.0
5196,256,2025-03-23,Present,8.8,0.5
5197,256,2025-11-30,Late,5.4,3.2
5198,256,2025-12-05,Absent,0.0,0.0
5199,256,06-07-2025,Absent,0.0,0.0
5200,256,2025-04-14,Present,8.7,0.0
5201,256,2025-08-09,Present,8.8,0.0
5202,256,2025-08-25,Leave,0.0,0.0
5203,256,2025-11-28,Late,6.9,3.2
5204,256,2025-09-25,Late,6.5,2.0
5205,256,2025-08-07,Late,7.5,0.0
5206,256,2025-02-10,Present,8.4,0.0
5207,256,05/04/2025, Absent,0.0,0.0
5208,256,2025-11-30,Absent,0.0,0.0
5209,256,2025-01-15,Late,5.1,0.0
5210,256,2025-10-23,Present,7.7,0.0
5211,256,2025-09-01,Present,8.7,0.0
5212,256,02-May-2025,Present,9.3,0.0
5213,257,2025-11-20,Present,7.4,0.0
5214,257,2025-12-24,Present,7.2,0.0
5215,257,2025-11-05,Absent,0.0,0.0
5216,257,2025-07-15,Present,9.2,0.0
5217,257,2025-09-20,Present,9.3,0.0
5218,257,2025-11-23,Present,7.7,0.0
5219,257,16-Mar-2025,Absent,,0.0
5220,257,2025-03-03,Present,7.9,
5221,257,2025-01-13,Present,8.7,0.0
5222,257,13-Jul-2025,Leave,0.0,0.0
5223,257,2025-05-25,Present,7.8,0.0
5224,257,2025-05-26,Present,9.2,0.0
5225,257,01/01/2025,Absent,0.0,0.0
5226,257,2025-10-15,Present,7.3,0.0
5227,257,2025-10-06,Present,7.1,0.0
5228,257,2025-07-25,Present,7.5,0.0
5229,257,2025-08-19,Present,7.7,0.0
5230,257,02-15-2025,Present,7.3,0.0
5231,257,27/06/2025,Present,7.2,0.0
5232,257,2025-05-12,Present,8.9,1.1
5233,257,2025-07-28,Late,7.2,0.0
5234,257,2025-04-23,Present,7.9,2.8
5235,257,2025-07-17,Present,7.6,0.0
5236,257,2025-11-12,Absent,0.0,
5237,257,2025-08-26,Present,7.6,2.5
5238,257,2025-11-22,Present,8.4,0.0
5239,257,2025-10-19,Present,8.9,0.0
5240,258,2025-04-16,Absent,0.0,0.0
5241,258,2025-07-09,Present,8.9,0.0
5242,258,2025-04-02,Present,,2.1
5243,258,28/09/2025,Absent,0.0,0.0
5244,258,2025-07-31,Present,9.2,0.0
5245,258,2025-05-01,Present,8.6,0.0
5246,258,2025-11-11,Late,7.5,0.0
5247,258,14-Oct-2025,Present,9.0,0.0
5248,258,2025-11-10,Present,7.1,0.0
5249,258,2025-07-31,Present,7.8,0.0
5250,258,2025-06-19,Present,8.4,0.0
5251,258,2025-05-30,Present,8.8,0.0
5252,258,2025-05-12,Present,8.4,0.0
5253,258,2025-06-06,Present,9.0,0.0
5254,258,2025-11-05,Present,7.7,0.0
5255,258,2025-05-05,Present,7.5,0.0
5256,258,2025-05-13,Late,4.7,0.0
5257,258,2025-04-26,Present,8.4,0.0
5258,258,2025-07-29,Late,6.6,0.0
5259,258,2025-12-13,present,7.8,0.0
5260,258,2025-03-29,Absent,0.0,0.0
5261,258,2025-01-25,Present,8.5,0.0
5262,258,2025-03-07,Present,7.1,0.0
5263,258,2025-04-22,Present,7.2,0.0
5264,259,2025-09-30,Present,8.8,
5265,259,2025-10-26,Present,7.9,0.0
5266,259,2025-05-08,Late,6.5,0.0
5267,259,2025-10-20, Present,,3.5
5268,259,2025-03-30,Late,5.0,0.0
5269,259,2025-01-23,Present,8.2,0.0
5270,259,09-23-2025,Present,8.8,0.0
5271,259,2025-12-30,Present,8.9,0.0
5272,259,2025-08-30,Present,9.0,1.3
5273,259,2025-03-06,Absent,0.0,0.0
5274,259,2025-01-06,Absent,0.0,
5275,259,2025-05-23,Present,7.5,0.0
5276,259,2025-07-15,Present,8.5,
5277,259,2025-11-09,Present,7.8,0.9
5278,259,15-Jan-2025,Late,6.7,0.0
5279,259,2025-07-02,Absent,0.0,0.0
5280,259,2025-02-28,Leave,0.0,0.0
5281,259,08-25-2025,Present,7.7,0.0
5282,259,2025-07-02,Present,7.4,0.0
5283,259,2025-04-08,PRESENT,7.4,0.0
5284,259,2025-12-13,Present,7.8,0.0
5285,259,2025-10-12,Present,8.5,0.0
5286,259,2025-02-10,Present,7.9,0.0
5287,260,2025-02-05,Late,4.6,0.0
5288,260,02/06/2025,Late,4.8,0.0
5289,260,2025-07-23,Present,7.7,2.8
5290,260,2025-04-25,Present,,0.0
5291,260,2025-01-25,Present,8.4,0.0
5292,260,2025-04-04,Late,4.9,0.0
5293,260,2025-12-10,Present,7.5,1.1
5294,260,08/05/2025,Late,4.7,0.0
5295,260,04-Apr-2025,Late,6.5,0.0
5296,260,2025-02-25,Absent,0.0,0.0
5297,261,2025-04-29,Present,8.2,0.0
5298,261,01/08/2025,Late,7.0,0.0
5299,261,12-03-2025,Absent,0.0,0.0
5300,261,2025-10-04,Present,7.2,1.0
5301,261,2025-11-30,Absent,0.0,0.0
5302,261,2025-12-29,Present,7.8,0.0
5303,261,24-May-2025,Absent,0.0,0.0
5304,261,26-Oct-2025,Present,8.9,
5305,261,2025-12-01,Absent,0.0,0.0
5306,261,2025-12-06,Present,7.8,0.0
5307,261,2025-05-27,Absent,0.0,0.0
5308,261,2025-05-15,Absent,0.0,0.0
5309,261,2025-01-20,Absent,0.0,0.0
5310,261,06-13-2025,Absent,0.0,0.0
5311,261,04-27-2025,Leave,0.0,0.0
5312,261,07-07-2025,Present,8.0,0.0
5313,261,2025-10-14,present,7.8,0.0
5314,261,07-20-2025,Absent,0.0,0.0
5315,261,2025-08-18,Present,,0.0
5316,261,2025-03-23,Absent,0.0,0.0
5317,261,2025-03-10,Late,7.3,0.0
5318,261,2025-04-30, Absent,0.0,0.0
5319,261,2025-01-09,Absent,0.0,0.0
5320,261,2025-07-25,Present,8.4,3.3
5321,261,2025-04-15,Present,8.6,0.0
5322,261,2025-04-23,Absent,0.0,0.0
5323,261,2025-07-29,Late,6.0,0.8
5324,261,2025-12-21,Absent,0.0,0.0
5325,261,2025-08-08,Present,8.6,0.0
5326,261,2025-01-06,Absent,0.0,0.0
5327,261,2025-08-07,Absent,0.0,0.0
5328,261,02-Sep-2025,Present,7.4,0.0
5329,261,2025-06-11,Absent,0.0,0.0
5330,261,2025-01-30,Absent,0.0,0.0
5331,262,2025-11-25,Present,8.0,2.7
5332,262,2025-03-30,Present,9.0,0.0
5333,262,2025-10-12,Present,8.7,0.0
5334,262,2025-03-29,late,6.5,0.0
5335,262,2025-03-09,Absent,0.0,0.0
5336,262,2025-10-04,Present,7.4,
5337,262,2025-10-25,Present,7.1,0.0
5338,262,2025-01-09,Absent,0.0,0.0
5339,262,2025-03-25,Present,8.8,0.0
5340,262,2025-03-09,Present,9.4,0.0
5341,262,2025-01-30,PRESENT,7.7,0.0
5342,262,2025-07-31,Present,7.2,0.0
5343,262,2025-10-07,Present,8.2,0.0
5344,262,2025-02-22,Present,9.1,0.0
5345,262,11-22-2025,PRESENT,8.4,0.0
5346,262,2025-05-14,Present,7.1,0.0
5347,263,2025-11-04,Present,9.4,0.0
5348,263,2025-05-16,Absent,0.0,0.0
5349,263,07-04-2025,Present,9.1,0.0
5350,263,2025-08-14,Absent,0.0,
5351,263,2025-12-13,Present,7.3,3.7
5352,263,2025-09-16,Present,8.1,1.8
5353,263,2025-03-21,present,8.2,3.4
5354,263,2025-10-27,Present,8.6,0.0
5355,263,2025-07-21,Present,,0.0
5356,263,2025-05-11,Present,9.4,0.0
5357,263,2025-03-17,Present,7.4,0.0
5358,263,2025-11-18,Late,6.7,0.0
5359,263,2025-02-09,Present,8.6,1.2
5360,263,2025-02-13,Absent,0.0,0.0
5361,263,2025-01-25,Absent,0.0,0.0
5362,264,2025-08-23,Present,7.4,3.5
5363,264,2025-12-23,Present,8.0,0.0
5364,264,2025-08-01,Present,8.6,0.0
5365,264,2025-01-26,Present,8.3,0.0
5366,264,2025-02-07,Present,8.8,2.2
5367,264,2025-09-06,Present,7.7,1.8
5368,264,2025-11-19,Present,9.1,0.0
5369,264,30/06/2025,Absent,0.0,0.0
5370,264,2025-11-14,PRESENT,8.2,0.0
5371,264,2025-04-02,Present,7.5,0.0
5372,264,02-26-2025,Present,9.3,0.0
5373,264,2025-03-14,Present,9.0,0.0
5374,264,2025-05-11,Present,7.1,0.0
5375,265,2025-04-04,Absent,0.0,0.0
5376,265,2025-07-04,Present,9.5,2.9
5377,265,2025-02-27,Leave,0.0,0.0
5378,265,2025-07-12,Present,7.4,0.0
5379,265,2025-05-14,Present,7.6,0.0
5380,265,2025-04-09,Present,8.7,0.0
5381,265,2025-01-01,Present,8.9,0.0
5382,265,2025-04-14,Present,7.6,0.0
5383,266,2025-08-15,Present,7.6,0.0
5384,266,2025-06-06,Present,7.8,0.0
5385,266,2025-09-18,Present,8.5,0.0
5386,266,2025-01-07,Late,5.0,0.9
5387,266,27/03/2025,Absent,0.0,0.0
5388,266,2025-07-11,Present,8.7,0.0
5389,266,17/09/2025,Present,8.9,2.3
5390,266,2025-06-10,Absent,,0.0
5391,266,2025-12-16,Present,7.9,0.0
5392,266,26/12/2025,Present,8.1,0.0
5393,266,2025-11-21,Present,8.0,0.0
5394,266,2025-11-03,Present,9.4,0.0
5395,266,2025-05-18,Absent,0.0,0.0
5396,266,2025-09-12,Present,8.9,0.0
5397,266,2025-03-23,Present,7.5,0.0
5398,266,2025-01-09,Present,8.0,0.0
5399,266,2025-06-28,Present,8.4,2.6
5400,266,2025-11-06,Absent,0.0,0.0
5401,266,12-01-2025,Present,8.2,0.0
5402,266,2025-03-22,Absent,0.0,0.0
5403,266,2025-05-27,Absent,0.0,0.0
5404,266,2025-06-15,Present,9.0,0.0
5405,266,2025-07-30,Late,6.8,0.0
5406,266,2025-06-12,Leave,0.0,0.0
5407,266,12-07-2025,Present,8.3,0.0
5408,266,2025-08-12,Late,7.1,0.0
5409,266,2025-03-20,Present,8.9,0.0
5410,266,2025-11-15,Present,8.9,0.0
5411,267,2025-04-03,Absent,0.0,0.0
5412,267,2025-07-13,Absent,0.0,0.0
5413,267,06-Dec-2025,Present,9.4,0.0
5414,267,11-27-2025,Present,7.7,0.0
5415,267,04-10-2025,Late,5.3,3.6
5416,267,2025-12-02,Present,8.9,0.0
5417,267,2025-01-23,Present,9.3,0.0
5418,267,2025-04-25,Present,7.2,0.0
5419,267,2025-11-25,Absent,0.0,0.0
5420,267,2025-03-19,Absent,0.0,0.0
5421,267,2025-03-30,Present,8.6,0.0
5422,267,2025-06-01,Present,7.4,0.0
5423,267,2025-02-27,Present,8.3,0.0
5424,267,11/08/2025,Present,7.4,0.0
5425,267,2025-07-25,Present,7.3,0.5
5426,267,2025-10-26,Absent,0.0,0.0
5427,268,2025-06-17,Present,8.6,0.0
5428,268,2025-07-19,Present,7.9,0.0
5429,268,2025-03-10,Present,7.3,0.0
5430,268,2025-01-22,Present,7.8,0.0
5431,268,2025-09-15,Present,7.4,0.0
5432,268,23-Nov-2025,Present,9.4,0.0
5433,268,2025-06-10,PRESENT,7.8,0.0
5434,268,18/07/2025,Present,7.8,0.0
5435,268,2025-07-24,Present,9.1,0.0
5436,268,02-Mar-2025,Present,8.6,0.0
5437,268,2025-04-22,Present,8.8,0.0
5438,268,2025-11-09,Present,8.6,0.0
5439,268,16/03/2025,Present,,0.0
5440,268,09/01/2025,Present,7.5,
5441,268,2025-05-26,Present,9.1,0.0
5442,268,2025-04-22,Present,8.5,2.8
5443,268,2025-09-06,Present,8.6,0.0
5444,268,2025-10-18,Present,7.1,0.0
5445,268,27-Feb-2025,Late,5.2,0.0
5446,268,08-17-2025,Present,9.4,0.0
5447,268,2025-10-29,Present,8.3,
5448,268,2025-05-23,Present,7.9,0.0
5449,268,2025-11-30,Present,8.9,0.0
5450,268,2025-02-26,Present,8.3,0.5
5451,268,2025-04-23,Present,8.8,0.0
5452,269,11/01/2025,Present,8.8,0.0
5453,269,2025-12-28,Absent,0.0,0.0
5454,269,2025-01-03,Present,7.4,0.0
5455,269,2025-03-24, Present,9.4,0.0
5456,269,2025-07-22,Late,5.2,2.1
5457,269,2025-06-14,Present,7.3,0.0
5458,269,2025-04-02,Leave,0.0,
5459,269,29-Sep-2025,Present,8.5,0.0
5460,269,2025-01-01,Present,7.9,0.0
5461,269,2025-03-24,Present,7.9,0.0
5462,269,2025-11-12,Absent,0.0,0.0
5463,269,2025-10-17,Present,9.1,0.5
5464,269,2025-08-19,Present,9.0,0.0
5465,269,2025-03-25,Present,8.4,0.0
5466,269,2025-05-05,Present,9.5,0.0
5467,269,2025-10-12,Present,8.5,0.0
5468,269,2025-09-14, Present,7.1,
5469,269,2025-04-15,Late,4.7,0.0
5470,269,2025-02-12,Present,9.2,0.0
5471,269,2025-11-20,Present,9.1,0.0
5472,269,2025-07-26,Late,5.5,0.0
5473,270,2025-05-07,Present,8.5,0.0
5474,270,25-Feb-2025,Absent,,
5475,270,2025-02-08,ABSENT,0.0,0.0
5476,270,2025-12-06,PRESENT,8.2,0.0
5477,270,2025-04-26,Present,9.4,0.0
5478,270,2025-12-11,Present,9.4,0.0
5479,270,2025-04-25,Late,7.5,0.0
5480,270,2025-11-04,Present,9.2,3.7
5481,270,2025-09-02,Late,5.2,0.0
5482,270,2025-12-25,Absent,0.0,0.0
5483,270,2025-09-04,Present,9.1,3.0
5484,270,2025-01-23,Present,9.4,0.0
5485,270,2025-07-09,Present,8.4,0.0
5486,270,2025-11-22,Present,7.2,0.0
5487,270,2025-02-21,Present,,0.0
5488,270,2025-05-07,Present,8.7,0.0
5489,270,2025-08-28,Present,7.6,0.0
5490,270,2025-03-01,Present,8.0,0.0
5491,270,26/02/2025,Late,6.3,0.0
5492,270,2025-10-24,Present,7.9,0.0
5493,270,2025-10-05,Present,7.9,0.0
5494,270,09-12-2025,Absent,0.0,0.0
5495,270,2025-12-12,Absent,0.0,0.0
5496,270,03-19-2025,Present,7.3,0.0
5497,270,2025-12-23,Present,9.4,0.0
5498,270,2025-07-16,Present,8.9,0.0
5499,270,2025-07-01,PRESENT,7.0,3.2
5500,270,2025-06-15,Present,8.8,
5501,270,2025-09-17,Present,7.0,0.0
5502,270,2025-03-25,Late,5.6,0.0
5503,270,2025-05-20,Present,8.5,0.0
5504,271,2025-01-05,Present,8.1,0.0
5505,271,03-11-2025,Present,8.9,0.0
5506,271,2025-08-16,Present,8.1,0.0
5507,271,2025-11-13,Present,7.4,0.0
5508,271,06-05-2025,Absent,,0.0
5509,271,2025-08-13,Present,9.4,0.0
5510,271,2025-01-12,Present,7.6,
5511,271,2025-11-01,Present,8.8,0.0
5512,271,2025-09-12,Leave,0.0,0.0
5513,271,06-30-2025,Present,7.4,0.0
5514,271,2025-05-26,Present,7.8,2.0
5515,271,2025-09-18,Late,5.1,0.0
5516,271,2025-09-16,Present,8.1,1.1
5517,271,25/08/2025,Late,6.2,0.0
5518,271,2025-09-23,Present,8.7,0.0
5519,271,2025-07-24,Present,7.2,0.0
5520,271,2025-10-01,Absent,0.0,0.0
5521,271,2025-07-14,Present,9.2,0.0
5522,271,2025-01-15,Present,7.5,0.0
5523,272,2025-11-06,Absent,0.0,0.0
5524,272,24-Nov-2025, Present,7.6,0.0
5525,272,2025-01-06, Late,6.5,0.0
5526,272,2025-01-17,Absent,0.0,0.0
5527,272,2025-03-13,Present,8.2,2.2
5528,272,2025-07-24,Late,4.9,0.0
5529,272,2025-02-01,Absent,0.0,0.0
5530,272,2025-10-06,Absent,0.0,0.0
5531,272,01-Oct-2025,Present,9.0,0.0
5532,272,2025-02-23,Present,8.5,1.0
5533,272,2025-10-04,Present,7.9,0.0
5534,272,07/12/2025,Present,9.0,0.0
5535,272,06-06-2025,Present,8.4,0.0
5536,272,2025-05-02,Present,7.3,0.0
5537,272,05-15-2025,Present,7.9,0.0
5538,273,2025-02-24,Present,7.6,0.0
5539,273,2025-05-02,Absent,0.0,0.0
5540,273,08-17-2025,Present,8.3,0.0
5541,273,2025-01-25,Absent,0.0,0.0
5542,273,2025-01-24,Present,9.1,0.0
5543,273,2025-12-14,Present,8.1,0.0
5544,273,2025-11-02,Present,8.1,0.0
5545,273,2025-07-03,Present,9.3,2.5
5546,273,2025-05-14,Present,8.4,0.0
5547,273,08-13-2025,Present,7.7,0.0
5548,273,2025-05-31,Present,8.5,0.0
5549,273,2025-09-15,Present,8.4,0.0
5550,273,2025-01-10,Present,8.0,0.0
5551,273,2025-03-24,Present,9.5,0.0
5552,273,2025-01-18,Absent,0.0,0.0
5553,273,20-Nov-2025,Present,9.2,0.0
5554,273,2025-12-19,Absent,0.0,
5555,273,2025-04-29,Present,8.9,0.0
5556,273,2025-05-10,ABSENT,0.0,0.0
5557,274,01/11/2025,Present,8.3,0.0
5558,274,2025-05-21,Present,8.2,0.0
5559,274,2025-10-14,Present,7.5,0.0
5560,274,2025-07-11,Absent,0.0,
5561,274,2025-01-20,Leave,0.0,0.0
5562,274,2025-03-06,Absent,0.0,0.0
5563,274,06-26-2025,Present,7.8,0.0
5564,274,02-Sep-2025,Absent,0.0,0.0
5565,274,2025-08-06,Present,8.9,0.0
5566,274,03-Apr-2025,Absent,0.0,0.0
5567,274,2025-01-05,late,5.9,0.0
5568,274,2025-11-22,Present,9.2,0.0
5569,274,2025-01-16,Absent,0.0,0.0
5570,274,07-Jun-2025,Present,7.4,0.0
5571,274,2025-10-05,Late,6.0,0.0
5572,274,2025-07-10,Present,8.6,0.0
5573,274,2025-06-17,Absent,0.0,0.0
5574,274,2025-04-29,Present,8.3,0.0
5575,274,2025-09-08,Present,9.2,0.0
5576,274,2025-05-28,Late,7.5,0.0
5577,275,2025-02-22,Absent,0.0,0.0
5578,275,2025-11-02,Absent,0.0,0.0
5579,275,2025-05-08,Late,4.8,0.0
5580,275,16-Feb-2025,Present,7.3,1.0
5581,275,2025-08-30,Absent,0.0,
5582,275,2025-11-24,Absent,0.0,0.0
5583,275,2025-08-26,Present,8.7,0.0
5584,275,2025-05-19,Present,7.9,0.0
5585,275,2025-05-07,Present,8.8,0.0
5586,275,2025-12-31,Present,8.0,0.0
5587,275,2025-03-29,Absent,0.0,0.0
5588,275,2025-12-09,Absent,0.0,0.0
5589,275,2025-12-15,Present,8.6,3.2
5590,275,2025-06-10,Absent,0.0,0.0
5591,275,03-01-2025,Present,8.4,0.0
5592,275,08/07/2025,Present,8.3,0.0
5593,275,2025-01-29,Absent,0.0,0.0
5594,275,2025-01-27,present,7.2,0.0
5595,275,2025-07-05,Absent,0.0,0.0
5596,275,2025-02-17,Absent,0.0,0.0
5597,275,2025-08-21,Absent,0.0,0.0
5598,276,30/08/2025,Present,8.0,0.0
5599,276,2025-04-20,Present,8.4,
5600,276,2025-08-13,Present,9.3,0.0
5601,276,2025-06-01,Leave,0.0,0.0
5602,276,2025-08-25,Leave,0.0,
5603,276,10-25-2025,Present,9.3,0.0
5604,276,2025-10-20,Present,9.1,0.0
5605,276,2025-11-05,Present,7.9,0.0
5606,276,2025-09-08,Present,8.8,1.9
5607,276,2025-04-10,Present,7.6,0.0
5608,276,2025-02-12,Present,7.9,0.7
5609,276,2025-04-13,Present,7.8,
5610,276,2025-11-04,Present,8.2,0.0
5611,276,2025-01-20,Present,9.4,0.0
5612,276,2025-03-31,Present,7.8,0.0
5613,276,2025-06-30,Present,9.3,0.0
5614,276,2025-09-01,Present,7.6,0.0
5615,276,2025-10-12,Present,7.5,0.0
5616,276,2025-02-02,Present,8.3,2.9
5617,276,2025-12-21,present,7.1,0.0
5618,277,2025-12-05,Late,5.2,0.0
5619,277,2025-04-26,Present,8.1,0.0
5620,277,09-20-2025,Absent,0.0,0.0
5621,277,2025-09-20,Present,7.8,
5622,277,2025-08-06,PRESENT,8.3,0.0
5623,277,2025-05-23,Present,7.4,0.0
5624,277,2025-09-03,Present,9.2,0.0
5625,277,2025-03-25,Present,7.7,0.0
5626,278,2025-02-03,PRESENT,8.8,0.0
5627,278,2025-07-22,Late,6.8,0.0
5628,278,2025-05-12,Present,9.4,0.0
5629,278,09/08/2025,Present,8.2,0.0
5630,278,2025-01-27,Present,8.5,0.0
5631,278,2025-01-15,Present,7.8,2.9
5632,278,2025-09-30,Present,8.2,
5633,278,2025-04-27,Present,8.1,0.0
5634,278,30/04/2025,Present,9.1,0.0
5635,278,2025-06-24,Late,4.7,0.0
5636,278,2025-10-04,Present,9.2,0.0
5637,278,2025-05-29,Present,9.1,0.0
5638,278,2025-05-31,present,8.3,0.0
5639,278,2025-09-21,Present,8.2,0.0
5640,278,2025-12-10,Present,7.9,0.0
5641,278,2025-07-09,Present,9.5,0.0
5642,278,2025-07-09,Present,7.3,0.0
5643,278,2025-06-18,Present,8.5,0.0
5644,278,2025-09-24,Late,6.5,0.0
5645,278,2025-02-26,present,9.3,3.2
5646,278,2025-03-15,Absent,0.0,0.0
5647,278,2025-10-26,Present,8.6,0.0
5648,278,2025-12-05,Present,7.3,0.0
5649,278,2025-02-07,Present,7.9,0.0
5650,278,2025-10-04,Late,4.9,0.0
5651,278,2025-08-20,Present,9.2,0.0
5652,278,2025-06-18,Present,8.9,0.0
5653,278,15-May-2025,Present,8.9,0.0
5654,278,2025-05-17,Present,8.6,0.0
5655,278,2025-09-12,Present,8.3,0.0
5656,278,2025-07-20,Present,7.4,1.7
5657,278,2025-04-04,Present,7.3,0.0
5658,279,2025-04-18,Present,8.8,0.0
5659,279,11/08/2025,Present,7.4,3.0
5660,279,2025-02-11,Present,8.7,0.0
5661,279,2025-09-09,Present,8.1,1.0
5662,279,2025-06-22,PRESENT,7.8,0.0
5663,279,2025-01-12,Present,7.8,0.0
5664,279,2025-10-21,Present,8.8,0.0
5665,279,02-23-2025,Present,7.3,0.0
5666,279,2025-07-09,Present,9.1,
5667,279,2025-08-06,Present,8.9,0.0
5668,279,2025-04-24,Present,7.5,0.0
5669,279,2025-11-18,Present,8.8,0.0
5670,279,2025-09-16,Present,8.7,3.1
5671,279,2025-08-26,Present,7.5,1.1
5672,279,2025-12-09,Present,7.6,1.8
5673,279,2025-07-22,Absent,0.0,0.0
5674,279,04-Mar-2025,Absent,0.0,0.0
5675,279,2025-05-04,Present,9.0,3.1
5676,279,2025-05-08,Present,9.3,0.0
5677,279,21/10/2025,Present,7.1,0.0
5678,279,11-27-2025,Present,7.0,0.0
5679,279,2025-05-05,Present,8.7,1.5
5680,279,2025-01-31,Present,7.8,
5681,279,10-01-2025,Present,8.4,0.0
5682,279,2025-03-04,Absent,0.0,0.0
5683,279,2025-06-17,ABSENT,0.0,0.0
5684,279,2025-03-11,present,7.3,0.0
5685,279,2025-04-16,Present,8.6,0.0
5686,280,2025-12-23,Present,7.8,0.0
5687,280,2025-04-16,Present,8.6,0.0
5688,280,2025-08-14,Late,7.0,0.0
5689,280,09-18-2025,Present,7.4,0.0
5690,280,06/05/2025,Present,9.3,0.0
5691,280,2025-11-13,Absent,0.0,0.0
5692,280,2025-01-04,Present,8.3,0.0
5693,280,2025-08-09,Late,7.3,
5694,280,2025-05-30,Present,7.5,0.0
5695,280,30-Nov-2025,present,8.5,0.0
5696,280,2025-07-12,Present,8.0,0.0
5697,281,2025-04-06,Present,8.9,0.0
5698,281,03-01-2025,Absent,0.0,0.0
5699,281,2025-05-29,Late,6.3,0.0
5700,281,2025-11-11,Absent,0.0,0.0
5701,281,2025-03-10,Present,8.2,0.0
5702,281,2025-08-30,PRESENT,9.3,0.0
5703,281,2025-03-23,Present,7.9,0.0
5704,281,2025-11-29,Present,7.5,2.6
5705,281,2025-05-08,Leave,0.0,0.0
5706,281,2025-09-24,Absent,0.0,0.0
5707,281,2025-05-11,Late,6.4,0.0
5708,281,16/12/2025,Present,8.1,2.2
5709,281,2025-02-23,Present,9.4,0.0
5710,281,2025-06-15,Present,8.8,
5711,281,2025-10-02,Present,7.3,0.0
5712,281,2025-06-03,Present,7.5,0.0
5713,282,2025-07-11,Present,9.4,3.0
5714,282,2025-12-09,Present,9.3,1.6
5715,282,09-09-2025,Present,8.9,
5716,282,15-Mar-2025,Present,7.7,0.0
5717,282,2025-03-10,Present,8.4,0.0
5718,282,22/02/2025,Present,8.6,0.0
5719,282,19/05/2025,Present,8.2,0.0
5720,282,2025-10-24,Present,9.1,0.0
5721,282,2025-04-19,Present,9.1,0.0
5722,282,2025-10-22,Present,9.1,0.0
5723,282,25/07/2025,Present,9.0,0.0
5724,283,2025-12-04,Present,8.2,
5725,283,12-21-2025,PRESENT,8.0,0.0
5726,283,2025-03-30,Present,9.1,0.0
5727,283,05-23-2025,Present,8.2,0.0
5728,283,2025-05-19,Present,7.6,0.0
5729,283,2025-06-29,Absent,0.0,0.0
5730,283,28/12/2025,Late,6.0,0.0
5731,283,2025-06-18,Present,7.4,0.0
5732,283,2025-03-11,Present,8.7,1.7
5733,283,2025-05-17,Present,7.7,3.8
5734,283,2025-08-06,Present,8.9,0.0
5735,283,03-03-2025,Present,9.0,
5736,283,2025-05-19,Present,8.6,0.0
5737,283,2025-01-18,Late,7.0,0.0
5738,283,2025-10-30,Present,8.9,0.0
5739,283,2025-02-03,Present,8.5,0.0
5740,283,08-29-2025,Present,9.4,0.0
5741,283,2025-09-20,Late,5.1,0.0
5742,283,2025-07-27,Leave,0.0,0.0
5743,283,2025-09-01,Present,9.4,0.0
5744,283,2025-02-18,Late,5.7,2.3
5745,283,2025-01-07,Present,7.3,2.4
5746,283,2025-06-28,Late,,0.0
5747,283,08-03-2025,Present,9.5,0.0
5748,284,2025-03-07,PRESENT,9.4,0.0
5749,284,2025-03-27,Present,9.4,0.0
5750,284,2025-02-04,Present,7.9,0.0
5751,284,2025-04-30,Present,9.5,0.0
5752,284,2025-12-01,Present,8.1,0.0
5753,284,04/01/2025,Leave,0.0,0.0
5754,284,2025-05-24,Absent,0.0,0.0
5755,284,2025-01-29,Present,9.1,0.0
5756,284,2025-10-30,Present,7.5,0.0
5757,284,17-Oct-2025,Late,6.0,0.0
5758,284,2025-05-03,Present,9.4,0.0
5759,284,2025-01-31,Present,9.4,0.0
5760,284,08/06/2025,Absent,0.0,0.0
5761,284,2025-11-21,Present,8.7,3.3
5762,284,2025-05-22,Present,7.4,0.0
5763,284,2025-10-28, Present,8.8,0.0
5764,284,2025-03-19,Present,8.5,0.0
5765,284,2025-10-22,present,7.2,
5766,284,2025-07-11,Absent,0.0,0.0
5767,284,2025-09-11,Present,7.3,0.0
5768,284,2025-04-05,Present,7.3,0.0
5769,284,2025-12-22,Present,8.8,0.0
5770,284,2025-08-03,Absent,0.0,0.0
5771,284,2025-10-01,Present,7.4,2.1
5772,284,09-Apr-2025,Present,7.9,0.0
5773,284,2025-02-20,Present,8.4,0.0
5774,284,2025-09-01,Absent,0.0,0.0
5775,285,07-Oct-2025, Present,8.8,0.0
5776,285,2025-03-28,Absent,0.0,0.0
5777,285,2025-03-19,Present,8.7,2.3
5778,285,2025-06-21,Present,8.2,0.0
5779,285,08-01-2025,Present,8.0,3.5
5780,285,04/07/2025,Present,7.8,0.0
5781,285,2025-10-26,Absent,0.0,0.0
5782,285,2025-06-23,Present,,0.0
5783,285,2025-01-16,Late,6.7,
5784,285,2025-03-11,Present,7.9,0.0
5785,285,2025-01-07,Absent,0.0,0.0
5786,285,2025-08-25,Present,9.1,0.0
5787,285,2025-04-08,Present,7.8,3.0
5788,285,2025-08-20,Present,7.1,1.8
5789,285,15/04/2025,Present,7.9,
5790,285,2025-01-22,Present,9.0,0.0
5791,286,2025-02-08,Present,9.4,0.0
5792,286,2025-04-06,Absent,0.0,0.0
5793,286,2025-05-10,Present,8.2,0.0
5794,286,2025-05-24,Present,9.1,0.0
5795,286,2025-09-11,Absent,0.0,0.0
5796,286,2025-03-27,Present,8.7,0.0
5797,286,2025-02-05,Present,9.4,3.3
5798,286,2025-05-12,Present,7.2,0.0
5799,286,2025-03-16,Present,8.8,0.0
5800,286,2025-05-31,Present,8.3,0.0
5801,286,2025-03-09,Late,4.5,1.4
5802,286,2025-11-28,Present,9.3,3.7
5803,286,2025-04-03,Leave,0.0,0.0
5804,286,2025-10-28,Present,9.0,3.9
5805,286,2025-12-07,Present,9.0,0.0
5806,286,2025-06-06,Present,7.0,0.0
5807,286,2025-08-31,Present,7.7,0.0
5808,286,2025-01-12,Leave,0.0,0.0
5809,286,2025-04-04,Present,7.1,0.0
5810,286,2025-06-11,Absent,0.0,0.0
5811,286,2025-03-08,Present,7.2,1.3
5812,286,2025-08-27,Present,8.3,0.0
5813,286,2025-10-13, Absent,0.0,0.0
5814,286,2025-12-13,Late,7.0,0.0
5815,286,21/12/2025,Present,9.2,0.0
5816,286,2025-02-27,Present,8.5,
5817,286,24/02/2025,Present,8.3,3.6
5818,286,2025-10-02,PRESENT,8.1,0.0
5819,286,2025-03-29,present,7.7,0.0
5820,286,2025-07-27,Present,9.3,0.0
5821,286,2025-11-07,Present,8.0,0.0
5822,286,2025-05-11,Present,8.3,0.0
5823,286,2025-09-21,Present,7.8,2.8
5824,286,26-Aug-2025,Present,9.5,0.6
5825,287,2025-01-05,Present,9.2,0.0
5826,287,22-Aug-2025,Absent,0.0,0.0
5827,287,2025-09-19,Present,7.0,0.0
5828,287,2025-12-03,Present,7.9,1.1
5829,287,2025-10-17,Absent,0.0,0.0
5830,287,17-Jan-2025,Present,8.9,0.0
5831,287,2025-10-18,Absent,0.0,0.0
5832,287,2025-08-12,Late,4.7,2.4
5833,287,2025-10-20,Present,7.7,0.0
5834,287,2025-04-14,Present,7.3,0.0
5835,287,2025-11-17,Absent,0.0,0.0
5836,287,2025-04-12,Present,8.9,0.0
5837,287,2025-05-23,Present,7.5,0.0
5838,287,2025-05-19,Present,7.6,0.0
5839,287,2025-09-16,Absent,0.0,0.0
5840,287,25/04/2025,Present,7.7,0.0
5841,287,2025-06-13,Absent,0.0,0.0
5842,287,2025-04-06,Absent,0.0,0.0
5843,287,2025-01-05,Absent,0.0,0.0
5844,288,2025-03-27,LEAVE,0.0,0.0
5845,288,2025-09-09,Present,8.5,0.0
5846,288,2025-01-08,Present,8.6,0.0
5847,288,2025-04-17,Present,7.0,1.3
5848,288,2025-01-11,Absent,0.0,0.0
5849,288,2025-09-23,Present,8.1,0.0
5850,288,2025-07-26,Present,7.8,0.0
5851,288,2025-11-10,ABSENT,0.0,0.0
5852,288,2025-09-22,Present,9.2,0.0
5853,288,10-18-2025,Present,9.0,2.7
5854,288,2025-03-02,Present,,3.0
5855,288,24/10/2025,Present,9.1,0.0
5856,288,2025-07-16,Present,8.5,0.0
5857,288,2025-03-19,Present,9.0,
5858,288,2025-09-11,Leave,0.0,0.0
5859,288,2025-08-22,Present,8.4,0.0
5860,288,2025-09-30,Present,7.8,0.0
5861,288,24/08/2025,Present,8.9,0.0
5862,288,2025-07-18,Absent,0.0,0.0
5863,288,2025-06-22,present,7.5,0.0
5864,289,2025-02-12,Present,8.9,0.0
5865,289,2025-10-08,Present,9.0,0.0
5866,289,2025-07-18,Late,7.0,2.2
5867,289,02-Nov-2025,Present,7.5,0.0
5868,289,2025-09-21,Late,4.8,0.0
5869,289,2025-08-11,Absent,0.0,0.0
5870,289,2025-02-19,Present,8.9,0.0
5871,289,17/08/2025,Absent,0.0,0.0
5872,289,2025-02-19,Present,9.2,2.8
5873,290,2025-02-17,Present,7.4,0.0
5874,290,09-Jul-2025,Present,9.3,0.0
5875,290,2025-03-14,Present,9.5,0.0
5876,290,2025-06-08,Absent,0.0,0.0
5877,290,10-Jan-2025,Late,5.8,0.0
5878,290,2025-12-07,Absent,0.0,0.0
5879,290,05/07/2025,Late,6.3,0.0
5880,290,2025-05-23,Present,8.9,3.1
5881,290,14-Jun-2025,Present,9.4,0.0
5882,290,02/11/2025,Late,4.8,0.0
5883,290,27-Dec-2025,Leave,0.0,0.0
5884,290,2025-07-27,Present,8.5,2.9
5885,290,2025-01-28,Absent,0.0,0.0
5886,290,10-09-2025,Absent,0.0,
5887,291,2025-11-26,Present,9.2,0.0
5888,291,2025-12-28,Present,9.2,0.0
5889,291,2025-12-19,Present,9.4,0.0
5890,291,2025-12-01,Present,8.3,0.0
5891,291,2025-05-28,Present,9.1,2.0
5892,291,2025-07-20,Present,8.1,0.0
5893,291,2025-09-14,Present,7.6,0.0
5894,291,12-19-2025,Present,9.0,4.0
5895,291,2025-04-27,Present,7.6,0.0
5896,291,2025-04-09,Present,7.1,0.0
5897,291,2025-04-24,Present,9.0,0.0
5898,291,2025-01-05, Present,8.6,0.0
5899,291,2025-02-18,Present,9.4,0.0
5900,291,2025-03-13,Present,7.6,0.0
5901,291,2025-10-09,Leave,0.0,0.0
5902,291,2025-08-03,Present,7.2,0.0
5903,291,2025-11-20,Present,8.2,0.0
5904,291,10/01/2025,Present,7.2,0.0
5905,291,2025-07-23,Leave,0.0,0.0
5906,292,2025-01-17,Late,5.3,0.0
5907,292,2025-04-23,late,4.9,0.0
5908,292,2025-01-13,Late,5.2,0.9
5909,292,05-May-2025,Present,9.4,0.0
5910,292,01-16-2025,Late,5.3,0.0
5911,292,03-31-2025,Present,8.1,0.0
5912,292,2025-10-18,Present,9.2,0.0
5913,292,07/08/2025,Late,6.5,2.7
5914,292,2025-01-16,Present,8.8,0.0
5915,292,2025-09-30,Present,9.1,3.6
5916,292,2025-08-08,Present,8.6,0.0
5917,292,2025-05-13,Present,9.2,0.0
5918,292,2025-06-06,Present,8.3,0.0
5919,292,2025-08-14,Present,7.7,0.0
5920,292,2025-11-21,Present,9.2,0.0
5921,292,2025-01-13,Late,6.1,3.7
5922,292,2025-05-02,Absent,0.0,0.0
5923,292,2025-09-13,Present,7.1,0.0
5924,292,2025-04-15,Present,8.0,0.0
5925,292,2025-03-18,Present,9.4,0.0
5926,292,2025-08-04,LATE,5.2,0.0
5927,292,2025-10-01,Present,9.4,0.0
5928,292,2025-02-21,Present,9.4,3.6
5929,292,2025-08-23,Present,8.4,0.0
5930,292,2025-08-20,Present,8.6,0.0
5931,292,03/08/2025,Present,9.2,0.0
5932,292,2025-06-29,Present,8.9,0.0
5933,293,2025-03-20,Present,8.6,0.0
5934,293,2025-02-09,Present,9.5,0.0
5935,293,2025-08-15,Present,8.7,0.0
5936,293,2025-10-07,PRESENT,9.4,0.0
5937,293,2025-05-19,Present,7.1,0.0
5938,293,2025-08-28,Present,7.3,0.0
5939,293,2025-10-24,Late,5.9,0.0
5940,293,2025-01-08,Absent,0.0,0.0
5941,293,25/02/2025,Present,8.0,0.0
5942,293,17/10/2025,PRESENT,9.0,0.0
5943,293,2025-03-16,Late,5.0,0.0
5944,293,2025-05-20,Present,9.4,0.0
5945,293,06-07-2025,Present,7.8,0.0
5946,293,2025-07-13,Present,8.1,0.0
5947,293,03-19-2025,Late,5.3,0.0
5948,293,10/08/2025,Present,8.4,0.0
5949,293,2025-07-02,Present,7.1,0.0
5950,293,2025-03-30,Absent,0.0,0.0
5951,293,2025-07-24,Present,7.4,0.0
5952,294,2025-05-25,Present,8.9,1.2
5953,294,05-Mar-2025,Late,5.2,0.0
5954,294,2025-09-10,Present,9.0,0.0
5955,294,2025-02-11,Present,7.2,0.0
5956,294,02/01/2025,Present,8.1,0.0
5957,294,2025-06-07,Present,7.1,0.0
5958,294,2025-05-28,PRESENT,7.9,0.0
5959,294,2025-04-02,Present,,0.0
5960,294,2025-05-22,Present,7.2,
5961,294,2025-01-12,Present,9.2,-0.0
5962,294,2025-01-10,Present,9.3,0.9
5963,294,2025-02-21,Present,9.5,0.0
5964,294,2025-03-24,Present,7.7,0.0
5965,294,2025-04-11,Present,7.2,0.0
5966,295,2025-04-06,Absent,0.0,0.0
5967,295,16/01/2025,Absent,0.0,0.0
5968,295,2025-07-25,Absent,0.0,0.0
5969,295,2025-11-09,Present,7.0,0.0
5970,295,2025-01-03,Present,8.0,0.0
5971,295,2025-03-14,Absent,0.0,0.0
5972,295,2025-11-25,Present,,0.0
5973,295,2025-01-30,Absent,,0.0
5974,295,2025-02-01,Present,7.8,0.0
5975,295,2025-11-01,Absent,0.0,0.0
5976,295,2025-10-31,Late,7.0,0.0
5977,295,2025-01-26,Absent,0.0,0.0
5978,295,2025-05-22,Absent,0.0,0.0
5979,295,2025-01-07,Absent,0.0,0.0
5980,295,2025-09-01,Present,8.8,0.0
5981,295,2025-12-20,Absent,,0.0
5982,295,2025-02-20,Absent,0.0,0.0
5983,295,2025-08-27,Present,7.9,0.0
5984,296,2025-01-24,Present,8.8,3.8
5985,296,2025-11-19,Present,7.2,0.0
5986,296,2025-03-21,Present,7.8,0.0
5987,296,2025-12-17,Present,8.2,0.0
5988,296,27-Jan-2025,PRESENT,8.2,0.0
5989,296,2025-10-25,Present,8.4,0.0
5990,296,11-22-2025,Present,7.8,0.0
5991,296,2025-07-06,Present,8.7,0.0
5992,296,09-Feb-2025,Absent,0.0,0.0
5993,296,2025-08-13,Leave,0.0,0.0
5994,296,2025-06-22,Present,8.6,0.0
5995,296,12/01/2025,Present,8.4,
5996,297,2025-09-28,PRESENT,7.3,0.0
5997,297,2025-09-25,Present,8.2,0.0
5998,297,2025-08-28,Present,7.9,2.2
5999,297,2025-04-27,Present,9.3,0.0
6000,297,2025-02-24,Present,8.2,0.0
6001,297,20/09/2025,Absent,0.0,0.0
6002,297,2025-11-12,Present,7.0,
6003,297,2025-03-08,Present,8.1,0.0
6004,297,2025-10-29,Present,9.1,0.0
6005,297,2025-09-04,Present,9.0,2.3
6006,297,2025-04-12,Present,7.6,0.0
6007,297,01-21-2025,Present,8.2,0.0
6008,297,2025-02-24,Present,8.4,4.0
6009,297,27-May-2025,Present,8.6,0.0
6010,297,10-09-2025,Present,8.7,0.0
6011,297,14/09/2025,Absent,0.0,0.0
6012,297,2025-03-28,Present,8.2,0.0
6013,297,2025-05-31,Late,5.6,0.0
6014,297,20/04/2025,Present,9.0,0.0
6015,297,2025-03-25,Present,8.2,4.0
6016,298,2025-10-27,Absent,0.0,0.0
6017,298,2025-07-16,Present,8.1,0.0
6018,298,2025-10-10,Present,7.2,0.0
6019,298,2025-07-23,Present,8.7,
6020,298,15-Aug-2025,Present,7.6,0.0
6021,298,2025-08-12,Present,7.9,3.1
6022,298,2025-10-23,Present,8.2,0.0
6023,298,06-Jul-2025,Present,7.1,0.0
6024,298,2025-03-14,Absent,0.0,0.0
6025,298,2025-01-29,Present,8.5,0.0
6026,298,2025-06-02,Present,8.0,0.0
6027,298,2025-01-03,Present,9.3,2.2
6028,298,12/04/2025,Present,8.8,0.0
6029,298,2025-11-29,Present,7.5,0.0
6030,298,2025-03-22,Present,8.9,0.0
6031,298,2025-12-22,Absent,,0.0
6032,298,10-03-2025,Present,8.8,0.0
6033,298,28/05/2025,Present,9.3,0.0
6034,299,2025-02-03,Leave,0.0,0.0
6035,299,06-Jan-2025,Present,7.1,2.1
6036,299,2025-08-06,Present,8.7,0.0
6037,299,2025-01-08,Present,7.2,0.0
6038,299,2025-03-17,Absent,0.0,0.0
6039,299,2025-02-06,Present,8.0,0.0
6040,299,2025-10-09,Present,9.4,0.0
6041,299,2025-07-26,Present,8.1,0.0
6042,299,2025-12-08,Present,9.5,0.0
6043,299,2025-06-18,Present,7.1,0.0
6044,299,2025-02-17,Absent,0.0,0.0
6045,299,2025-01-09,Present,8.8,0.0
6046,299,2025-05-22,Present,8.5,0.0
6047,299,2025-03-21,Present,8.3,0.0
6048,299,2025-10-27,Present,9.4,0.0
6049,299,2025-03-04,Present,7.3,0.0
6050,299,2025-06-22,Present,,0.0
6051,299,2025-02-26,Late,6.6,0.0
6052,299,2025-08-18,present,7.6,0.0
6053,299,2025-02-20,Late,7.2,0.0
6054,299,2025-10-16,Present,8.1,3.3
6055,300,2025-07-05,ABSENT,0.0,0.0
6056,300,12/07/2025,Present,8.0,0.0
6057,300,2025-12-10,Present,9.1,0.0
6058,300,2025-04-27,Present,8.6,1.0
6059,300,2025-06-01,Present,8.6,0.0
6060,300,07-09-2025,Present,7.5,0.0
6061,300,08-25-2025,Present,8.0,1.1
6062,300,2025-02-03,PRESENT,7.1,1.2
6063,300,2025-04-15,Absent,0.0,0.0
6064,300,2025-09-14,Present,8.3,0.0
6065,300,15-May-2025,Present,8.2,0.0
6066,300,2025-11-25,Present,8.3,0.0
6067,300,2025-02-01,Absent,0.0,0.0
6068,300,2025-09-07,Late,5.2,0.0
6069,300,29/09/2025,Absent,0.0,0.0
6070,300,2025-04-06,Present,8.7,0.0
6071,300,07/02/2025,Present,8.8,0.0
6072,300,16/06/2025,Present,7.9,0.0
6073,300,2025-07-16,Absent,0.0,0.0
6074,300,16/10/2025,Absent,0.0,0.0
6075,300,2025-05-13,Present,9.2,0.0
6076,300,2025-09-28,Leave,0.0,0.0
6077,300,03-17-2025,Present,8.6,0.0
6078,300,2025-09-22,Present,8.8,0.0
6079,301,18/08/2025,Present,7.7,0.0
6080,301,2025-01-06,PRESENT,7.0,0.0
6081,301,2025-12-16,Present,9.2,0.0
6082,301,2025-02-04,Present,9.1,0.0
6083,301,2025-06-23,Present,7.3,0.0
6084,301,25-Jul-2025,Present,7.9,0.0
6085,301,2025-07-03,Present,8.7,0.0
6086,301,2025-09-28,Present,8.6,0.0
6087,301,2025-09-01,Present,9.2,0.0
6088,301,12-10-2025,Present,7.4,0.0
6089,302,2025-09-22,Present,8.1,0.0
6090,302,2025-07-21,Present,7.2,0.0
6091,302,2025-01-30,Present,8.0,0.0
6092,302,01/05/2025,Present,7.0,0.0
6093,302,2025-01-14,Present,9.2,0.0
6094,302,2025-11-06,Present,8.3,0.0
6095,302,2025-10-23,Present,9.1,
6096,302,2025-06-17,Present,7.6,0.0
6097,302,05-12-2025,Present,,0.0
6098,302,2025-12-16,Present,8.0,0.0
6099,302,2025-08-19,Absent,0.0,0.0
6100,302,2025-08-31,Present,9.0,0.0
6101,302,13-Sep-2025,Present,8.0,0.0
6102,302,2025-03-23,Present,7.5,0.7
6103,302,2025-12-27,Present,7.2,0.0
6104,302,2025-09-27,Present,8.9,0.0
6105,302,2025-09-02,Late,5.8,0.0
6106,302,2025-03-08,Present,8.8,0.0
6107,302,2025-01-31,present,8.7,0.0
6108,302,2025-11-26,Absent,0.0,0.0
6109,303,2025-02-22,Absent,0.0,0.0
6110,303,02-08-2025,Present,,0.0
6111,303,2025-11-30, Present,7.4,0.0
6112,303,2025-03-03,Present,8.9,3.0
6113,303,2025-03-26,Absent,0.0,0.0
6114,303,2025-05-31,Absent,0.0,0.0
6115,303,2025-10-06,Leave,0.0,0.0
6116,303,2025-05-28,Absent,0.0,0.0
6117,303,2025-10-10,Present,7.9,0.0
6118,303,2025-01-17,Leave,0.0,0.0
6119,303,2025-02-23,Present,7.2,0.0
6120,303,2025-01-05,Absent,0.0,0.0
6121,303,2025-04-02,Absent,0.0,0.0
6122,303,2025-04-03,Present,7.0,0.0
6123,303,2025-10-19,Present,7.7,0.5
6124,303,2025-05-17,absent,0.0,0.0
6125,303,2025-07-23,Absent,0.0,0.0
6126,303,2025-02-09,Absent,0.0,0.0
6127,303,2025-10-07,Absent,0.0,0.0
6128,303,06-Feb-2025,Present,7.6,0.0
6129,303,2025-01-10,Present,8.0,0.0
6130,303,11/02/2025,Present,7.3,0.0
6131,304,2025-01-21,Present,7.3,0.0
6132,304,2025-01-17,Present,9.2,0.0
6133,304,2025-04-05,Present,8.5,0.0
6134,304,2025-05-10,Present,9.3,0.0
6135,304,2025-04-25,Present,7.9,0.0
6136,304,2025-08-14,Late,6.5,0.0
6137,304,2025-08-16,Present,7.5,0.0
6138,304,2025-10-12,Absent,0.0,0.0
6139,304,2025-04-24,Present,8.5,1.0
6140,304,07-23-2025,Present,7.0,0.0
6141,304,01-Feb-2025,Absent,0.0,0.0
6142,304,2025-06-29,Present,9.3,0.0
6143,304,2025-10-09,Present,8.4,0.0
6144,304,04-23-2025,Present,9.3,0.0
6145,304,2025-08-25,Present,7.8,0.0
6146,304,2025-09-10,Late,5.5,0.0
6147,304,2025-03-23,Present,8.0,3.0
6148,304,2025-07-18,Late,,0.0
6149,304,2025-06-02,Present,9.3,0.0
6150,305,2025-08-08,Late,4.6,0.0
6151,305,03/08/2025,Present,8.8,0.0
6152,305,2025-03-29,Present,7.8,0.0
6153,305,2025-11-26,Present,7.5,0.0
6154,305,2025-10-29,Present,8.3,0.0
6155,305,11-17-2025,Present,8.3,1.0
6156,305,2025-01-01,Present,7.5,0.0
6157,305,2025-06-04,Present,8.0,0.0
6158,305,2025-09-11,Present,8.0,0.0
6159,305,2025-01-12,Present,7.8,0.0
6160,305,2025-12-07,Present,7.4,0.5
6161,305,2025-03-29,Present,9.4,0.0
6162,305,2025-02-09,Present,9.4,0.0
6163,305,2025-06-03,Present,8.2,0.0
6164,305,2025-01-17,Present,9.5,0.0
6165,305,2025-01-18,Present,8.7,0.0
6166,305,2025-03-22,Present,,0.0
6167,305,2025-04-16,PRESENT,7.3,0.0
6168,305,2025-05-06,Present,9.3,2.7
6169,305,2025-07-11,Present,9.1,0.0
6170,305,2025-06-26,Present,9.2,2.1
6171,305,2025-11-13,Present,7.1,0.0
6172,305,2025-06-22,Present,7.5,0.0
6173,306,2025-12-16,Present,7.2,0.0
6174,306,2025-07-27,Present,7.5,0.0
6175,306,14/10/2025,Absent,0.0,0.0
6176,306,2025-04-17,Present,8.0,0.0
6177,306,06-May-2025, Absent,0.0,0.0
6178,306,2025-03-25,Absent,0.0,0.0
6179,306,2025-05-07,Absent,0.0,0.0
6180,306,2025-03-25,Present,7.3,1.1
6181,306,2025-10-03,Absent,0.0,0.0
6182,306,2025-10-16,Present,8.1,0.0
6183,306,2025-11-27,Absent,0.0,0.0
6184,306,2025-03-06,Present,7.9,0.0
6185,306,2025-05-19,Absent,0.0,0.0
6186,306,2025-10-24,Absent,0.0,0.0
6187,306,2025-06-20,Present,8.2,0.0
6188,306,2025-11-10,Present,8.1,2.8
6189,306,2025-01-29,Absent,0.0,0.0
6190,306,2025-05-05,Present,9.3,0.0
6191,306,2025-02-08,Late,4.8,0.0
6192,306,2025-07-10,Absent,0.0,0.0
6193,306,2025-02-03,Present,7.2,0.0
6194,306,2025-11-01,Present,9.1,0.0
6195,306,2025-02-17,Present,8.3,0.0
6196,307,2025-06-25,Present,8.9,0.0
6197,307,2025-10-28,Absent,0.0,0.0
6198,307,2025-07-22,Present,7.5,0.0
6199,307,2025-02-21,Present,9.1,0.0
6200,307,25-Jul-2025,Absent,0.0,0.0
6201,307,08-05-2025,Present,9.3,0.0
6202,307,2025-06-13,Absent,0.0,0.0
6203,307,2025-09-18,Present,8.6,0.0
6204,307,2025-07-16,Absent,0.0,0.0
6205,307,2025-03-14,Present,7.3,0.0
6206,307,2025-08-06,Absent,0.0,0.0
6207,307,2025-04-28,Absent,0.0,0.0
6208,307,2025-10-20,Present,9.2,0.0
6209,307,30-Sep-2025,Present,9.0,
6210,308,2025-03-12,Absent,0.0,0.0
6211,308,2025-04-08,ABSENT,0.0,0.0
6212,308,2025-02-24,Absent,0.0,0.0
6213,308,2025-12-20,Absent,0.0,
6214,308,2025-06-19,Late,6.8,0.0
6215,308,2025-05-19,Absent,0.0,0.0
6216,308,2025-03-13,absent,0.0,0.0
6217,308,24/11/2025,Absent,,
6218,308,2025-05-02,Present,7.1,3.3
6219,308,15-Aug-2025,Present,7.3,0.0
6220,308,23-Nov-2025,Absent,0.0,0.0
6221,308,2025-08-27,Present,7.6,2.5
6222,308,21/12/2025, Present,7.7,0.0
6223,308,2025-03-20,Present,8.7,0.0
6224,308,2025-05-01,Present,8.5,0.0
6225,308,2025-12-12,Late,4.8,0.0
6226,308,02-26-2025,Present,8.6,
6227,308,2025-01-04,Late,7.3,0.0
6228,308,2025-09-10,Absent,0.0,0.0
6229,308,2025-09-10,Present,7.4,0.0
6230,308,2025-04-12,Present,8.5,0.0
6231,309,2025-03-29,Present,7.9,0.0
6232,309,2025-08-09,Leave,0.0,0.0
6233,309,2025-07-03,Present,8.1,0.0
6234,309,2025-03-26,Late,5.4,0.0
6235,309,2025-12-07,Late,5.6,0.0
6236,309,30-Jan-2025,Present,7.1,0.0
6237,309,2025-09-15,Present,9.5,0.0
6238,309,2025-09-27,Present,8.6,0.0
6239,309,2025-10-05,Absent,0.0,0.0
6240,309,2025-06-14,Present,8.3,0.0
6241,309,2025-09-02,Absent,0.0,0.0
6242,309,2025-03-30,Absent,0.0,0.0
6243,309,2025-09-18,Late,5.7,0.0
6244,309,2025-12-04,Present,8.3,0.0
6245,309,2025-06-06,Present,8.0,0.0
6246,309,2025-11-23,Present,7.9,0.0
6247,309,2025-02-11,Present,8.2,0.0
6248,309,2025-10-12,Absent,0.0,0.0
6249,309,2025-04-04,Present,7.7,1.1
6250,310,2025-02-24,Present,8.4,0.0
6251,310,2025-12-06,Present,9.1,0.0
6252,310,2025-06-03,Present,7.4,0.0
6253,310,07-Apr-2025,Present,7.1,0.0
6254,310,2025-04-03,Present,7.6,3.9
6255,310,2025-03-28,Present,9.1,0.0
6256,310,2025-05-21,Absent,0.0,0.0
6257,310,2025-10-19,Present,8.5,
6258,310,2025-01-07,Present,9.3,0.0
6259,310,2025-07-21,Absent,0.0,0.0
6260,310,2025-12-22,Present,8.1,3.9
6261,310,2025-07-24,Absent,0.0,0.0
6262,310,2025-06-25,Present,7.7,1.3
6263,310,2025-10-25,Late,6.4,0.0
6264,310,2025-02-04,Present,7.9,0.0
6265,310,2025-01-21,ABSENT,0.0,0.0
6266,310,2025-04-29,Present,8.6,1.6
6267,310,2025-02-13,Present,8.5,0.0
6268,310,2025-04-13,Present,7.7,0.0
6269,310,2025-03-24,Absent,0.0,0.0
6270,310,2025-08-26,Absent,0.0,0.0
6271,310,2025-10-31,Absent,0.0,0.0
6272,310,2025-01-03,Present,7.1,0.0
6273,310,2025-01-11,Present,9.3,3.6
6274,310,2025-09-06,Present,9.4,0.0
6275,310,2025-05-24,Late,6.6,0.0
6276,310,2025-08-03,Present,8.7,2.5
6277,310,2025-08-12,Present,7.3,0.0
6278,310,2025-04-22,Present,7.5,0.0
6279,310,2025-07-01,Absent,0.0,0.0
6280,310,2025-10-21,Late,5.4,0.0
6281,310,2025-04-13,Absent,0.0,0.0
6282,311,2025-02-16,Present,9.2,0.0
6283,311,2025-03-17,Present,7.4,0.0
6284,311,2025-04-16,Present,9.3,0.0
6285,311,2025-07-30,Late,6.1,0.0
6286,311,2025-11-13,Present,8.8,0.0
6287,311,08-11-2025,Present,7.3,0.0
6288,311,2025-02-20,Present,7.7,0.0
6289,311,2025-05-28,Late,7.4,0.0
6290,311,2025-08-24,Present,7.7,0.0
6291,311,2025-07-18,Present,7.7,0.0
6292,311,2025-08-04,Present,7.5,0.0
6293,311,2025-08-05,Present,7.3,0.0
6294,311,2025-05-09,Present,7.6,0.0
6295,311,2025-01-24,Present,8.6,0.0
6296,311,2025-02-05,Present,8.1,0.0
6297,311,2025-02-21,Present,8.4,0.0
6298,311,14/02/2025,Present,7.3,0.0
6299,311,2025-11-12,Present,9.0,0.0
6300,311,2025-12-24,Present,9.0,0.0
6301,311,2025-05-27,Present,7.1,
6302,311,2025-05-17,Present,8.0,0.7
6303,311,12-Sep-2025,Present,9.0,0.0
6304,311,08/08/2025,Present,8.8,0.0
6305,311,2025-09-14,Present,9.3,0.0
6306,311,2025-08-18,Present,7.6,0.0
6307,311,2025-03-26,Present,8.1,0.0
6308,311,2025-10-02,PRESENT,7.5,0.0
6309,311,2025-03-12,Present,7.9,0.0
6310,312,2025-05-24,Present,8.3,0.0
6311,312,2025-09-22,Present,7.1,0.0
6312,312,02/02/2025,Present,8.8,0.0
6313,312,2025-01-02,Present,8.4,0.0
6314,312,2025-06-22,Present,9.1,0.0
6315,312,2025-05-18,Present,7.7,0.0
6316,312,2025-05-23,Present,9.3,0.0
6317,312,2025-11-05,Absent,0.0,0.0
6318,312,2025-01-17,Present,9.5,0.0
6319,312,2025-10-01,Late,7.3,0.0
6320,312,2025-01-26,Present,8.9,0.0
6321,312,11-22-2025,PRESENT,9.0,2.5
6322,312,2025-04-24,present,7.5,0.0
6323,312,2025-09-25,Present,8.7,0.0
6324,312,2025-01-27,Present,8.8,0.0
6325,312,2025-10-05,present,9.5,0.0
6326,312,2025-06-29,Present,8.4,0.0
6327,312,2025-08-01,Present,7.7,2.9
6328,312,2025-07-18,PRESENT,9.4,0.0
6329,312,04/02/2025,Present,7.4,0.0
6330,312,2025-12-22,LATE,5.5,0.0
6331,312,2025-09-22,Present,8.4,0.0
6332,312,2025-01-31,Leave,0.0,0.0
6333,312,2025-09-01,Present,7.4,0.0
6334,312,2025-02-26,Absent,0.0,0.0
6335,312,2025-09-22,Present,7.1,1.7
6336,313,2025-08-21,PRESENT,9.2,0.0
6337,313,2025-07-17,Absent,0.0,0.0
6338,313,2025-05-01,Absent,0.0,
6339,313,2025-08-08,Absent,0.0,0.0
6340,313,2025-01-19,Absent,0.0,0.0
6341,313,2025-05-07,Absent,0.0,0.0
6342,313,06-Aug-2025,Present,7.1,0.0
6343,313,2025-01-14,Absent,0.0,0.0
6344,313,2025-11-27,Absent,0.0,0.0
6345,313,2025-04-19,Absent,0.0,
6346,313,07-27-2025,Late,5.8,0.0
6347,313,2025-03-03,Leave,0.0,0.0
6348,313,2025-03-11,Absent,0.0,0.0
6349,314,2025-04-04,Present,8.9,0.0
6350,314,2025-09-01,Present,9.4,0.0
6351,314,11/02/2025, Present,9.5,0.0
6352,314,2025-08-20,Present,8.1,0.0
6353,314,18-Jun-2025,Absent,0.0,0.0
6354,314,06-18-2025,Present,9.4,0.0
6355,314,2025-01-24,Present,7.1,0.0
6356,314,2025-10-21,Present,8.9,0.0
6357,314,2025-03-28,Present,8.6,0.0
6358,314,2025-09-15,Present,7.6,0.0
6359,314,2025-01-13,Present,8.3,0.0
6360,314,2025-11-23,Late,4.9,3.6
6361,314,2025-12-10,Present,7.9,0.0
6362,314,2025-03-13,PRESENT,8.6,0.0
6363,314,2025-01-31,Late,5.0,0.0
6364,314,2025-08-05,Present,7.5,0.0
6365,315,2025-10-07,Present,9.5,0.0
6366,315,2025-08-15,Absent,0.0,0.0
6367,315,20-Jul-2025,Present,8.9,0.0
6368,315,2025-02-05,Present,9.4,0.0
6369,315,12-13-2025,Present,7.7,1.1
6370,315,09/04/2025,Present,8.3,0.0
6371,315,2025-04-01,Present,8.2,0.0
6372,315,2025-11-12,Absent,0.0,0.0
6373,315,2025-10-18,Present,7.4,0.0
6374,315,2025-09-09, Late,6.7,0.0
6375,315,2025-12-26,Present,7.9,0.0
6376,315,2025-04-15,Present,7.5,0.0
6377,316,16-Feb-2025,Present,7.8,0.0
6378,316,2025-01-04,Present,8.4,0.0
6379,316,2025-06-07,Present,8.8,0.0
6380,316,2025-10-28,Present,8.2,2.3
6381,316,2025-12-23,Present,7.3,0.0
6382,316,2025-12-07,Late,7.2,0.0
6383,316,2025-12-12,Present,9.3,0.0
6384,316,2025-06-04,Present,8.7,0.0
6385,316,2025-12-21,Absent,0.0,0.0
6386,316,2025-05-25,Present,7.0,0.0
6387,316,2025-08-03,Present,8.3,0.0
6388,316,2025-11-03,Late,6.4,0.0
6389,316,03-Oct-2025,Present,9.5,4.0
6390,316,2025-05-13,Present,9.1,0.0
6391,316,2025-05-20,Late,4.7,0.0
6392,317,2025-05-23,Present,9.4,0.0
6393,317,2025-01-28,Present,8.5,0.0
6394,317,2025-12-22,Present,9.0,0.0
6395,317,2025-08-27,Present,8.0,1.6
6396,317,2025-08-30,Present,8.2,0.0
6397,317,17-Jul-2025,Present,7.4,0.0
6398,317,2025-05-19,Present,7.9,0.0
6399,317,2025-06-25,Present,9.1,0.0
6400,317,2025-01-27,Absent,0.0,0.0
6401,317,2025-11-30,Present,7.1,0.0
6402,318,2025-10-25,Present,7.4,0.0
6403,318,2025-12-01,Present,7.3,0.0
6404,318,13-Apr-2025,Present,8.0,0.0
6405,318,2025-02-28,Present,9.5,0.0
6406,318,2025-03-21,Present,7.4,0.0
6407,318,2025-08-17,Present,7.4,0.0
6408,318,2025-09-20,PRESENT,9.3,3.6
6409,318,2025-11-24,Present,7.1,0.0
6410,318,2025-02-03,Present,8.9,0.0
6411,319,2025-09-28,Absent,0.0,0.0
6412,319,2025-08-01,Late,6.5,
6413,319,2025-06-01,Present,8.9,0.0
6414,319,2025-06-17,Present,8.2,4.0
6415,319,01-10-2025,Absent,0.0,0.0
6416,319,2025-09-22,Late,4.6,0.0
6417,319,23/06/2025,Present,7.6,0.0
6418,319,2025-11-28,Absent,0.0,0.0
6419,319,2025-05-22,Absent,0.0,0.0
6420,319,2025-08-03,Late,5.7,0.0
6421,319,10-31-2025,Present,8.1,0.0
6422,319,2025-07-17,Present,9.3,0.0
6423,319,2025-08-30,Absent,0.0,0.0
6424,319,09/03/2025,Absent,0.0,0.0
6425,319,2025-01-17,Late,6.2,0.0
6426,319,2025-05-03,Present,7.1,0.0
6427,319,2025-11-22,Present,8.0,0.0
6428,319,2025-08-04,Absent,0.0,0.0
6429,319,05-16-2025,Absent,0.0,0.0
6430,319,2025-04-22,Absent,0.0,0.0
6431,320,2025-11-01,Present,8.0,0.0
6432,320,2025-11-25,Present,9.4,0.0
6433,320,2025-12-15,Present,8.5,0.0
6434,320,2025-01-04,Late,6.4,3.0
6435,320,2025-06-01,Present,8.9,0.0
6436,320,2025-03-15,Present,8.6,0.0
6437,320,2025-07-11,Present,7.6,0.0
6438,320,2025-10-27,Late,7.1,
6439,320,2025-04-25,Present,8.8,0.0
6440,320,2025-04-04,PRESENT,8.9,0.0
6441,320,2025-08-20,Present,9.5,0.0
6442,320,2025-12-27,Absent,0.0,0.0
6443,320,11-09-2025,present,9.0,0.0
6444,320,2025-01-01,Late,7.0,0.0
6445,320,05-05-2025,Present,9.4,1.0
6446,320,2025-12-20,Present,8.2,0.0
6447,320,2025-04-24,Present,8.5,0.0
6448,320,2025-09-14,Present,7.8,0.0
6449,320,2025-08-14,Present,9.1,0.0
6450,320,2025-05-23,Present,8.9,0.0
6451,321,24-Jul-2025, Present,8.8,0.0
6452,321,2025-09-19,Present,9.5,1.4
6453,321,2025-10-19,Present,8.8,0.0
6454,321,2025-09-23,Present,8.4,0.0
6455,321,2025-07-24,Present,7.8,0.0
6456,321,2025-03-07,Present,,3.6
6457,321,2025-07-26,Present,8.5,0.0
6458,321,2025-11-16,Present,9.1,0.0
6459,321,2025-10-27,Late,6.1,0.0
6460,321,06-08-2025,Present,7.5,0.0
6461,321,08/12/2025,Present,7.8,1.8
6462,321,2025-01-26,Present,9.4,0.0
6463,321,2025-09-26,Present,7.0,0.0
6464,321,2025-07-30,Present,9.5,3.9
6465,322,2025-07-16,Present,9.5,2.2
6466,322,2025-08-21,Present,9.4,0.0
6467,322,2025-07-28,Absent,0.0,0.0
6468,322,2025-06-26,Late,5.7,0.0
6469,322,2025-11-04,Present,7.1,0.0
6470,322,2025-11-05,Present,7.6,
6471,322,07/05/2025,Absent,0.0,0.0
6472,322,2025-10-11,Present,9.4,0.0
6473,322,2025-07-24,Present,7.0,0.0
6474,322,2025-09-11,Present,8.4,0.0
6475,322,2025-08-11,Absent,0.0,0.0
6476,323,2025-03-04,Present,7.2,0.0
6477,323,2025-01-26,Present,7.7,0.0
6478,323,2025-05-09,Present,7.2,0.0
6479,323,2025-02-18,Present,9.1,0.0
6480,323,2025-04-08,Present,8.5,0.0
6481,323,2025-03-21,Present,9.3,0.0
6482,323,2025-01-16,Absent,0.0,0.0
6483,323,2025-02-04,Present,8.7,3.9
6484,323,2025-12-04,Present,8.3,
6485,323,17-Mar-2025,Present,8.6,0.0
6486,323,2025-02-04,present,8.4,0.0
6487,323,2025-11-30,Present,8.2,
6488,324,26/05/2025,Present,9.1,0.0
6489,324,2025-04-22,Absent,0.0,0.0
6490,324,01-09-2025,Absent,0.0,0.0
6491,324,2025-10-22,Leave,0.0,0.0
6492,324,19-Mar-2025,Present,8.6,0.0
6493,324,29-Aug-2025,Absent,0.0,0.0
6494,324,2025-10-30,present,9.0,0.0
6495,324,2025-06-17,Present,9.0,0.0
6496,324,03-23-2025,Present,7.5,0.0
6497,324,2025-12-24,absent,0.0,0.0
6498,324,2025-01-06,Absent,0.0,0.0
6499,324,2025-12-30,Present,8.6,1.2
6500,324,2025-04-04, Absent,0.0,0.0
6501,324,2025-04-29, Absent,0.0,0.0
6502,324,2025-09-06,Present,8.5,0.0
6503,325,2025-02-22,present,8.7,0.0
6504,325,2025-11-14,Present,9.5,0.0
6505,325,2025-10-19,Present,7.1,0.0
6506,325,2025-10-07,Present,7.2,0.0
6507,325,2025-01-18,Present,7.2,0.0
6508,325,2025-07-25,Present,8.0,0.0
6509,325,2025-02-13,Present,9.1,0.0
6510,325,2025-11-18,Present,9.1,0.0
6511,325,2025-07-29,Present,8.8,0.0
6512,325,2025-08-09,Present,9.2,0.0
6513,325,2025-03-20,Present,7.8,0.0
6514,325,2025-11-25,present,7.2,0.0
6515,326,04/01/2025,Absent,0.0,0.0
6516,326,2025-06-07,Present,7.1,3.5
6517,326,03-25-2025,Absent,0.0,0.0
6518,326,2025-02-07,Present,8.8,0.0
6519,326,2025-11-13,Absent,0.0,0.0
6520,326,2025-07-27,Absent,0.0,0.0
6521,326,2025-01-27,Present,8.7,0.0
6522,326,2025-11-25,Absent,0.0,0.0
6523,326,2025-09-12,Present,7.8,0.0
6524,326,2025-04-26,LATE,5.6,0.0
6525,326,2025-12-06,Absent,0.0,0.0
6526,326,01-24-2025,Absent,0.0,0.0
6527,326,2025-06-20,Present,9.4,0.0
6528,326,2025-10-26,Present,7.2,3.2
6529,326,2025-04-12,Present,7.8,0.0
6530,326,2025-08-24,Absent,0.0,0.0
6531,326,2025-06-02,Present,7.1,0.0
6532,326,2025-06-08,Absent,0.0,0.0
6533,326,2025-08-18,Absent,0.0,0.0
6534,326,2025-11-08,Absent,0.0,0.0
6535,326,2025-05-19,Present,8.9,1.7
6536,326,2025-10-01,Late,6.7,3.0
6537,326,26/04/2025,Absent,0.0,0.0
6538,326,2025-02-03,Present,8.3,0.0
6539,326,2025-12-21,Present,8.9,0.0
6540,326,2025-02-09,Present,8.5,0.0
6541,326,2025-08-30,Present,7.7,0.0
6542,326,2025-12-19,Present,8.8,0.0
6543,326,2025-07-02,Absent,0.0,0.0
6544,327,2025-12-22,Late,6.3,0.0
6545,327,2025-10-03,Present,7.0,3.7
6546,327,2025-06-30,Present,8.4,0.0
6547,327,2025-01-19,Present,9.2,3.6
6548,327,2025-07-01,Present,8.1,0.0
6549,327,2025-10-06,Present,8.3,0.0
6550,327,2025-02-18,Present,8.0,0.0
6551,327,2025-05-14, Late,5.8,0.0
6552,327,2025-07-20,Present,9.2,0.0
6553,327,2025-12-08,Absent,0.0,0.0
6554,327,2025-07-23,Absent,0.0,0.0
6555,327,2025-09-09,Present,9.0,0.9
6556,327,2025-05-26,Absent,0.0,0.0
6557,327,2025-05-06,Present,8.5,0.0
6558,327,2025-06-09,Present,9.5,0.0
6559,327,2025-10-04,late,6.3,
6560,327,2025-05-08,Present,8.9,0.0
6561,327,2025-10-07,Absent,0.0,0.0
6562,327,2025-02-11,Present,7.9,1.8
6563,327,18/04/2025,Present,8.8,0.0
6564,327,2025-03-24,Present,8.2,
6565,328,2025-01-21,Present,8.4,0.0
6566,328,10-06-2025,Present,8.8,0.0
6567,328,2025-05-23,Present,8.9,0.0
6568,328,2025-01-11,Present,7.7,0.0
6569,328,2025-01-07,Present,7.4,0.0
6570,328,2025-11-08, Present,7.7,2.3
6571,328,15/07/2025,Present,7.9,0.0
6572,328,2025-11-04,Present,8.4,0.0
6573,328,2025-05-02,Present,7.1,0.0
6574,328,2025-04-13,Late,6.0,0.0
6575,328,08-28-2025,Present,7.9,0.0
6576,328,2025-09-15,Present,8.3,0.0
6577,328,2025-08-10,Present,8.1,0.0
6578,328,2025-11-06,Present,7.7,0.0
6579,328,2025-01-22,Present,9.3,1.1
6580,328,12-14-2025,Present,8.7,0.0
6581,328,2025-11-11,Late,7.3,0.0
6582,328,2025-12-21,Present,8.3,0.0
6583,328,2025-04-24,Late,7.1,
6584,328,2025-03-16,Present,7.3,0.0
6585,328,2025-02-19,Present,8.2,0.0
6586,328,2025-06-23,Present,8.1,0.0
6587,328,2025-07-24,Present,7.0,0.0
6588,328,2025-02-27,Present,8.1,0.0
6589,328,2025-06-01,Present,7.9,0.0
6590,329,2025-12-11,Present,8.7,3.8
6591,329,2025-06-10,Absent,0.0,0.0
6592,329,2025-08-29,Present,7.2,0.0
6593,329,2025-05-20,Leave,0.0,0.0
6594,329,2025-05-23,Late,5.5,0.0
6595,329,2025-01-30,Present,8.1,0.0
6596,329,2025-12-14,Present,8.1,0.0
6597,329,2025-04-11,Absent,0.0,0.0
6598,329,02/02/2025,Late,6.8,0.0
6599,329,2025-11-13,Present,8.1,0.0
6600,329,2025-10-23,Late,4.6,0.0
6601,329,2025-09-06,Present,8.8,0.0
6602,329,2025-03-09,Present,9.2,0.0
6603,329,2025-06-17,Present,8.3,0.0
6604,329,2025-01-02,Leave,0.0,0.0
6605,329,2025-01-07,Absent,0.0,0.0
6606,329,2025-07-16,Absent,0.0,0.0
6607,329,2025-10-01,Late,6.2,1.1
6608,329,2025-09-06,Present,7.6,0.0
6609,329,2025-01-04,Absent,0.0,0.0
6610,329,2025-07-18,Present,7.6,2.0
6611,329,2025-01-27,Present,9.3,2.3
6612,329,2025-07-22,Absent,0.0,0.0
6613,329,2025-01-05,Present,7.5,1.4
6614,329,2025-09-29,Present,8.0,2.7
6615,330,2025-11-21, Present,8.1,0.0
6616,330,2025-11-16,Present,8.0,2.5
6617,330,21/04/2025,Present,7.6,0.0
6618,330,2025-03-26,Absent,0.0,0.0
6619,330,02-May-2025,Present,7.2,0.6
6620,330,2025-03-11,Absent,0.0,0.0
6621,330,15-May-2025,Present,7.6,0.0
6622,330,2025-08-24,Present,7.2,0.0
6623,330,2025-12-23,Present,7.8,
6624,330,2025-02-27,Present,8.9,0.0
6625,330,2025-07-20,Absent,0.0,0.0
6626,330,16-Nov-2025,Present,8.8,0.0
6627,330,10/03/2025,Present,8.5,0.0
6628,330,2025-09-10,Present,9.1,0.0
6629,330,2025-05-12,Present,7.7,0.0
6630,330,30/10/2025,Present,9.2,1.9
6631,331,05-27-2025,PRESENT,8.0,0.0
6632,331,2025-05-25,Present,8.0,0.0
6633,331,26-Apr-2025,Leave,0.0,0.0
6634,331,2025-03-05,Present,7.2,0.0
6635,331,2025-03-03,Present,9.4,0.0
6636,331,2025-06-28,Present,7.3,0.0
6637,331,2025-05-26,Present,7.9,0.0
6638,331,2025-06-19,Absent,0.0,0.0
6639,331,2025-07-27,Absent,0.0,
6640,331,2025-03-27,Present,7.8,0.0
6641,331,03-18-2025,Absent,0.0,0.0
6642,331,2025-11-12,Late,4.7,0.0
6643,331,2025-07-28,ABSENT,0.0,0.0
6644,331,2025-05-01,Present,7.4,0.0
6645,331,2025-08-04,Present,7.1,0.0
6646,331,2025-08-05,ABSENT,0.0,0.0
6647,331,2025-01-06,Absent,0.0,0.0
6648,331,2025-11-24,Absent,0.0,0.0
6649,331,2025-08-04,PRESENT,7.7,0.0
6650,331,2025-03-09,Absent,0.0,0.0
6651,331,2025-02-02,Absent,0.0,0.0
6652,331,2025-07-06,Absent,0.0,0.0
6653,331,2025-07-11,Present,9.2,0.0
6654,331,04-Feb-2025,Late,5.5,0.0
6655,331,2025-11-22,Present,7.3,0.0
6656,331,2025-02-18,Absent,0.0,0.0
6657,331,2025-01-28,Absent,0.0,0.0
6658,332,2025-08-14,Present,8.6,0.0
6659,332,2025-04-02,Absent,0.0,0.0
6660,332,2025-02-08,Absent,0.0,0.0
6661,332,2025-10-30,Late,7.5,0.0
6662,332,16/05/2025,Absent,0.0,0.0
6663,332,2025-07-12,Present,7.6,0.0
6664,332,2025-07-07,Absent,,0.0
6665,332,2025-12-15,Present,7.7,0.0
6666,332,2025-08-28,Present,9.4,0.0
6667,332,2025-08-24,Absent,0.0,0.0
6668,332,02-10-2025,Present,7.4,0.0
6669,332,11-23-2025,Present,8.3,0.0
6670,332,2025-06-03,Present,7.6,0.0
6671,332,2025-04-20,Present,9.3,0.0
6672,332,2025-03-05,Present,9.5,
6673,332,15-Jun-2025, Present,9.0,
6674,332,2025-11-18,Present,7.8,0.0
6675,332,2025-10-08,Present,8.0,0.0
6676,332,08-28-2025,Absent,0.0,0.0
6677,332,2025-04-06,Present,,0.0
6678,332,2025-12-22,Present,9.2,0.0
6679,332,2025-02-15,Present,9.3,0.0
6680,332,2025-01-04,Present,8.0,
6681,333,06/04/2025,Absent,0.0,0.0
6682,333,2025-11-05,Present,7.4,0.0
6683,333,2025-04-22,Late,5.8,0.0
6684,333,2025-12-20,Present,8.6,0.0
6685,333,19/04/2025,Present,8.0,1.8
6686,333,2025-10-17,Present,7.0,0.0
6687,333,13-May-2025,Absent,0.0,0.0
6688,333,2025-10-15,Present,9.0,0.0
6689,333,2025-03-25,Present,9.2,0.0
6690,333,2025-08-24,Present,9.4,0.0
6691,333,2025-12-01,Absent,0.0,0.0
6692,334,2025-03-26,Present,8.8,0.0
6693,334,2025-11-15,Present,8.4,0.0
6694,334,2025-10-01,Present,7.7,0.0
6695,334,2025-01-24,Absent,0.0,0.0
6696,334,2025-12-18,Absent,0.0,0.0
6697,334,2025-10-22,Absent,0.0,0.0
6698,334,2025-12-19,Present,9.5,2.6
6699,334,2025-11-12,Absent,0.0,0.0
6700,334,2025-03-31,Present,8.7,0.0
6701,334,2025-04-19,Present,,0.0
6702,334,2025-02-06,Present,9.1,0.0
6703,334,2025-11-08,Absent,0.0,0.0
6704,334,2025-12-11,Present,7.0,0.0
6705,334,2025-02-13,Present,7.6,0.0
6706,334,2025-06-25,Absent,0.0,0.0
6707,334,2025-07-19,Absent,0.0,0.0
6708,334,2025-08-15,Present,8.7,0.0
6709,334,08/11/2025,Present,9.2,0.0
6710,334,04-24-2025,absent,0.0,0.0
6711,334,2025-01-02,Present,8.7,0.0
6712,335,26-May-2025,Present,8.0,0.0
6713,335,2025-03-21,Absent,0.0,0.0
6714,335,08-10-2025,PRESENT,7.9,0.0
6715,335,2025-03-19,Present,8.8,0.0
6716,335,28/08/2025,Late,6.7,0.0
6717,335,2025-02-08,Late,6.3,0.0
6718,335,2025-12-25,Present,7.7,0.0
6719,335,2025-07-25,Present,9.3,0.0
6720,335,2025-01-15,Present,8.4,0.0
6721,335,2025-04-17,Present,9.0,1.3
6722,335,13/07/2025,Present,7.9,0.0
6723,335,2025-06-10,Absent,0.0,0.0
6724,335,09-15-2025,Present,9.2,0.7
6725,335,2025-05-28,Absent,0.0,0.0
6726,336,2025-01-20,Present,8.3,0.0
6727,336,2025-06-02,Present,8.2,3.1
6728,336,2025-09-11,Present,7.7,0.0
6729,336,2025-08-11,Present,7.5,0.0
6730,336,2025-09-17,Late,7.3,0.0
6731,336,2025-03-12,Present,8.4,0.0
6732,336,2025-08-09,Present,7.3,1.2
6733,336,2025-01-21,Present,9.5,0.0
6734,336,2025-09-18,Present,7.5,0.0
6735,336,2025-07-26,Present,8.5,0.0
6736,336,2025-07-30,Present,8.1,0.0
6737,336,2025-08-18,Present,9.2,0.0
6738,336,2025-11-27,Present,8.9,2.6
6739,336,2025-04-22,Present,7.0,0.0
6740,336,2025-10-20,Present,9.2,0.0
6741,336,2025-10-05,present,8.1,0.0
6742,336,2025-11-03,Present,9.3,0.0
6743,336,28-Dec-2025,Present,8.2,2.9
6744,336,2025-11-14,Present,7.2,0.0
6745,336,2025-01-08,Present,8.9,0.0
6746,336,05/12/2025,Late,5.5,0.0
6747,336,2025-08-12,Present,7.9,0.9
6748,336,2025-04-24,Present,7.4,0.0
6749,336,07-15-2025,Absent,0.0,0.0
6750,336,21/02/2025,Late,5.1,0.0
6751,337,27-Dec-2025,Present,7.8,0.0
6752,337,2025-11-30,Late,7.2,0.0
6753,337,2025-02-23,Present,7.9,0.0
6754,337,2025-06-23,Present,8.8,0.8
6755,337,2025-12-25,Late,6.3,0.0
6756,337,2025-08-12,PRESENT,8.2,0.0
6757,337,2025-03-25,PRESENT,9.4,0.0
6758,337,2025-10-30,Present,9.1,0.0
6759,337,05/06/2025,Present,8.1,0.0
6760,337,23/11/2025,Present,8.9,0.0
6761,337,2025-08-25,PRESENT,7.5,0.0
6762,337,2025-02-02,Present,8.4,0.0
6763,337,2025-09-27,Present,7.2,0.0
6764,337,2025-04-15,Present,7.9,0.0
6765,337,2025-11-29,Present,7.6,0.0
6766,337,07/10/2025,Present,8.8,0.0
6767,337,18-Jul-2025,Present,8.2,0.0
6768,338,2025-02-09,PRESENT,8.9,0.0
6769,338,2025-05-11,Present,8.3,0.0
6770,338,2025-06-06,Present,7.2,0.0
6771,338,03/11/2025,Present,8.8,0.0
6772,338,2025-05-19,Present,9.1,0.0
6773,338,2025-06-16,Present,9.3,0.0
6774,338,2025-11-16,Late,6.2,0.0
6775,338,2025-07-18,Absent,0.0,0.0
6776,338,2025-12-14,Present,8.9,0.0
6777,338,2025-11-14,Present,8.9,0.0
6778,338,2025-04-14,Present,7.4,1.1
6779,338,2025-10-06,Absent,0.0,0.0
6780,338,2025-03-14,Present,7.2,0.0
6781,338,2025-03-09,Absent,0.0,0.0
6782,338,2025-08-03,Present,7.8,0.0
6783,338,2025-08-19,Present,8.2,0.0
6784,338,2025-05-23,Present,9.5,0.0
6785,338,2025-09-25,Present,8.1,0.0
6786,338,2025-07-03,Present,8.8,0.0
6787,338,2025-03-30,LATE,6.6,0.0
6788,338,03/01/2025,Absent,0.0,0.0
6789,338,2025-07-17,present,7.5,0.0
6790,338,08-01-2025,Present,7.1,0.0
6791,339,05-30-2025,Present,8.4,0.0
6792,339,2025-08-01,Present,8.8,0.0
6793,339,24-Feb-2025,Absent,0.0,0.0
6794,339,2025-05-12,Present,9.5,0.0
6795,339,2025-09-20,Present,7.9,0.0
6796,339,2025-06-01,Absent,0.0,0.0
6797,339,2025-04-14,Absent,0.0,0.0
6798,339,2025-07-28,Present,9.2,0.0
6799,339,2025-01-09,Present,8.0,0.0
6800,339,2025-06-12,Present,8.7,0.0
6801,339,02/02/2025,Present,8.5,0.0
6802,339,2025-07-29,Absent,0.0,0.0
6803,339,2025-11-15,Late,4.7,0.0
6804,339,2025-03-20,Present,,0.0
6805,339,2025-07-30,Absent,0.0,0.0
6806,339,01-24-2025,Present,7.1,0.0
6807,339,2025-01-25,Present,7.9,0.0
6808,339,2025-04-25,Absent,0.0,0.0
6809,339,2025-11-08,Present,8.9,0.0
6810,339,2025-02-05,ABSENT,0.0,0.0
6811,339,2025-12-09,Present,7.4,0.0
6812,339,10/08/2025,Present,,0.0
6813,339,2025-09-01,Present,7.7,0.0
6814,339,2025-10-22,Present,9.0,3.3
6815,339,2025-05-20,Leave,0.0,0.0
6816,339,2025-03-20,Present,8.9,2.3
6817,339,2025-07-05, Present,7.7,0.0
6818,339,2025-01-07,Late,6.9,0.0
6819,339,2025-08-26,Absent,0.0,0.0
6820,339,2025-07-13,Present,7.5,0.0
6821,339,2025-09-18,Present,7.7,1.1
6822,339,2025-06-14,Present,8.7,0.0
6823,339,2025-04-25,Present,8.7,0.0
6824,339,2025-06-22,Present,8.6,0.0
6825,339,2025-10-08,Absent,0.0,0.0
6826,339,2025-12-03,Present,8.0,0.9
6827,339,2025-11-12,Late,7.2,2.3
6828,339,2025-01-23,Present,8.0,0.0
6829,339,01-Jul-2025,Present,8.5,0.0
6830,339,2025-03-13,Leave,0.0,0.0
6831,339,2025-05-24,Present,7.5,0.0
6832,339,2025-08-28,Absent,0.0,0.0
6833,339,2025-06-09,Absent,0.0,0.0
6834,339,2025-04-27,Absent,0.0,0.0
6835,340,2025-08-14,Present,7.3,0.0
6836,340,2025-09-30,Present,8.0,0.0
6837,340,2025-07-07,Present,7.6,1.4
6838,340,06-08-2025,absent,0.0,0.0
6839,340,2025-08-06,Present,9.2,0.0
6840,340,2025-12-18,Present,8.3,0.0
6841,340,2025-01-02,Present,8.2,0.0
6842,340,03-08-2025,Present,8.7,0.0
6843,340,2025-11-25,Present,9.4,0.0
6844,340,21-Sep-2025,Present,7.3,0.0
6845,340,2025-10-20,Present,9.1,0.0
6846,340,2025-04-23,Late,6.3,0.0
6847,340,2025-01-16,Present,7.4,0.0
6848,340,2025-10-08,Present,7.7,0.0
6849,340,2025-05-24,Late,5.9,0.0
6850,340,04-Sep-2025,Present,8.7,0.0
6851,340,20/02/2025,Present,7.6,0.0
6852,340,2025-12-25,Absent,0.0,0.0
6853,340,2025-07-26,Leave,0.0,0.0
6854,340,2025-10-30,Present,8.3,0.0
6855,340,2025-12-15,Absent,0.0,
6856,340,2025-02-17,Present,8.7,0.0
6857,341,2025-02-16,Present,8.1,0.0
6858,341,05-31-2025,Present,9.2,0.0
6859,341,2025-07-05,Present,9.2,0.0
6860,341,2025-08-01,Present,8.2,0.0
6861,341,2025-01-12,Present,,0.0
6862,341,2025-05-01,Absent,0.0,0.0
6863,341,2025-03-15,Late,4.7,0.0
6864,341,2025-08-19,Present,7.0,
6865,341,2025-01-14,Present,8.0,
6866,341,04-27-2025,Present,8.5,0.0
6867,341,2025-01-29,Absent,0.0,0.0
6868,341,2025-08-08,Present,8.6,0.0
6869,341,2025-10-05,Present,8.2,0.0
6870,341,2025-12-10,Present,7.3,0.0
6871,341,27/08/2025,Present,7.4,0.0
6872,341,2025-12-27,Present,9.1,0.0
6873,341,2025-08-16,Present,9.2,0.0
6874,341,2025-04-14,Present,8.7,2.8
6875,341,06/10/2025,Present,8.5,0.0
6876,342,2025-08-20,present,,0.0
6877,342,2025-02-03,Present,8.1,2.9
6878,342,2025-09-10,Present,8.3,0.0
6879,342,2025-06-04,Present,7.0,0.0
6880,342,2025-12-31,Present,9.4,0.0
6881,342,2025-10-09,Late,7.0,0.0
6882,342,2025-09-20,Present,7.7,
6883,342,2025-01-12,Present,8.5,
6884,342,2025-12-17,Present,9.3,0.8
6885,342,2025-05-02,Present,8.3,0.0
6886,342,03-Apr-2025,Absent,0.0,0.0
6887,342,2025-11-20,Present,8.1,0.0
6888,342,2025-11-20,Present,8.0,0.0
6889,342,2025-10-08,Present,9.1,0.0
6890,342,2025-03-21,Present,8.0,0.0
6891,342,2025-10-04,Present,7.2,0.0
6892,342,02-Dec-2025,Present,7.2,0.6
6893,342,2025-03-10,Present,8.0,3.0
6894,342,2025-09-08,Absent,0.0,0.0
6895,343,2025-07-25,Present,7.5,0.0
6896,343,02/11/2025,Late,6.4,2.9
6897,343,2025-08-21,Present,,0.0
6898,343,2025-03-17,Present,8.5,2.9
6899,343,2025-10-11,Present,8.2,
6900,343,2025-05-21,Present,7.8,0.0
6901,343,2025-08-12,Present,8.5,0.0
6902,343,2025-08-21,Present,9.4,0.0
6903,343,2025-06-11,Late,5.8,
6904,343,2025-08-24,Present,8.0,0.0
6905,343,2025-09-23,Present,8.2,0.0
6906,343,2025-04-08,Present,7.2,0.0
6907,343,2025-01-07,Present,8.4,0.0
6908,343,2025-02-21,Present,7.8,0.0
6909,343,2025-12-03,Present,7.3,0.0
6910,343,15-Jun-2025,Present,8.2,0.0
6911,343,2025-12-15,PRESENT,7.0,0.0
6912,343,2025-12-13,Present,8.0,0.0
6913,343,2025-11-26,Late,4.8,0.0
6914,343,05-Nov-2025,Present,7.1,0.0
6915,343,2025-09-22,Present,9.1,
6916,343,2025-05-15,Late,7.2,0.0
6917,344,2025-09-18,Present,7.5,2.4
6918,344,09/02/2025,Absent,0.0,0.0
6919,344,07/06/2025,Present,7.7,0.0
6920,344,2025-11-30,Present,8.2,2.0
6921,344,2025-03-20,Present,7.7,0.0
6922,344,2025-06-15,Present,8.8,0.0
6923,344,2025-10-02,Present,,0.7
6924,344,2025-11-18,Present,8.9,0.0
6925,344,2025-10-01,Present,8.7,0.0
6926,344,2025-10-26,Present,8.2,0.0
6927,344,2025-08-19,Present,8.2,0.0
6928,344,14/03/2025,Absent,0.0,0.0
6929,344,2025-06-04,Present,8.2,0.0
6930,344,2025-07-02,Late,5.8,0.0
6931,344,2025-07-30,Present,8.0,0.0
6932,344,31-May-2025,Absent,0.0,0.0
6933,344,2025-04-29,Present,8.2,0.0
6934,344,2025-08-07,Present,8.3,0.0
6935,344,2025-02-03,Late,6.6,0.0
6936,344,2025-11-10,Absent,0.0,0.0
6937,344,2025-04-22,Present,8.8,0.0
6938,344,2025-04-17,Present,7.9,0.0
6939,344,2025-09-13,Absent,0.0,0.0
6940,345,12-28-2025,Present,8.0,
6941,345,2025-12-27,Present,7.9,0.0
6942,345,04-30-2025, Absent,0.0,0.0
6943,345,2025-07-21,Present,8.3,
6944,345,2025-04-17,Present,8.1,3.6
6945,345,2025-02-15,Present,8.7,0.0
6946,345,2025-12-28,Present,9.2,0.0
6947,345,2025-04-27,LATE,6.6,0.0
6948,345,2025-07-12,Present,9.4,0.0
6949,345,2025-02-05,Present,8.6,0.0
6950,345,2025-05-11,Present,9.4,0.0
6951,345,2025-07-19,Absent,0.0,0.0
6952,345,2025-08-27,Present,7.4,0.0
6953,345,2025-07-16,Present,7.1,0.0
6954,345,2025-07-19,Late,6.2,3.9
6955,345,2025-11-20,Present,8.0,0.0
6956,345,29/11/2025,Absent,0.0,0.0
6957,345,2025-11-18,Present,7.5,0.0
6958,345,2025-11-09,Absent,0.0,0.0
6959,345,02-02-2025,Present,8.3,0.0
6960,345,2025-03-24,Present,8.6,1.6
6961,345,2025-12-07,ABSENT,0.0,0.0
6962,345,2025-10-17,Present,8.8,0.0
6963,345,2025-05-27,Present,9.4,3.6
6964,345,2025-06-03,Present,7.7,0.0
6965,345,2025-07-17,Present,7.8,1.8
6966,345,2025-10-30,Leave,0.0,0.0
6967,345,15-Oct-2025,Late,5.7,0.0
6968,346,2025-08-19,Absent,0.0,0.0
6969,346,07/03/2025,Present,7.3,0.0
6970,346,2025-03-06,Late,6.8,0.0
6971,346,23-Nov-2025,present,7.9,
6972,346,2025-01-15,Present,9.2,0.0
6973,346,2025-11-21,Absent,0.0,0.0
6974,346,2025-01-16,leave,0.0,0.0
6975,346,2025-11-27,Present,9.3,0.0
6976,346,2025-04-06,Absent,0.0,0.0
6977,346,2025-04-07,absent,0.0,0.0
6978,346,2025-08-20,Absent,,0.0
6979,346,2025-11-04,Present,7.1,0.0
6980,346,2025-07-31,Absent,0.0,0.0
6981,346,2025-02-09, Absent,0.0,0.0
6982,346,2025-06-10,PRESENT,9.5,0.0
6983,346,05-23-2025,Absent,0.0,0.0
6984,346,2025-01-17,Absent,0.0,0.0
6985,346,2025-03-07,Absent,0.0,0.0
6986,346,2025-12-24,Present,8.8,
6987,346,29-Oct-2025,Late,6.1,1.9
6988,346,2025-04-17,Present,8.3,0.0
6989,346,2025-10-11,Absent,0.0,0.0
6990,347,2025-08-04,Present,7.8,0.0
6991,347,2025-01-09,Absent,0.0,0.0
6992,347,2025-08-20,Present,8.6,0.0
6993,347,2025-11-22,Absent,,0.0
6994,347,07-26-2025,Absent,0.0,
6995,347,2025-05-31,Absent,0.0,0.0
6996,347,2025-03-26,Absent,0.0,0.0
6997,347,2025-06-29,Absent,0.0,0.0
6998,347,2025-06-05,Present,7.2,0.0
6999,347,2025-08-11,Present,8.6,1.5
7000,347,2025-07-12,Present,7.0,2.4
7001,347,2025-07-16,Absent,0.0,0.0
7002,347,2025-03-07, Late,6.2,2.0
7003,347,2025-10-27,Present,7.2,0.0
7004,347,2025-11-26,Late,7.2,0.0
7005,347,2025-06-21,Absent,0.0,0.0
7006,347,03-22-2025,Present,8.5,0.0
7007,348,2025-08-13,Present,7.3,0.0
7008,348,2025-02-17,Present,8.3,2.2
7009,348,2025-04-21,Present,7.2,0.0
7010,348,2025-10-08,Present,8.5,0.0
7011,348,2025-06-21,Present,9.0,0.0
7012,348,04-17-2025,Present,8.9,0.0
7013,348,2025-05-19,Present,7.5,
7014,348,2025-05-11,Present,9.2,0.0
7015,348,2025-03-14,Late,5.5,0.0
7016,348,2025-04-28,Present,9.4,0.0
7017,348,2025-05-04,Present,7.2,2.2
7018,348,2025-07-04,Leave,0.0,0.0
7019,348,2025-12-23,Absent,0.0,0.0
7020,348,2025-12-18,Present,8.5,0.0
7021,348,2025-04-12,Absent,0.0,0.0
7022,348,2025-02-17,Absent,0.0,0.0
7023,348,23/12/2025,Present,7.6,0.0
7024,348,22/09/2025,Present,8.9,0.0
7025,348,2025-04-20,Absent,0.0,0.0
7026,348,2025-12-19,Absent,0.0,0.0
7027,348,2025-01-08,Present,8.6,0.0
7028,348,2025-08-14,Present,7.0,0.0
7029,348,2025-02-18,Present,8.5,2.2
7030,348,2025-09-28,Present,7.5,
7031,348,2025-01-31,Absent,0.0,0.0
7032,348,23/12/2025,Present,9.5,0.0
7033,348,13-Feb-2025,Present,9.2,0.0
7034,348,2025-06-16,Absent,0.0,0.0
7035,348,2025-02-03,Late,5.4,0.0
7036,348,2025-10-01,Present,8.4,0.0
7037,348,08/01/2025,Present,7.8,
7038,348,08-Oct-2025,present,8.9,3.8
7039,348,2025-12-10,Present,7.9,0.0
7040,348,05/08/2025,Present,9.0,0.0
7041,348,2025-08-21,Present,8.2,0.0
7042,349,2025-10-08,Present,8.0,3.8
7043,349,2025-08-08,Present,8.3,0.0
7044,349,2025-05-06,Present,8.2,0.0
7045,349,2025-07-10,Present,8.7,0.0
7046,349,2025-04-11,Absent,0.0,0.0
7047,349,2025-01-18,Absent,0.0,0.0
7048,349,2025-04-10,Absent,0.0,0.0
7049,349,2025-09-15,Present,7.7,0.0
7050,349,28/11/2025,Present,7.8,0.0
7051,349,2025-12-23,Absent,0.0,0.0
7052,349,2025-06-17,Present,9.3,2.9
7053,349,2025-05-28,Present,9.1,1.4
7054,349,2025-03-20,Absent,0.0,0.0
7055,349,2025-07-29,Present,,3.9
7056,349,08-Feb-2025,Present,7.8,0.0
7057,349,2025-10-17,Late,5.0,2.3
7058,349,25/07/2025,Present,,
7059,349,2025-09-23,Late,5.0,
7060,349,2025-03-11,Present,9.5,2.5
7061,349,2025-06-13,present,8.9,0.0
7062,349,2025-03-08, Present,9.1,0.0
7063,349,2025-07-10,Present,8.8,0.0
7064,349,2025-02-18, Present,7.1,0.0
7065,349,2025-01-24,Present,7.4,0.7
7066,349,2025-04-17,Present,7.0,0.0
7067,349,25-Apr-2025,Present,7.8,0.0
7068,349,2025-11-25,Present,8.0,0.0
7069,349,2025-07-13,Present,7.6,0.7
7070,349,2025-04-20,Leave,0.0,0.0
7071,349,2025-11-03,Present,8.3,0.0
7072,349,2025-07-30,present,7.7,0.0
7073,349,2025-04-21,Present,9.0,0.0
7074,349,2025-06-02,Present,7.0,0.0
7075,349,2025-08-15,Present,9.1,3.8
7076,349,2025-05-16,Present,8.8,0.0
7077,349,2025-04-09,Present,8.8,0.0
7078,349,2025-10-26,Present,9.3,
7079,349,2025-08-21,Present,7.5,0.0
7080,350,2025-05-05,Late,7.5,0.0
7081,350,2025-11-23,Present,8.9,0.0
7082,350,2025-08-30,Present,8.8,0.0
7083,350,2025-02-17,Present,7.9,0.0
7084,350,2025-07-16,Present,8.4,0.0
7085,350,20/06/2025,PRESENT,8.6,2.7
7086,350,2025-09-07,Present,8.8,0.0
7087,350,2025-03-22,Present,7.2,0.0
7088,350,2025-11-24,Present,7.9,0.0
7089,350,2025-08-02,Present,8.1,1.4
7090,350,31-Aug-2025,Present,7.4,0.0
7091,350,08/05/2025,Present,7.3,0.0
7092,350,07-09-2025,Absent,0.0,0.0
7093,350,15-Aug-2025,Present,7.9,0.0
7094,350,2025-07-21,Present,8.2,0.0
7095,350,2025-04-30,Present,7.2,0.0
7096,350,2025-12-24,Present,9.4,0.0
7097,350,2025-03-07,Present,8.9,0.0
7098,350,2025-10-23,Present,8.8,0.0
7099,350,08-May-2025,Absent,0.0,0.0
7100,350,2025-04-14,Present,7.4,0.0
7101,350,18-Jul-2025,Present,8.5,0.0
7102,350,2025-06-02,ABSENT,0.0,0.0
7103,351,2025-09-01,Absent,0.0,0.0
7104,351,2025-11-25,Present,8.3,0.0
7105,351,03/08/2025,Present,9.5,0.0
7106,351,2025-10-08,Present,8.9,0.0
7107,351,2025-04-19,Present,8.4,0.0
7108,351,2025-10-08,Absent,0.0,0.0
7109,351,2025-08-08,Absent,0.0,0.0
7110,351,2025-10-23,Absent,0.0,0.0
7111,351,2025-02-21,Late,7.1,0.0
7112,351,2025-06-01,Present,7.4,0.0
7113,351,2025-05-02,Present,7.0,
7114,351,2025-10-07,Present,8.7,0.8
7115,351,2025-02-19,Late,4.8,0.0
7116,351,14/09/2025,absent,0.0,0.0
7117,351,2025-07-21,Present,8.9,0.0
7118,351,2025-04-11,Present,7.7,2.7
7119,351,2025-05-06,Absent,0.0,0.0
7120,351,2025-04-17, Present,9.3,0.0
7121,351,2025-08-30,Present,7.8,0.0
7122,351,2025-01-03,Present,7.5,0.0
7123,351,2025-11-11,Late,4.8,0.0
7124,351,11-Oct-2025,Present,7.3,0.7
7125,352,03-13-2025,Present,7.2,0.0
7126,352,2025-04-17,Late,5.8,0.0
7127,352,05-27-2025, Present,7.8,0.0
7128,352,2025-06-02,Present,8.8,0.0
7129,352,2025-04-05,Present,9.2,0.0
7130,352,2025-03-15,Present,9.0,0.0
7131,352,11-21-2025,Present,8.3,0.0
7132,352,2025-06-01,Present,7.3,0.0
7133,352,2025-04-08,Present,8.8,0.0
7134,352,2025-10-27,Present,7.9,0.0
7135,352,2025-06-03,Absent,0.0,0.0
7136,352,2025-07-22,Present,7.2,0.0
7137,353,2025-12-07,Late,7.0,0.0
7138,353,2025-04-03,Present,7.8,0.0
7139,353,2025-07-16,Present,7.5,0.0
7140,353,15-Feb-2025,Present,,0.0
7141,353,2025-12-11,Absent,0.0,0.0
7142,353,2025-12-16,Present,9.3,0.0
7143,353,18-Jun-2025,PRESENT,7.8,1.7
7144,353,2025-02-23,Present,8.4,3.1
7145,353,2025-06-29,Present,7.2,0.0
7146,353,2025-02-28,Present,8.5,0.0
7147,353,2025-10-18,Present,9.4,0.0
7148,353,2025-01-18,Present,7.7,3.7
7149,353,2025-04-26,Present,9.4,0.0
7150,353,21-Apr-2025,Present,7.7,0.0
7151,353,2025-09-04,Present,8.9,0.0
7152,353,2025-12-18,Present,7.6,0.0
7153,353,2025-05-25,Late,6.7,0.0
7154,353,2025-12-20,Present,9.0,0.0
7155,353,2025-02-06,Present,7.6,0.0
7156,353,2025-04-21,Absent,0.0,0.0
7157,354,2025-05-09,Present,,3.3
7158,354,2025-07-25,Absent,0.0,0.0
7159,354,2025-05-25,Present,7.9,0.0
7160,354,06/12/2025,Present,7.4,0.0
7161,354,2025-01-25,Present,7.2,0.0
7162,354,2025-03-24,Present,8.4,3.9
7163,354,29-Sep-2025,Present,9.1,0.0
7164,354,2025-08-02,Present,8.1,0.0
7165,354,2025-10-06,Present,8.3,0.0
7166,354,2025-02-07,Present,7.7,0.0
7167,354,07-May-2025,Absent,0.0,0.0
7168,354,2025-03-04,PRESENT,7.4,0.0
7169,354,2025-05-13,Present,8.2,0.0
7170,354,2025-06-18,Absent,0.0,0.0
7171,354,2025-05-14,Present,8.2,0.0
7172,354,2025-04-18,Absent,0.0,0.0
7173,354,2025-02-08,late,6.1,0.0
7174,354,2025-10-17,Present,9.4,2.6
7175,355,10-30-2025,Absent,0.0,0.0
7176,355,2025-10-06,Present,8.5,0.9
7177,355,2025-09-04, Absent,0.0,0.0
7178,355,2025-12-26,Present,9.5,0.0
7179,355,2025-03-01,Absent,0.0,0.0
7180,355,2025-03-11,Present,8.9,3.6
7181,355,2025-12-16,Late,5.7,0.0
7182,355,2025-01-09,Present,8.3,0.0
7183,355,2025-08-26,Present,8.3,1.2
7184,355,2025-09-24, Present,8.7,0.0
7185,355,2025-05-29,Absent,0.0,0.0
7186,355,2025-03-09,Present,9.3,0.0
7187,355,2025-11-20,Late,5.0,0.8
7188,355,06/09/2025,Present,8.8,1.5
7189,355,2025-11-08,Absent,0.0,0.0
7190,355,2025-08-12,Present,8.6,0.0
7191,355,09-09-2025,Present,8.7,0.0
7192,355,2025-04-07,Present,7.8,0.0
7193,355,2025-02-10,Absent,0.0,0.0
7194,355,2025-11-23,Present,9.0,0.0
7195,355,2025-02-26,Present,8.4,0.0
7196,355,2025-10-23,Present,9.2,0.0
7197,355,2025-11-25,Absent,,0.0
7198,356,2025-06-28,late,6.8,3.5
7199,356,30-Dec-2025,Late,4.6,0.0
7200,356,22-Apr-2025,Present,7.6,0.0
7201,356,2025-12-06,Present,7.2,0.0
7202,356,2025-07-18,absent,0.0,0.0
7203,356,2025-10-08,Late,5.8,0.0
7204,356,2025-03-27,Present,9.2,0.0
7205,356,12-02-2025,Present,8.2,0.0
7206,356,2025-02-08,Absent,0.0,0.0
7207,356,2025-11-21,Present,9.1,0.0
7208,356,2025-02-03,Present,7.8,0.0
7209,356,05/10/2025,Present,7.8,0.0
7210,356,2025-09-24,Present,9.2,0.0
7211,356,2025-08-07,Present,8.1,0.0
7212,356,2025-10-19,Present,9.0,
7213,356,2025-01-30,Absent,0.0,0.0
7214,356,2025-02-24,Present,7.6,0.0
7215,356,2025-06-24,PRESENT,9.4,0.0
7216,356,2025-12-06,Present,8.4,0.0
7217,357,2025-07-06,Present,8.9,0.0
7218,357,2025-03-16,Present,7.2,0.0
7219,357,2025-11-23,Present,8.2,0.0
7220,357,2025-07-19,Present,9.3,0.0
7221,357,2025-07-05,Present,9.2,
7222,357,2025-07-15,Present,7.8,0.0
7223,357,2025-12-06,Absent,0.0,0.0
7224,357,31/05/2025,Present,8.1,0.0
7225,357,2025-05-21,Absent,0.0,0.0
7226,357,2025-04-24,Absent,0.0,0.0
7227,357,2025-07-13,Present,7.4,0.0
7228,357,04/08/2025,Present,8.8,0.0
7229,357,2025-12-25,Present,7.5,0.0
7230,357,2025-02-22,Present,7.9,2.8
7231,357,23/11/2025,Present,8.2,0.0
7232,357,2025-10-05,Present,8.8,0.0
7233,357,2025-02-21,Present,9.4,0.0
7234,357,2025-01-04,Present,7.3,0.0
7235,357,09-14-2025,Present,8.8,1.3
7236,357,2025-12-04,Late,5.7,0.0
7237,357,2025-10-10,Late,4.6,0.0
7238,357,2025-03-21,Present,7.3,0.0
7239,357,2025-08-30,Present,7.8,0.0
7240,357,2025-04-09,Present,7.9,0.0
7241,358,2025-11-01,Absent,,0.0
7242,358,2025-01-01,ABSENT,0.0,0.0
7243,358,2025-01-20,Present,9.2,0.0
7244,358,2025-08-20,Present,8.9,3.9
7245,358,2025-07-10,Present,8.5,1.3
7246,358,2025-03-01,Present,7.8,0.0
7247,358,2025-01-16,Present,7.8,0.0
7248,358,06-10-2025,Absent,0.0,0.0
7249,358,08-15-2025,Present,7.8,0.0
7250,358,2025-11-26,Present,8.7,2.4
7251,358,01-04-2025,Present,8.0,0.0
7252,358,2025-03-02,Present,7.4,
7253,358,2025-07-04,Present,7.1,0.0
7254,358,2025-01-21,Present,7.5,0.0
7255,358,2025-05-04,Absent,0.0,0.0
7256,358,04/10/2025,Absent,0.0,0.0
7257,358,2025-02-07,Absent,0.0,0.0
7258,358,06-03-2025,Absent,0.0,0.0
7259,358,2025-05-28,Present,7.3,0.0
7260,359,2025-06-18,Present,9.0,0.9
7261,359,2025-06-20,Present,8.8,1.8
7262,359,2025-09-19,Present,7.2,3.3
7263,359,2025-12-02,Present,8.4,0.0
7264,359,2025-07-29,Present,7.6,0.0
7265,359,2025-11-18,Late,7.2,
7266,359,2025-02-13,Present,7.5,0.0
7267,359,2025-11-09,Present,8.9,0.0
7268,359,06-26-2025,Present,8.8,0.0
7269,359,2025-11-25,Present,7.7,0.7
7270,359,2025-04-27,Present,9.1,0.0
7271,359,2025-03-01,Present,7.8,1.2
7272,359,2025-12-05,Present,8.3,0.0
7273,359,2025-08-16,Present,9.3,0.0
7274,359,2025-05-03,Present,7.1,0.0
7275,359,2025-10-22,Absent,0.0,0.0
7276,359,2025-06-19,Present,8.9,
7277,359,2025-09-10,present,8.4,0.0
7278,359,2025-06-06,Present,8.1,3.1
7279,359,23/05/2025,Present,9.4,0.0
7280,359,2025-01-01,Present,7.6,0.0
7281,359,2025-08-09,Present,7.4,3.7
7282,359,2025-06-02,Present,8.7,0.0
7283,359,2025-11-08,Present,8.1,
7284,359,2025-07-13,Absent,0.0,0.0
7285,359,2025-01-25,Present,8.4,0.0
7286,360,2025-05-04,Present,8.9,0.0
7287,360,2025-07-10,Present,8.9,3.7
7288,360,2025-07-24,Present,8.1,0.0
7289,360,2025-02-17,Present,7.7,0.0
7290,360,14/10/2025,Late,6.4,0.0
7291,360,2025-10-10,Absent,0.0,0.0
7292,360,2025-07-03,Present,8.0,2.6
7293,360,2025-05-24,Present,8.0,0.0
7294,360,2025-11-12,Present,7.4,
7295,360,2025-07-23,Present,8.2,0.0
7296,360,2025-09-13,Present,8.7,0.0
7297,360,2025-01-05,Present,9.0,0.0
7298,360,04/05/2025,Present,8.2,0.0
7299,360,2025-03-31,Present,7.4,0.0
7300,360,2025-01-17,Present,8.0,0.0
7301,360,2025-03-06,Present,9.0,0.0
7302,360,2025-06-25,present,8.0,0.0
7303,360,11-04-2025,Late,6.6,0.0
7304,360,2025-06-11,Present,,0.0
7305,360,2025-10-27,Present,7.6,0.0
7306,361,2025-09-13,Present,9.0,0.0
7307,361,2025-03-25,Present,7.2,0.0
7308,361,2025-02-01,Present,8.3,0.0
7309,361,24/04/2025,Present,7.5,0.0
7310,361,2025-06-23,Present,7.2,0.0
7311,361,04-03-2025,Present,8.3,0.0
7312,361,2025-06-14,Present,8.2,0.0
7313,361,13/03/2025,Present,8.8,0.0
7314,361,2025-05-24,absent,0.0,0.0
7315,361,13-Mar-2025,Present,8.9,0.0
7316,361,2025-12-20, Present,8.8,1.9
7317,361,22/03/2025,Late,6.4,0.0
7318,361,2025-03-22,Present,8.4,0.0
7319,361,2025-01-14,Present,8.1,0.0
7320,361,05/10/2025,Present,8.5,0.0
7321,361,2025-03-03,Present,9.4,0.0
7322,361,2025-04-01,Present,7.5,0.0
7323,362,2025-04-18,Present,9.3,0.0
7324,362,2025-01-03,Present,7.1,0.0
7325,362,01-Jul-2025,Present,7.8,0.0
7326,362,04/03/2025,Present,7.7,0.0
7327,362,2025-09-14,Absent,0.0,0.0
7328,362,2025-09-30,PRESENT,8.6,0.0
7329,362,2025-01-04,Leave,0.0,0.0
7330,362,2025-01-24,Present,7.3,0.0
7331,362,2025-01-25,late,7.1,0.0
7332,362,2025-05-05,Present,9.1,0.0
7333,362,2025-09-08,Present,8.6,2.1
7334,362,2025-02-01,Absent,0.0,0.0
7335,362,2025-11-27,Absent,0.0,0.0
7336,362,2025-12-29,Present,9.3,0.0
7337,362,2025-02-20,Present,9.1,0.0
7338,362,2025-06-24,Present,8.2,0.0
7339,362,2025-05-24,Present,8.8,2.5
7340,362,08/07/2025,Present,8.5,0.0
7341,362,2025-01-02,Present,7.8,0.0
7342,362,2025-11-15,Present,8.2,0.8
7343,362,01-Jan-2025,Present,7.9,0.0
7344,362,2025-04-22,Late,6.6,0.0
7345,362,2025-07-17,Present,9.4,0.0
7346,362,2025-10-01,Present,9.4,0.0
7347,362,2025-07-12,Present,8.4,0.0
7348,362,2025-05-06,Present,8.5,0.0
7349,362,2025-03-02,Present,7.5,0.0
7350,362,30/06/2025,Present,8.7,0.0
7351,362,23-Feb-2025,Present,7.2,0.0
7352,363,13/09/2025,Present,7.7,
7353,363,2025-08-08,Present,8.7,0.0
7354,363,2025-12-04,Present,7.8,0.0
7355,363,2025-08-03,absent,0.0,0.0
7356,363,01-14-2025,Present,7.1,0.0
7357,363,14/02/2025, Present,9.1,0.0
7358,363,2025-09-02,Present,7.8,0.0
7359,363,2025-02-07,Present,7.2,0.0
7360,363,2025-03-21,Absent,,0.0
7361,363,2025-02-05,Present,7.2,0.0
7362,363,2025-11-17,Present,7.6,0.0
7363,363,2025-01-13,Present,7.4,0.0
7364,363,2025-11-20,Present,8.9,0.0
7365,363,2025-03-11,Late,5.5,0.0
7366,363,2025-03-05,Present,9.0,0.0
7367,363,2025-02-06,Present,7.4,0.0
7368,363,2025-11-22,Present,8.2,0.0
7369,363,09-20-2025,Present,8.7,0.0
7370,363,2025-09-12,Absent,0.0,0.0
7371,363,2025-05-27,Present,8.6,0.0
7372,363,2025-04-09,Absent,0.0,0.0
7373,363,2025-01-15,Present,8.5,0.0
7374,363,2025-06-22,Present,9.3,0.0
7375,363,03/10/2025,Present,7.6,0.0
7376,363,2025-05-05,Present,8.2,3.6
7377,363,2025-03-15,Present,7.2,0.0
7378,363,2025-12-04,Present,7.1,0.0
7379,363,2025-07-14,Present,7.6,2.7
7380,364,2025-09-03,Present,7.6,0.0
7381,364,2025-05-13,Leave,0.0,0.0
7382,364,2025-12-04,Present,7.5,0.0
7383,364,2025-09-12,PRESENT,8.1,0.0
7384,364,2025-06-24,Present,8.5,0.0
7385,364,2025-03-13,Late,5.2,1.6
7386,364,2025-05-21,Present,8.5,3.8
7387,364,2025-07-18,Present,8.7,0.0
7388,364,2025-08-08,Present,9.0,0.0
7389,364,2025-08-16,present,7.9,0.0
7390,364,2025-07-08,Late,5.3,2.1
7391,364,2025-04-04,Present,9.0,0.0
7392,364,2025-06-26,Present,8.1,0.0
7393,364,2025-05-08,Present,9.1,0.0
7394,364,2025-12-11,Present,9.5,0.0
7395,364,07-17-2025,Present,7.2,0.0
7396,364,2025-05-14,Present,7.1,0.0
7397,365,2025-10-29,Present,7.4,0.0
7398,365,2025-10-23,Present,8.0,0.0
7399,365,2025-03-03,Absent,0.0,0.0
7400,365,28/07/2025,Present,7.3,0.0
7401,365,2025-07-31,Present,9.2,0.0
7402,365,2025-08-03,Present,7.1,0.0
7403,365,2025-06-20,Present,7.8,
7404,365,2025-12-11,Absent,0.0,0.0
7405,365,2025-08-04,Present,9.3,0.0
7406,365,2025-08-02,Present,8.7,0.0
7407,365,2025-04-29,Present,9.3,0.0
7408,365,2025-11-11,Present,9.4,0.0
7409,365,2025-05-12,Present,8.2,0.0
7410,365,2025-03-12,Absent,0.0,0.0
7411,365,22/10/2025,Absent,0.0,0.0
7412,365,12-Aug-2025,Present,7.6,0.0
7413,366,2025-01-03,Late,5.1,0.0
7414,366,2025-05-30,Present,7.6,0.0
7415,366,2025-12-20,Present,8.8,
7416,366,2025-12-24,Absent,0.0,0.0
7417,366,2025-06-26,Present,7.1,0.0
7418,366,2025-08-26,Present,7.1,2.6
7419,366,2025-03-01,Present,8.6,0.0
7420,366,2025-12-02,Absent,0.0,0.0
7421,366,2025-01-13,Leave,0.0,0.0
7422,366,2025-11-29,Present,8.7,1.8
7423,366,30-May-2025,Present,9.0,0.0
7424,366,2025-03-15,Present,8.3,0.0
7425,366,27-Nov-2025,Present,7.3,0.0
7426,366,2025-01-29,Present,9.0,0.0
7427,366,2025-05-19,Present,9.4,0.0
7428,366,2025-07-22,present,7.2,0.0
7429,366,2025-08-16,Absent,0.0,0.0
7430,366,2025-04-11,Present,8.0,0.0
7431,366,2025-03-13,Present,8.2,0.0
7432,366,2025-09-24,Present,7.4,3.5
7433,366,04-Feb-2025,Present,7.7,0.0
7434,366,2025-03-19,Absent,0.0,0.0
7435,366,2025-01-26,Present,9.0,0.0
7436,366,2025-09-23,Present,8.7,0.0
7437,366,2025-03-06,Present,8.5,0.0
7438,366,2025-10-06, Leave,0.0,
7439,366,2025-04-19,Present,7.5,0.0
7440,366,2025-10-23,present,7.6,0.0
7441,366,2025-09-18,Late,4.6,0.0
7442,366,04/10/2025,Present,7.6,0.0
7443,367,2025-11-23,Absent,0.0,0.0
7444,367,2025-04-16,Late,5.5,0.0
7445,367,2025-11-24,Present,9.1,0.0
7446,367,2025-05-27,Present,7.9,0.0
7447,367,03/11/2025,Absent,0.0,0.0
7448,367,15/10/2025,Present,8.9,0.0
7449,367,2025-05-24,Present,8.1,
7450,367,2025-02-28,present,9.0,3.9
7451,367,2025-11-15,Late,5.2,0.0
7452,367,16/10/2025,Present,9.2,
7453,367,2025-12-01,Present,8.6,0.0
7454,368,2025-02-09,Absent,0.0,0.0
7455,368,2025-06-19,PRESENT,9.0,2.8
7456,368,2025-06-26,Present,8.1,0.0
7457,368,2025-12-20,Present,7.6,0.0
7458,368,2025-10-04,Present,7.2,0.0
7459,368,2025-09-26,Present,8.3,0.0
7460,368,2025-01-19,Present,9.5,0.0
7461,368,2025-02-01,Leave,0.0,0.0
7462,368,2025-05-20,Late,6.7,
7463,368,2025-07-17,Present,7.8,0.0
7464,368,2025-12-18,Late,7.0,0.0
7465,368,2025-09-25,Present,8.9,1.5
7466,368,2025-09-21,Present,7.0,0.0
7467,368,2025-08-23,Present,7.3,0.0
7468,368,2025-04-11,Absent,0.0,0.0
7469,368,2025-11-24,Absent,0.0,0.0
7470,368,07-26-2025,Present,9.2,0.0
7471,368,2025-05-25,Present,9.1,0.0
7472,368,2025-08-19,Present,7.7,1.5
7473,368,2025-11-08,Absent,0.0,0.0
7474,368,2025-08-25,Present,9.0,0.0
7475,368,2025-07-27,Present,9.3,0.0
7476,368,14-Oct-2025,Present,8.9,
7477,368,2025-12-26,Absent,0.0,0.0
7478,368,2025-02-17,Absent,0.0,0.0
7479,368,2025-09-22, Present,8.5,0.0
7480,368,2025-09-22,Present,7.6,2.3
7481,369,19/10/2025,Present,7.6,0.0
7482,369,2025-07-17,Present,9.0,0.0
7483,369,2025-12-31,Present,8.0,0.0
7484,369,2025-03-23,Present,9.1,0.0
7485,369,2025-01-22,Present,8.0,0.0
7486,369,2025-06-20,Present,9.1,0.0
7487,369,2025-07-11,Present,7.8,0.0
7488,369,2025-10-04,Absent,0.0,0.0
7489,369,2025-06-28,Present,,0.0
7490,370,2025-03-18,Present,8.5,0.0
7491,370,2025-05-03,Present,7.2,0.0
7492,370,2025-10-31,Present,9.4,0.0
7493,370,25/05/2025,Late,6.2,0.0
7494,370,2025-03-14,Late,6.0,0.0
7495,370,2025-12-25,Present,9.1,0.0
7496,370,2025-02-04,Present,9.2,
7497,370,2025-05-18,Present,8.3,0.0
7498,370,06/09/2025,Present,9.3,0.0
7499,370,2025-04-14,Absent,0.0,0.0
7500,370,2025-09-21,Present,7.2,0.0
7501,370,2025-08-25,Leave,0.0,
7502,370,2025-07-16,Present,7.3,0.0
7503,370,2025-11-28,Present,8.5,0.0
7504,370,2025-11-23,Present,7.9,0.0
7505,370,01-Feb-2025,Leave,0.0,0.0
7506,371,03-06-2025,Present,8.2,0.0
7507,371,2025-06-03,Present,7.8,0.0
7508,371,03-Jan-2025,Present,8.0,0.0
7509,371,2025-04-08,Present,9.1,2.6
7510,371,16-Oct-2025,Present,9.5,3.3
7511,371,2025-01-05,Present,7.7,0.0
7512,371,2025-04-25,Present,7.7,0.0
7513,371,2025-03-27,Present,7.8,0.0
7514,371,2025-08-29,PRESENT,9.1,0.0
7515,371,03-01-2025,Absent,0.0,0.0
7516,371,2025-09-14,Late,4.6,
7517,371,21/12/2025,Present,7.6,0.0
7518,371,19/07/2025,Absent,0.0,0.0
7519,371,05-Nov-2025,Absent,0.0,0.0
7520,371,2025-08-15,Present,9.3,2.7
7521,371,2025-01-25,Present,7.6,0.0
7522,372,2025-05-23,Present,7.5,0.0
7523,372,2025-05-29,Present,9.2,0.0
7524,372,2025-01-27,Present,9.2,0.0
7525,372,12-21-2025,Present,7.6,0.0
7526,372,2025-02-18,present,8.1,0.0
7527,372,31/12/2025,Present,,0.0
7528,372,2025-12-14,Present,8.9,0.0
7529,372,2025-02-25,Present,9.0,0.0
7530,372,2025-08-11,Present,8.3,0.0
7531,372,2025-08-22,Present,9.3,1.6
7532,372,2025-11-09,Present,7.4,0.0
7533,372,2025-05-01,Present,8.8,0.0
7534,372,2025-01-09,Late,6.1,0.0
7535,372,2025-03-19,Present,9.1,0.0
7536,372,2025-05-25,Present,7.2,0.0
7537,372,2025-07-14,Present,9.1,0.0
7538,372,2025-08-23,Present,7.7,
7539,372,2025-04-04,Present,8.6,
7540,372,2025-02-08,Present,8.5,0.0
7541,372,2025-11-16,Present,8.8,0.0
7542,372,2025-07-05,Present,7.9,0.0
7543,373,2025-05-05, Present,7.5,0.0
7544,373,06-21-2025,Present,8.3,0.0
7545,373,2025-02-28,Absent,0.0,0.0
7546,373,2025-06-18,Absent,0.0,
7547,373,2025-12-26,ABSENT,0.0,0.0
7548,373,2025-02-05,Present,9.1,0.0
7549,373,2025-03-19,Present,7.8,1.4
7550,373,2025-01-17,Late,5.3,0.0
7551,373,2025-10-20,present,9.4,0.0
7552,373,2025-08-28,Present,7.9,0.0
7553,373,12-Oct-2025,Present,7.0,0.0
7554,374,2025-06-13,Present,9.0,0.0
7555,374,2025-04-16,Present,8.7,0.0
7556,374,2025-11-04,Present,7.3,0.0
7557,374,2025-07-26,Present,9.5,2.6
7558,374,10/05/2025,Present,8.3,0.0
7559,374,2025-12-30,Present,8.0,0.0
7560,374,2025-11-21,Present,9.2,0.0
7561,374,2025-05-03,PRESENT,7.6,1.5
7562,374,2025-04-17,Late,4.9,0.0
7563,374,2025-09-11,Present,8.9,0.0
7564,374,2025-07-28,Present,8.5,2.6
7565,374,2025-09-23,late,5.2,0.0
7566,374,2025-06-20,Present,8.6,0.0
7567,374,27/03/2025,Present,8.9,0.0
7568,374,2025-03-07,Present,7.9,3.3
7569,374,18/01/2025,Present,7.9,0.0
7570,374,03/12/2025,Late,6.8,0.0
7571,374,2025-12-07,Absent,0.0,0.0
7572,374,2025-06-05,Present,7.1,0.0
7573,374,2025-01-09,Present,8.4,0.0
7574,374,2025-10-14,Present,9.4,0.0
7575,374,2025-03-15,Present,9.5,1.5
7576,375,2025-11-30,Present,8.1,0.7
7577,375,2025-11-27,Present,9.2,0.0
7578,375,2025-05-01,Present,8.4,0.0
7579,375,2025-12-02,Present,8.0,0.0
7580,375,2025-12-31,Present,7.3,0.0
7581,375,2025-01-07,Absent,0.0,0.0
7582,375,2025-01-30,Absent,0.0,0.0
7583,375,2025-01-20,Present,9.4,0.0
7584,375,2025-11-01,Present,8.3,1.5
7585,375,2025-08-16,Present,7.9,0.0
7586,375,08/06/2025,Present,7.7,0.0
7587,375,2025-01-23,Late,6.3,0.0
7588,375,2025-04-29,Present,9.3,0.0
7589,375,2025-02-03,Present,9.1,0.0
7590,375,2025-11-04,Present,8.2,0.0
7591,375,2025-01-26,Present,9.1,0.0
7592,375,2025-05-15,Present,8.1,0.0
7593,375,2025-08-02,Present,7.6,0.0
7594,375,2025-08-02,Present,9.5,0.0
7595,375,2025-11-26,Absent,0.0,0.0
7596,375,2025-02-12,Late,5.4,1.6
7597,375,2025-11-22,Present,9.5,1.0
7598,375,2025-10-20,Present,8.9,0.0
7599,376,2025-12-24,Present,9.3,0.0
7600,376,2025-01-02,Present,8.3,0.0
7601,376,2025-04-23,Late,4.5,0.0
7602,376,2025-02-15,Late,5.6,0.0
7603,376,2025-10-08,Present,7.3,0.0
7604,376,2025-05-06,Absent,0.0,0.0
7605,376,11-10-2025,Present,8.0,0.0
7606,376,2025-11-06,Present,9.0,0.0
7607,376,2025-03-13,LATE,5.8,0.0
7608,377,2025-03-05,Present,8.1,2.4
7609,377,2025-08-05,Present,8.5,0.0
7610,377,2025-07-28,Present,9.1,0.0
7611,377,15-Jan-2025,Present,7.8,3.4
7612,377,2025-09-06,Present,8.4,0.0
7613,377,2025-02-20,Present,7.8,0.0
7614,377,2025-03-06,Present,7.7,0.0
7615,377,2025-04-21,Present,7.9,0.0
7616,377,2025-10-06,Present,8.6,0.0
7617,377,2025-07-03,Absent,0.0,0.0
7618,377,2025-12-02,Present,7.6,0.0
7619,377,2025-11-24,Present,9.3,0.0
7620,377,2025-03-30,Present,8.4,0.0
7621,377,2025-08-10,Present,9.3,0.0
7622,377,2025-12-20,Present,7.1,0.0
7623,377,2025-12-19,Present,7.9,0.0
7624,377,2025-02-13,Present,7.1,0.0
7625,377,2025-06-16,Present,7.7,0.0
7626,377,2025-11-25,Present,9.2,0.0
7627,377,2025-10-03,Present,7.1,2.0
7628,377,2025-05-30,Present,7.3,0.0
7629,377,2025-06-12,Present,8.0,3.4
7630,377,2025-06-15,Present,8.6,0.0
7631,377,2025-08-27,Leave,0.0,0.0
7632,377,2025-06-15,present,8.8,0.0
7633,377,2025-07-14,Present,7.9,0.0
7634,377,04-07-2025,Present,9.4,0.0
7635,377,2025-09-30,ABSENT,0.0,0.0
7636,377,2025-01-16, Present,8.8,0.0
7637,378,2025-05-29,Late,5.8,0.0
7638,378,2025-07-18,Present,8.1,0.0
7639,378,07/04/2025,Present,9.3,0.0
7640,378,2025-03-13,Present,8.4,0.0
7641,378,30-Jun-2025,Present,8.8,0.0
7642,378,2025-02-17,Present,8.0,0.0
7643,378,2025-11-28,Late,5.2,0.0
7644,378,2025-09-27,Present,8.8,2.6
7645,378,2025-11-30,Present,,2.7
7646,378,2025-11-05,Present,7.5,0.0
7647,378,27/12/2025,Present,,0.0
7648,378,2025-08-17,Present,9.4,0.0
7649,378,2025-06-28,Present,9.2,0.0
7650,378,2025-11-17,Present,7.8,1.9
7651,378,2025-03-14,Present,9.0,2.6
7652,378,2025-02-22,Present,8.4,3.7
7653,378,21-Nov-2025,ABSENT,0.0,0.0
7654,378,11-26-2025,Present,8.3,0.0
7655,378,2025-01-19,Present,8.3,0.0
7656,378,2025-01-12,Present,7.1,0.0
7657,378,2025-06-26,Late,4.7,0.0
7658,378,2025-04-27,Present,7.0,0.0
7659,378,2025-04-18,Present,9.3,0.0
7660,378,2025-01-09,Present,8.0,0.0
7661,378,2025-01-07,Present,8.2,0.0
7662,379,2025-04-11,Absent,0.0,0.0
7663,379,2025-03-11,Present,9.1,0.0
7664,379,2025-07-17,Present,8.5,0.0
7665,379,2025-05-13,Present,8.5,0.0
7666,379,06/07/2025,Absent,0.0,0.0
7667,379,2025-11-22,Absent,0.0,0.0
7668,379,2025-01-13,Present,7.7,0.0
7669,379,2025-12-20,absent,0.0,0.0
7670,379,2025-11-25,Present,,
7671,379,2025-12-06,Present,7.4,0.0
7672,379,2025-07-28,present,7.1,0.0
7673,379,11/05/2025,Absent,0.0,0.0
7674,379,14-Jul-2025,Present,7.5,0.0
7675,379,2025-04-17,Late,5.3,0.0
7676,380,10-Jul-2025,Present,7.7,0.0
7677,380,2025-02-03,Present,8.7,0.0
7678,380,09/10/2025,Present,7.5,0.0
7679,380,2025-08-03,Present,8.7,0.0
7680,380,2025-04-12,Present,7.2,0.0
7681,380,2025-09-17,Present,7.4,0.0
7682,380,2025-04-28,Present,8.3,0.0
7683,380,02/12/2025,Present,9.3,0.0
7684,380,2025-03-23,Present,9.1,0.0
7685,380,2025-04-21,Present,9.4,0.0
7686,380,03/06/2025,Present,8.6,0.0
7687,380,2025-01-16,Present,8.7,0.0
7688,380,2025-08-31,Present,8.6,0.0
7689,380,2025-09-18,Present,8.6,0.0
7690,380,2025-03-23,Present,7.4,0.0
7691,380,2025-11-09,Present,8.4,0.0
7692,380,2025-11-29,Present,8.0,0.0
7693,380,08-09-2025,Present,8.1,0.0
7694,380,2025-10-02,Absent,0.0,0.0
7695,380,13/01/2025,Present,8.3,0.0
7696,380,2025-06-13,Present,7.3,0.0
7697,380,2025-01-17,Present,7.9,0.0
7698,380,2025-07-25,Present,7.2,0.0
7699,380,05/01/2025,Absent,0.0,0.0
7700,380,04-11-2025,Present,9.4,0.0
7701,380,2025-11-05,Present,7.3,0.0
7702,381,2025-12-23,Present,7.6,0.0
7703,381,2025-09-08,Present,9.2,0.0
7704,381,2025-10-30,Present,8.2,0.0
7705,381,26-Jun-2025,present,7.3,0.0
7706,381,2025-01-03,Present,8.0,0.0
7707,381,2025-02-02,Present,7.3,0.0
7708,381,2025-06-29,late,5.1,0.7
7709,381,03-09-2025,Present,8.1,0.0
7710,381,2025-06-03,Present,9.0,2.6
7711,381,2025-04-05,Present,8.5,1.2
7712,381,2025-04-18,Present,7.9,0.0
7713,381,2025-03-13,Present,9.1,0.0
7714,381,2025-12-17,Present,7.2,0.0
7715,381,2025-04-25,Present,9.1,0.0
7716,381,2025-06-19,Leave,0.0,0.0
7717,381,2025-02-21,Late,6.0,0.0
7718,382,06-30-2025,Present,9.1,0.0
7719,382,2025-03-27,Present,7.8,0.0
7720,382,2025-08-24,Present,7.8,3.1
7721,382,2025-08-11,Present,9.0,0.0
7722,382,2025-04-04,Present,7.6,0.0
7723,382,2025-12-21,Absent,0.0,0.0
7724,382,2025-07-06,Present,9.4,0.0
7725,382,2025-10-11,Present,7.2,0.0
7726,382,2025-05-30,Present,7.2,2.6
7727,382,2025-11-20,Present,8.8,0.0
7728,382,2025-11-06,Present,9.4,0.0
7729,382,2025-10-27,Present,8.0,0.6
7730,382,02/09/2025, Present,8.5,
7731,382,26-Jun-2025,Present,7.7,0.0
7732,382,2025-12-17, Leave,0.0,0.0
7733,382,2025-08-21,Present,8.1,0.0
7734,382,2025-08-02,Late,6.0,0.0
7735,382,2025-02-25,Present,7.2,0.0
7736,383,2025-08-15,Absent,0.0,0.0
7737,383,02-18-2025,Present,8.2,2.0
7738,383,2025-02-14,Present,8.8,0.0
7739,383,2025-07-11, Present,8.6,0.0
7740,383,2025-03-27,Present,7.5,0.0
7741,384,2025-02-21,Present,7.5,0.0
7742,384,2025-09-21,Present,7.6,1.1
7743,384,2025-12-02,PRESENT,8.6,0.0
7744,384,2025-10-29,Present,9.5,2.8
7745,384,2025-10-20,Present,8.5,0.0
7746,384,08-09-2025,Present,8.0,0.0
7747,384,05-01-2025,Present,7.8,0.0
7748,384,2025-02-07,Present,9.3,0.0
7749,384,2025-01-31,Present,9.4,2.2
7750,384,2025-06-18,Present,7.7,
7751,384,2025-10-04,Leave,0.0,0.0
7752,385,2025-03-06,Present,8.9,0.0
7753,385,2025-08-03,Late,4.9,0.0
7754,385,2025-02-21,Present,8.9,0.0
7755,385,2025-04-21,Absent,0.0,0.0
7756,385,2025-04-28,PRESENT,9.0,0.0
7757,385,2025-10-12,Present,7.3,3.9
7758,385,2025-09-15,Absent,0.0,0.0
7759,385,2025-02-16,Present,9.5,0.0
7760,385,2025-01-30,Absent,0.0,0.0
7761,385,08/11/2025,Present,9.3,0.0
7762,385,2025-07-07,Absent,0.0,0.0
7763,385,2025-12-14,Absent,0.0,0.0
7764,385,2025-03-31,Present,8.2,0.0
7765,385,2025-05-07,Absent,0.0,0.0
7766,385,2025-08-30,Absent,0.0,0.0
7767,385,2025-07-09,Late,5.2,0.0
7768,386,2025-11-07,present,8.5,2.0
7769,386,2025-06-19,Late,5.1,2.0
7770,386,27-May-2025,Present,8.7,0.0
7771,386,2025-02-13,Present,7.2,0.0
7772,386,2025-11-28,Late,5.5,0.0
7773,386,11/11/2025,Leave,0.0,0.0
7774,386,02-13-2025,Present,7.0,0.0
7775,386,2025-03-22,Present,8.9,0.0
7776,386,2025-09-05,Absent,0.0,0.0
7777,386,2025-11-25,Absent,0.0,0.0
7778,386,2025-01-09,Present,8.6,0.0
7779,386,2025-02-28,Present,7.2,0.0
7780,386,2025-11-06,Absent,0.0,0.0
7781,386,2025-06-23,PRESENT,9.4,0.0
7782,386,2025-04-20,Present,7.1,0.0
7783,386,08-07-2025,Absent,0.0,0.0
7784,386,2025-11-11,Absent,0.0,0.0
7785,386,2025-01-28,Present,8.5,0.0
7786,386,2025-11-13,Absent,0.0,0.0
7787,386,2025-02-20,Present,8.9,0.0
7788,386,2025-10-18,Present,9.0,0.0
7789,386,08-15-2025,Absent,0.0,0.0
7790,386,2025-08-24,Present,7.1,0.0
7791,386,2025-01-14,Leave,0.0,0.0
7792,387,2025-10-17,Present,9.3,0.0
7793,387,2025-01-01,Present,9.3,
7794,387,2025-11-01,Present,8.4,
7795,387,2025-02-11,Present,8.2,0.0
7796,387,2025-05-11,Late,4.6,2.5
7797,387,2025-04-01,Absent,0.0,0.0
7798,387,2025-11-27,Present,8.0,0.0
7799,387,2025-05-05,Present,8.9,0.0
7800,387,18/01/2025,Present,8.0,0.0
7801,387,08-Jun-2025,Present,8.7,0.0
7802,387,2025-03-29,Present,7.3,0.0
7803,387,2025-08-20,Present,7.3,1.0
7804,387,29-Nov-2025,Present,7.1,0.0
7805,387,2025-11-06,Present,8.4,0.0
7806,387,20-May-2025,Present,9.0,0.0
7807,388,2025-12-14,Present,8.5,0.0
7808,388,2025-10-02,Present,8.4,2.9
7809,388,06/08/2025,Present,7.8,1.8
7810,388,2025-02-08,Present,7.8,0.0
7811,388,2025-12-07,Leave,0.0,0.0
7812,388,2025-03-30, Late,6.6,0.0
7813,388,2025-06-10,Late,5.0,0.0
7814,388,2025-07-12,Late,4.5,0.0
7815,388,23-Mar-2025,Present,8.5,3.8
7816,388,2025-10-02,Present,8.5,0.0
7817,388,01-May-2025,Present,9.0,0.0
7818,388,2025-04-11,Present,8.7,2.2
7819,388,11-Dec-2025,Present,8.8,-3.4
7820,388,2025-11-23,Present,7.6,0.0
7821,388,2025-01-05,Present,7.8,0.0
7822,388,2025-12-08,Present,7.6,0.0
7823,388,2025-12-26,Present,8.1,0.0
7824,388,2025-07-14,Present,9.2,0.0
7825,388,2025-09-19,Present,7.9,0.0
7826,388,2025-09-06,Present,7.9,
7827,388,2025-01-22,Absent,0.0,0.0
7828,388,2025-03-08,Late,7.1,0.0
7829,388,2025-02-21,Present,8.3,0.0
7830,389,2025-01-05,Present,8.3,0.0
7831,389,2025-05-18,Present,,0.0
7832,389,2025-01-15,Present,8.2,0.0
7833,389,2025-11-07,Present,8.7,0.0
7834,389,2025-08-23,Absent,0.0,0.0
7835,389,2025-07-10,Late,,1.1
7836,389,2025-10-27,Present,8.0,0.0
7837,389,2025-11-26,Present,8.2,0.0
7838,389,2025-07-06,Present,9.4,0.0
7839,389,2025-11-12,Present,9.4,0.0
7840,389,2025-02-28,Present,9.1,0.0
7841,390,2025-09-13,Late,5.4,0.0
7842,390,2025-12-17,Present,9.4,0.0
7843,390,12-12-2025,Present,8.7,0.0
7844,390,2025-03-14,Present,8.0,0.0
7845,390,2025-07-01,Present,8.8,0.6
7846,390,2025-07-25,Present,7.4,0.0
7847,390,08-14-2025,Present,9.1,0.0
7848,390,2025-07-10,PRESENT,8.6,
7849,390,2025-02-20,Present,7.9,0.0
7850,390,2025-09-26,Present,8.3,
7851,390,2025-01-24,Leave,0.0,0.0
7852,390,2025-03-13,Present,9.3,0.0
7853,390,2025-05-28,Present,8.6,0.0
7854,390,2025-06-04,Present,8.0,0.0
7855,390,15/07/2025,Present,7.3,0.0
7856,390,22-Apr-2025,Absent,,0.0
7857,390,2025-12-15,Late,5.4,0.0
7858,390,2025-08-02,Present,9.4,0.0
7859,390,2025-03-31,Present,8.1,2.2
7860,390,2025-04-06,Present,8.2,0.0
7861,391,2025-11-04,Present,9.2,0.0
7862,391,2025-08-04,Absent,0.0,0.0
7863,391,08-01-2025,Late,6.3,
7864,391,09/05/2025,Present,8.0,0.0
7865,391,2025-10-17,Present,7.1,
7866,391,2025-09-05,Present,9.3,0.0
7867,391,10/10/2025,Present,9.4,0.0
7868,391,02/01/2025,Absent,0.0,0.0
7869,391,2025-10-05,absent,0.0,0.0
7870,391,2025-12-16,Present,9.4,0.0
7871,391,25/07/2025,Present,9.4,0.0
7872,391,2025-02-10,Present,9.0,0.0
7873,391,04-03-2025,Present,8.7,3.5
7874,391,2025-12-28,Present,8.5,0.0
7875,391,2025-12-05,Present,7.3,0.0
7876,391,2025-01-30,Present,8.0,0.0
7877,391,2025-05-24,Absent,0.0,0.0
7878,391,2025-05-16, Absent,0.0,0.0
7879,391,2025-12-18,Absent,0.0,0.0
7880,391,2025-02-18,ABSENT,0.0,0.0
7881,391,2025-08-20,Absent,0.0,0.0
7882,392,2025-09-20,Present,9.4,0.0
7883,392,2025-09-23,Present,7.9,3.5
7884,392,2025-02-28,Present,7.2,0.0
7885,392,2025-07-25,Present,7.8,0.0
7886,392,2025-09-03,Present,7.9,0.0
7887,392,10/11/2025,Present,7.1,0.0
7888,392,2025-09-24,Present,7.3,
7889,392,2025-09-02,Present,7.5,0.0
7890,392,2025-08-18,Present,9.1,0.7
7891,392,2025-03-24,Present,7.7,0.5
7892,392,09-Sep-2025,Late,6.6,0.0
7893,392,2025-07-29,Present,8.6,0.0
7894,392,2025-07-02,Present,8.6,1.8
7895,392,14/11/2025,Present,7.5,3.0
7896,392,2025-01-05,Present,9.0,0.0
7897,392,2025-11-20,Present,7.3,0.0
7898,392,28-Dec-2025,Present,8.2,0.0
7899,392,2025-02-18,Present,7.6,0.0
7900,392,2025-02-18,Present,7.4,0.0
7901,392,2025-07-07,Present,8.8,0.0
7902,392,2025-04-02,Present,8.3,0.0
7903,392,2025-02-22,Present,7.5,0.0
7904,392,2025-07-30,Present,,0.0
7905,392,2025-09-17,Late,7.4,0.0
7906,392,19/04/2025,Present,9.1,0.0
7907,393,2025-10-30,Present,9.2,0.0
7908,393,28/01/2025,Present,8.2,0.0
7909,393,2025-03-27,PRESENT,8.6,1.8
7910,393,2025-04-17,Present,7.2,1.9
7911,393,2025-02-09,Present,8.5,0.0
7912,393,2025-04-07,Present,7.7,0.0
7913,393,2025-02-28,Present,9.1,0.0
7914,393,2025-12-20,Present,7.4,0.0
7915,393,2025-05-04,Late,5.6,0.0
7916,393,2025-09-27,Present,7.3,0.0
7917,393,2025-01-24,Present,8.0,0.0
7918,393,2025-01-29,Present,7.1,0.0
7919,393,2025-11-04,Present,7.7,0.0
7920,393,2025-09-22,Present,8.0,0.0
7921,393,2025-06-24,Present,8.2,0.0
7922,393,2025-05-01,Present,,0.0
7923,393,08/10/2025,Present,7.7,2.3
7924,393,04/09/2025,Present,8.3,0.0
7925,393,2025-04-22,Present,7.8,0.0
7926,393,2025-06-14,Present,9.1,0.0
7927,393,2025-02-24,Present,8.4,0.0
7928,393,04-Nov-2025,Present,7.8,0.0
7929,393,2025-10-13,Present,9.4,3.5
7930,393,11/05/2025,Present,9.5,0.0
7931,393,2025-04-02,Present,8.7,1.8
7932,393,2025-12-27,Present,7.7,0.0
7933,394,2025-07-27,Present,8.7,3.9
7934,394,2025-10-05,Present,8.6,0.0
7935,394,2025-05-14,Present,9.2,1.7
7936,394,2025-04-17,Present,8.0,0.0
7937,394,2025-06-12,Late,7.2,0.0
7938,394,2025-04-22,PRESENT,8.9,0.0
7939,395,05-Jan-2025,Present,9.5,0.0
7940,395,2025-11-03,Present,8.9,0.0
7941,395,2025-06-22,Present,8.1,0.0
7942,395,2025-11-30, Present,8.3,0.0
7943,395,06-Jun-2025,Present,9.3,0.0
7944,395,2025-10-03,Present,8.4,
7945,395,2025-01-17,Present,7.6,0.0
7946,395,11-06-2025,PRESENT,8.1,0.0
7947,395,2025-08-24,Present,8.3,0.0
7948,395,07/04/2025,Present,7.2,0.0
7949,395,17-Feb-2025,Present,8.9,0.0
7950,395,2025-02-04,Present,-7.3,0.0
7951,395,15-Nov-2025,Present,8.0,0.0
7952,395,2025-08-20,Absent,0.0,0.0
7953,395,21/12/2025,Late,6.9,0.0
7954,395,04-26-2025,Present,8.2,0.0
7955,395,2025-12-28,Present,9.1,0.0
7956,395,2025-11-30,Present,7.9,0.0
7957,395,2025-05-19,Late,7.4,0.0
7958,395,2025-04-28,Present,7.5,0.6
7959,395,2025-12-11, Present,9.2,0.0
7960,395,2025-05-01,Present,8.9,0.0
7961,395,2025-01-08,Late,5.2,0.0
7962,396,2025-11-29,Present,9.5,0.0
7963,396,2025-03-28,Late,6.0,0.0
7964,396,2025-05-19,ABSENT,0.0,0.0
7965,396,2025-12-09,Absent,0.0,0.0
7966,396,21/12/2025,Late,7.4,
7967,396,2025-07-08,Absent,0.0,0.0
7968,396,2025-11-04, Late,6.0,0.0
7969,396,2025-12-26,Present,8.2,2.1
7970,396,2025-12-09,Present,7.8,0.0
7971,396,2025-02-03,Present,8.3,0.0
7972,396,2025-05-21,Absent,0.0,0.0
7973,397,2025-10-22,Late,5.9,0.0
7974,397,2025-06-29,Absent,0.0,0.0
7975,397,2025-10-04,Present,7.1,1.4
7976,397,04-09-2025,Present,7.5,0.0
7977,397,2025-11-22,Absent,0.0,0.0
7978,397,2025-06-16,Present,9.2,0.0
7979,397,2025-11-16,Absent,0.0,0.0
7980,397,2025-04-02,Present,8.5,3.2
7981,397,2025-02-06,Absent,0.0,0.0
7982,397,2025-04-13,Late,7.4,0.0
7983,397,2025-05-17,Absent,0.0,0.0
7984,397,2025-10-23,Present,8.6,0.0
7985,398,2025-11-21,Present,9.5,0.0
7986,398,2025-07-15,Present,7.8,0.0
7987,398,2025-12-06,Present,7.5,0.0
7988,398,2025-03-30,Present,8.0,0.0
7989,398,2025-04-30,Present,8.2,0.0
7990,398,2025-10-19,Present,9.2,0.0
7991,398,2025-11-17,Present,8.4,0.0
7992,398,2025-04-09,present,7.7,3.1
7993,398,2025-11-15,Present,8.3,0.0
7994,398,06-Jun-2025,Late,5.0,0.0
7995,398,2025-03-18,Present,8.4,0.0
7996,398,2025-12-11,Present,9.3,0.0
7997,398,2025-05-19,Present,9.1,0.0
7998,398,2025-06-03,Present,8.5,
7999,398,2025-04-28,Present,7.9,0.0
8000,398,2025-08-30,Present,7.2,0.0
8001,399,27/09/2025,Present,8.2,0.0
8002,399,11-May-2025,Present,8.9,0.0
8003,399,2025-07-05,Present,7.9,0.0
8004,399,2025-05-08,PRESENT,7.6,0.0
8005,399,14-Nov-2025,Present,9.3,0.0
8006,399,2025-06-25,Absent,0.0,0.0
8007,399,2025-05-18,Present,9.1,0.0
8008,399,2025-01-12,Present,8.6,0.0
8009,399,2025-10-14,Present,7.3,0.0
8010,399,2025-11-15,Present,7.4,0.0
8011,399,2025-09-03,Present,7.3,0.0
8012,399,2025-05-08,Present,8.5,0.0
8013,399,06/11/2025,Present,,0.0
8014,399,2025-06-17,Present,9.1,0.0
8015,399,2025-08-29,Present,9.5,1.8
8016,399,2025-08-23,Late,5.9,0.0
8017,399,2025-04-14,Absent,0.0,0.0
8018,399,2025-10-31,Present,8.8,0.0
8019,399,2025-03-11,Present,9.3,0.0
8020,399,2025-04-19,Present,9.2,
8021,399,11-09-2025,Present,7.1,0.0
8022,399,2025-09-22,Present,7.4,0.0
8023,399,2025-10-29,Present,8.9,0.0
8024,399,2025-08-22,Absent,0.0,0.0
8025,400,25/12/2025,Late,6.6,0.0
8026,400,25/11/2025,Absent,0.0,0.0
8027,400,2025-08-10,Present,7.3,2.3
8028,400,2025-05-14,Present,9.0,0.0
8029,400,2025-02-11,Absent,0.0,0.0
8030,400,2025-04-21,Present,7.5,0.0
8031,400,2025-08-18,Late,7.1,0.0
8032,400,03/07/2025,Present,7.1,0.0
8033,400,2025-01-01,Present,9.0,
8034,400,2025-09-16,Present,7.8,3.0
8035,400,2025-02-19,Present,9.0,0.0
8036,401,2025-05-14,Present,9.3,
8037,401,2025-04-03,Absent,0.0,
8038,401,12-22-2025,Absent,0.0,0.0
8039,401,2025-07-08, Present,7.9,0.0
8040,401,11-Aug-2025,Present,8.7,0.0
8041,401,2025-05-23,Present,8.5,0.0
8042,401,27/11/2025,Present,8.3,0.0
8043,401,29/12/2025,Present,9.2,0.0
8044,401,2025-09-06,Present,7.0,1.5
8045,401,2025-12-31,Present,8.3,0.0
8046,401,2025-04-02,Present,7.4,0.0
8047,401,30/08/2025,Present,9.3,0.0
8048,401,2025-03-27,Present,8.6,0.0
8049,401,2025-03-05,Leave,0.0,0.0
8050,401,2025-01-18,Present,8.2,0.0
8051,401,2025-12-16,Present,9.0,0.0
8052,401,2025-12-28,Present,8.1,0.0
8053,401,2025-03-30,Present,8.4,0.0
8054,401,2025-06-04,Present,7.0,0.0
8055,401,2025-11-19,Present,7.9,0.0
8056,401,2025-09-22,Present,7.3,
8057,401,2025-07-28,Present,8.7,0.0
8058,402,12-10-2025,Present,8.2,0.0
8059,402,2025-06-29,Present,7.8,0.0
8060,402,2025-02-13,Absent,0.0,0.0
8061,402,2025-02-10,Present,8.2,1.2
8062,402,2025-10-09,Present,9.3,0.0
8063,402,2025-02-13,Present,7.1,
8064,402,2025-04-17,Absent,0.0,0.0
8065,402,2025-05-31,PRESENT,9.2,0.0
8066,402,2025-07-08,Late,6.0,0.0
8067,402,29/12/2025,Present,8.5,0.0
8068,402,2025-07-12,Present,7.8,3.9
8069,402,2025-04-21,Present,7.7,0.0
8070,402,2025-01-27,Present,8.5,0.0
8071,402,2025-04-21,PRESENT,9.5,0.0
8072,402,2025-04-19,Present,9.2,0.0
8073,402,2025-09-18,Present,8.3,0.0
8074,402,2025-05-06,Present,9.5,0.0
8075,403,12/12/2025,Present,8.8,0.0
8076,403,2025-07-09,Absent,0.0,0.0
8077,403,2025-08-04,Absent,0.0,0.0
8078,403,2025-01-25,Absent,0.0,0.0
8079,403,2025-04-23,Present,7.5,0.0
8080,403,2025-06-04,Absent,0.0,0.0
8081,403,2025-07-02,ABSENT,0.0,0.0
8082,403,08-08-2025,Absent,0.0,
8083,403,2025-07-31,Present,8.0,0.0
8084,403,07-20-2025,Absent,0.0,
8085,403,2025-06-10,Present,7.8,0.0
8086,403,2025-10-11,Present,7.9,0.0
8087,403,11/09/2025,Absent,0.0,0.0
8088,403,2025-09-11,Present,8.9,0.0
8089,403,2025-11-10,Absent,0.0,0.0
8090,403,05-27-2025,Present,8.5,0.0
8091,403,2025-09-15,Present,7.1,3.6
8092,403,01/07/2025,Present,7.7,0.0
8093,404,2025-08-24,Present,9.5,0.0
8094,404,2025-01-15,Present,9.4,0.0
8095,404,2025-09-01,Present,,0.0
8096,404,2025-09-01,Present,9.0,0.0
8097,404,2025-03-18,Absent,0.0,0.0
8098,404,2025-09-03,Present,7.6,0.0
8099,404,2025-06-07,PRESENT,8.3,0.0
8100,404,2025-06-02,Late,5.2,0.0
8101,404,2025-08-30,Present,7.6,0.0
8102,404,2025-04-17,Absent,0.0,0.0
8103,404,2025-10-29,Absent,0.0,
8104,404,2025-01-17,Present,8.5,0.6
8105,404,2025-05-23,Present,9.4,0.0
8106,404,2025-07-10,Present,9.3,0.0
8107,404,2025-03-18,Present,8.0,0.0
8108,404,2025-05-15,Present,8.3,0.0
8109,404,20-Jun-2025,Present,8.2,0.0
8110,404,06/05/2025,Present,9.2,0.0
8111,404,2025-04-13,Present,8.7,1.5
8112,404,2025-07-30,Present,8.1,2.0
8113,404,2025-12-16,Present,9.4,0.0
8114,404,2025-01-07,Present,7.4,0.8
8115,404,2025-08-27,Absent,0.0,0.0
8116,404,2025-10-20,Present,9.2,3.6
8117,404,05-06-2025,Present,9.2,0.0
8118,404,07/12/2025,Present,8.3,0.0
8119,404,2025-02-10,PRESENT,8.6,0.0
8120,404,2025-09-14,Present,8.4,0.0
8121,405,2025-06-10,Present,7.2,2.6
8122,405,2025-02-22,Present,7.0,0.0
8123,405,2025-04-21,Present,7.8,0.0
8124,405,2025-05-22,Present,9.3,1.6
8125,405,2025-06-06,Present,9.3,0.0
8126,405,02-17-2025,PRESENT,7.6,0.0
8127,405,2025-07-29,Present,7.8,0.0
8128,405,2025-05-24,Present,8.6,0.0
8129,405,2025-07-30,PRESENT,8.9,0.0
8130,405,2025-07-16,Present,8.3,3.6
8131,405,2025-11-11,ABSENT,0.0,0.0
8132,405,2025-07-10,Present,7.1,0.0
8133,405,25/06/2025,Present,9.3,0.0
8134,406,2025-01-09,Present,7.5,0.0
8135,406,22/05/2025,Present,9.2,0.0
8136,406,21-Dec-2025,Absent,0.0,0.0
8137,406,2025-04-03,Present,8.0,0.0
8138,406,2025-08-05,Present,9.1,0.0
8139,406,2025-06-11,Absent,0.0,0.0
8140,406,2025-09-04,Present,8.7,0.0
8141,406,2025-08-05,Absent,0.0,0.0
8142,406,2025-03-21,absent,0.0,0.0
8143,406,29/01/2025,Absent,0.0,
8144,406,04-21-2025,Present,7.4,0.0
8145,406,2025-07-12,ABSENT,0.0,0.0
8146,407,2025-09-06,Late,7.3,0.0
8147,407,2025-04-20,Present,7.6,0.0
8148,407,2025-05-10,Present,7.6,0.0
8149,407,23-Jun-2025,Absent,0.0,0.0
8150,407,2025-08-22,Late,6.9,0.0
8151,407,07-Mar-2025,Absent,0.0,0.0
8152,407,2025-06-17,Present,7.3,0.0
8153,408,01-09-2025,Present,7.6,0.0
8154,408,2025-12-11,Present,8.3,0.0
8155,408,2025-09-16,Present,9.1,0.0
8156,408,2025-07-02,Present,7.4,0.0
8157,408,2025-12-16,Present,8.4,0.0
8158,408,2025-07-31,Present,8.8,0.0
8159,408,2025-09-12,Present,9.2,3.8
8160,408,2025-02-16,Present,9.0,0.0
8161,408,2025-02-09,Present,8.6,0.0
8162,408,2025-03-14,Present,8.1,0.0
8163,408,2025-05-17,Present,7.3,0.0
8164,409,2025-06-12,Present,8.8,4.0
8165,409,2025-04-18,Present,,0.0
8166,409,2025-10-03,Present,7.0,0.0
8167,409,2025-03-02,Present,8.2,0.0
8168,409,2025-06-25,Present,8.5,0.0
8169,409,2025-01-30,Present,8.7,0.0
8170,409,12-28-2025,Present,8.8,0.0
8171,409,08-Feb-2025,Present,8.4,0.0
8172,409,2025-10-11,Present,7.6,0.0
8173,409,23/09/2025,Present,9.4,0.0
8174,409,2025-02-26,Present,8.7,0.0
8175,409,2025-11-14,PRESENT,7.6,0.0
8176,409,2025-02-19,Present,7.8,0.0
8177,409,2025-10-20,Leave,0.0,0.0
8178,409,2025-01-22,Present,9.3,0.0
8179,409,2025-09-30,Late,7.2,
8180,409,2025-07-17,PRESENT,8.0,0.6
8181,409,2025-11-07,present,7.1,0.0
8182,409,2025-03-22,Leave,0.0,0.0
8183,409,2025-11-08,Present,7.7,0.0
8184,409,04/05/2025,Present,8.6,0.0
8185,409,2025-10-28,Present,8.5,2.7
8186,409,2025-02-02,Present,8.8,
8187,409,2025-04-09,Present,7.0,0.0
8188,409,2025-06-01,Present,7.3,1.8
8189,409,08-May-2025,Late,5.0,0.0
8190,409,2025-07-02,Present,7.2,0.0
8191,410,02-02-2025,Absent,0.0,0.0
8192,410,01-20-2025,absent,0.0,0.0
8193,410,2025-06-07,Absent,0.0,0.0
8194,410,2025-08-19,Late,6.4,-3.4
8195,410,2025-12-31,Absent,0.0,0.0
8196,410,2025-01-25,Present,8.9,0.0
8197,410,2025-07-28,Absent,0.0,0.0
8198,410,2025-10-09,Absent,0.0,0.0
8199,410,2025-06-10,Absent,0.0,0.0
8200,410,2025-07-28,Present,9.0,0.0
8201,410,2025-05-02,Present,8.7,0.0
8202,410,05-Jun-2025,Absent,0.0,0.0
8203,410,2025-10-13,Present,8.8,0.0
8204,410,2025-10-30,Absent,0.0,0.0
8205,410,2025-07-28,Present,7.7,0.0
8206,410,03-Nov-2025,Absent,0.0,0.0
8207,410,2025-03-20,Absent,0.0,0.0
8208,410,2025-06-07,Present,9.5,0.0
8209,410,2025-02-22,Absent,0.0,0.0
8210,410,2025-02-23,Present,7.5,0.0
8211,410,2025-11-25,Late,5.1,0.0
8212,410,2025-01-09,Absent,0.0,0.0
8213,410,2025-12-26,Present,7.7,0.0
8214,410,2025-03-23,Present,9.4,4.0
8215,410,03-05-2025,Late,6.9,2.7
8216,410,2025-09-15,Present,8.3,0.0
8217,410,12-Feb-2025,Present,9.4,0.0
8218,410,2025-11-23,Late,6.6,0.0
8219,410,2025-07-15, Present,9.4,0.0
8220,410,07-15-2025,Present,7.8,1.7
8221,410,2025-04-10,Present,9.1,
8222,410,2025-12-29,Absent,0.0,0.0
8223,411,2025-01-02,Absent,0.0,0.0
8224,411,2025-10-19,Present,7.4,0.0
8225,411,2025-11-21,Present,9.4,0.0
8226,411,21-Nov-2025,Present,8.3,3.7
8227,411,2025-03-09,Present,7.8,0.0
8228,411,2025-12-27,Present,8.8,2.2
8229,411,2025-01-24,PRESENT,8.6,0.0
8230,411,2025-05-17,Present,8.3,0.0
8231,411,2025-03-07,Present,9.4,0.0
8232,411,2025-08-26,Present,8.7,1.4
8233,411,2025-06-29,Absent,0.0,0.0
8234,411,2025-06-21,Leave,0.0,0.0
8235,411,2025-01-23,Present,9.3,0.0
8236,411,2025-11-25,Absent,0.0,0.0
8237,411,2025-03-17, Present,7.7,0.0
8238,411,2025-07-24,Absent,0.0,0.0
8239,411,07-14-2025,Absent,0.0,0.0
8240,412,2025-10-10,Absent,0.0,0.0
8241,412,2025-04-04,Present,7.9,0.0
8242,412,2025-07-03,Present,7.3,0.0
8243,412,2025-05-15,Present,9.2,0.0
8244,412,2025-12-21,Present,7.7,0.0
8245,412,2025-01-22,Present,7.6,3.7
8246,412,12-Feb-2025,Present,9.0,0.0
8247,412,2025-10-27,present,7.4,0.0
8248,412,2025-12-19,Present,8.9,3.7
8249,412,2025-07-19,Present,7.2,0.0
8250,412,2025-08-09,Present,9.1,0.0
8251,412,14/10/2025,Present,8.4,
8252,412,2025-09-19,Present,8.7,0.0
8253,412,2025-06-27,Present,8.2,
8254,412,2025-11-11,Present,8.7,0.0
8255,412,2025-04-16,Present,7.1,0.0
8256,412,2025-08-02,Present,8.9,0.0
8257,412,2025-03-12,Present,7.1,2.1
8258,412,2025-02-15,Present,7.4,0.0
8259,412,2025-04-10,Present,9.1,1.6
8260,412,24/05/2025,Present,8.1,0.0
8261,412,2025-12-07,Present,8.1,0.0
8262,412,2025-02-10,Present,8.9,0.0
8263,412,2025-04-20,Present,8.2,0.0
8264,412,2025-03-04,PRESENT,9.0,0.0
8265,412,2025-09-24,Present,7.2,0.0
8266,412,2025-06-15,Present,7.5,0.0
8267,412,2025-10-19,Present,8.4,3.8
8268,412,2025-12-31,Present,7.2,0.0
8269,412,2025-10-16,Present,7.1,0.0
8270,412,04-30-2025,Present,7.4,2.7
8271,412,2025-05-03,Present,8.0,0.0
8272,412,2025-07-29,Present,9.1,0.0
8273,412,2025-10-16,Present,7.2,0.0
8274,412,2025-12-03,Present,7.5,0.0
8275,412,2025-10-12,Present,7.8,0.0
8276,413,22/09/2025,ABSENT,0.0,0.0
8277,413,2025-11-17,Absent,0.0,0.0
8278,413,2025-07-31,Present,8.6,
8279,413,2025-12-19,Late,6.6,0.0
8280,413,2025-03-27,Absent,0.0,0.0
8281,413,2025-12-06,Present,7.3,0.0
8282,413,06/04/2025,Present,9.4,0.0
8283,413,2025-03-26,Late,5.5,
8284,413,26/02/2025,Absent,0.0,0.0
8285,413,2025-03-20,ABSENT,0.0,0.0
8286,413,2025-04-18,Absent,0.0,0.0
8287,413,2025-09-19,Absent,0.0,0.0
8288,413,2025-08-07,Absent,0.0,0.0
8289,413,2025-06-02,Late,6.6,0.0
8290,413,09-06-2025,Present,8.3,0.0
8291,413,15/09/2025,Absent,0.0,0.0
8292,413,2025-07-24,Absent,0.0,0.0
8293,413,2025-10-10,Absent,0.0,0.0
8294,413,2025-05-18,Late,5.2,0.0
8295,413,2025-10-22,absent,0.0,0.0
8296,413,2025-03-17,Absent,0.0,0.0
8297,413,2025-07-02,Absent,0.0,0.0
8298,413,2025-02-11,Present,9.1,0.0
8299,413,2025-06-26,Late,7.0,0.0
8300,413,04/11/2025,Absent,0.0,0.0
8301,413,2025-09-15,Late,5.7,0.0
8302,413,2025-10-03,Late,6.3,0.0
8303,414,2025-02-14,Present,7.6,2.9
8304,414,2025-11-22,Absent,0.0,0.0
8305,414,09-27-2025,Late,5.4,0.0
8306,414,22/03/2025,LATE,7.0,0.0
8307,414,03-Mar-2025,Present,7.5,0.0
8308,414,2025-11-12,Present,7.0,0.0
8309,414,2025-06-21,absent,0.0,0.0
8310,414,2025-11-10,Late,5.3,0.0
8311,414,2025-02-06,Present,,0.0
8312,414,2025-08-12,Absent,0.0,0.0
8313,414,2025-02-27,Present,8.3,0.0
8314,414,2025-11-03,Late,5.1,0.0
8315,414,2025-01-05,Present,8.9,1.3
8316,414,2025-04-16,Absent,0.0,
8317,415,09-16-2025,Present,8.8,2.5
8318,415,2025-02-26,Present,9.5,0.0
8319,415,2025-01-20,Absent,0.0,0.0
8320,415,2025-06-17,Present,9.5,0.0
8321,415,2025-03-21,Absent,0.0,0.0
8322,415,24-May-2025,Absent,0.0,0.0
8323,415,2025-09-26,Late,7.1,0.0
8324,415,2025-04-21,Late,6.8,0.0
8325,415,27/03/2025,PRESENT,8.0,
8326,415,2025-01-25,Present,8.9,0.0
8327,415,11-May-2025,Present,9.4,0.0
8328,415,2025-02-12,Present,7.1,0.0
8329,415,2025-01-18,Late,6.1,0.0
8330,415,11/04/2025,Present,7.5,0.0
8331,415,2025-02-06,Present,8.4,0.0
8332,415,2025-04-23,Present,8.2,0.0
8333,415,2025-09-27,Present,8.4,0.0
8334,415,2025-09-06,Absent,0.0,0.0
8335,415,2025-06-27,Late,6.2,0.0
8336,415,2025-01-09,Leave,0.0,0.0
8337,415,2025-10-27,Absent,0.0,0.0
8338,415,2025-07-21,Absent,0.0,
8339,415,2025-08-12,Present,9.4,0.0
8340,415,2025-07-26,Present,8.4,3.5
8341,415,2025-03-11,Absent,0.0,0.0
8342,415,2025-06-20,Present,7.8,0.0
8343,415,12-23-2025,Present,8.1,0.0
8344,415,2025-10-21,Absent,0.0,0.0
8345,415,2025-11-03,Present,8.2,0.0
8346,415,2025-06-28,Present,7.7,0.0
8347,416,2025-12-16,Absent,0.0,0.0
8348,416,2025-09-14,Present,,2.6
8349,416,2025-02-13,Present,8.5,0.0
8350,416,2025-06-14,Present,8.6,0.0
8351,416,29/11/2025,Present,7.9,0.0
8352,416,2025-05-06,Present,7.8,0.0
8353,416,2025-08-21,Present,8.5,0.0
8354,416,2025-03-13,Absent,0.0,0.0
8355,416,23-Mar-2025,Present,7.3,0.0
8356,416,22-Apr-2025,Present,7.6,0.0
8357,416,02/09/2025,Present,7.1,0.0
8358,416,2025-07-22,Absent,0.0,0.0
8359,416,2025-10-15,Present,7.2,0.0
8360,416,2025-09-04,Present,7.6,0.6
8361,416,2025-10-16,PRESENT,7.6,0.0
8362,416,2025-11-07,Present,8.6,0.0
8363,416,2025-07-11,Present,7.2,0.0
8364,416,2025-12-13,Present,8.1,
8365,416,2025-06-07,PRESENT,9.3,0.0
8366,416,2025-04-16,Present,9.0,0.0
8367,416,2025-05-22,Present,7.8,0.0
8368,416,2025-12-11,Present,9.3,0.0
8369,416,2025-11-26,Present,7.8,0.0
8370,417,2025-05-20,Present,7.2,0.0
8371,417,2025-07-14,Present,9.5,0.0
8372,417,2025-01-19,Present,9.2,0.0
8373,417,2025-06-05,Present,8.2,0.0
8374,417,2025-12-29,Absent,0.0,0.0
8375,417,2025-06-06,Absent,0.0,
8376,417,10-Aug-2025,Present,8.7,0.0
8377,417,2025-02-22,Leave,0.0,0.0
8378,417,2025-07-30,Present,8.7,0.0
8379,417,14/03/2025,Present,7.5,0.0
8380,417,2025-05-17,Present,7.5,0.0
8381,417,2025-01-28,Present,8.2,0.0
8382,418,22/12/2025,Absent,0.0,0.0
8383,418,2025-02-27,Absent,0.0,0.0
8384,418,2025-07-04,Late,7.2,0.0
8385,418,2025-01-27,Leave,0.0,0.0
8386,418,2025-02-26,Absent,0.0,0.0
8387,418,20/06/2025,Late,4.5,0.0
8388,418,04-28-2025,present,9.0,0.0
8389,418,2025-05-15,Absent,0.0,0.0
8390,418,2025-02-06,Present,7.1,0.0
8391,418,2025-12-22,Absent,0.0,0.0
8392,418,2025-03-10,Absent,0.0,0.0
8393,418,07-Jul-2025,Absent,0.0,0.0
8394,418,2025-09-14,Absent,0.0,0.0
8395,418,11/05/2025,Absent,0.0,0.0
8396,418,2025-06-25,Absent,0.0,0.0
8397,418,2025-11-21,Absent,0.0,0.0
8398,418,2025-02-18,Absent,0.0,0.0
8399,418,2025-06-18,Present,8.2,0.0
8400,418,2025-04-20,late,6.4,0.0
8401,418,2025-05-02,Present,8.7,0.0
8402,418,10/07/2025,Absent,0.0,0.0
8403,418,2025-01-10,Present,7.1,0.0
8404,418,2025-10-26,Present,8.0,0.0
8405,418,2025-09-06,Present,8.5,0.0
8406,418,09-07-2025,Absent,0.0,0.0
8407,418,2025-09-14,Absent,0.0,0.0
8408,418,07-29-2025,Absent,0.0,0.0
8409,418,2025-03-21,Present,7.2,0.0
8410,418,2025-05-15,Late,4.9,2.8
8411,418,2025-04-10,Absent,0.0,0.0
8412,418,2025-05-03,Absent,0.0,0.0
8413,418,2025-12-02,Present,8.3,0.0
8414,418,2025-08-16,Absent,0.0,0.0
8415,418,2025-01-10,Absent,0.0,0.0
8416,418,2025-05-09,Absent,0.0,0.0
8417,419,2025-10-31,Present,7.4,0.0
8418,419,2025-02-19,Absent,0.0,0.0
8419,419,2025-09-10,Present,8.3,0.0
8420,419,2025-12-22,Absent,0.0,0.0
8421,419,2025-05-29,Absent,0.0,0.0
8422,419,2025-06-28,Present,9.3,0.0
8423,419,2025-01-22,PRESENT,7.0,0.0
8424,419,2025-05-26,Late,6.4,
8425,420,01-19-2025,Absent,0.0,0.0
8426,420,2025-01-14,Absent,0.0,0.0
8427,420,2025-07-18,Absent,0.0,0.0
8428,420,2025-02-09,Present,7.2,0.0
8429,420,01-16-2025,Present,7.0,1.0
8430,420,2025-02-23,Present,8.1,3.3
8431,420,2025-07-16,Present,7.7,0.0
8432,420,19-May-2025,Present,8.6,0.0
8433,420,2025-08-10, Present,8.0,0.0
8434,420,2025-09-28,Late,5.2,0.0
8435,420,2025-07-23,Present,8.3,0.0
8436,420,06-Jul-2025,Present,9.0,0.0
8437,420,2025-12-07,Present,9.1,0.0
8438,420,2025-10-27,Present,9.1,0.0
8439,420,2025-05-08,Present,7.8,0.0
8440,420,2025-08-08,Present,9.0,0.0
8441,421,2025-12-11,Present,7.5,0.0
8442,421,01/11/2025,Present,8.8,0.0
8443,421,21/08/2025,Late,7.3,0.0
8444,421,2025-04-20,Present,7.0,2.0
8445,421,2025-04-20,Present,8.6,0.0
8446,421,2025-02-24,Present,8.8,0.0
8447,421,08/02/2025,Present,7.4,3.9
8448,421,2025-08-28,Present,8.5,0.0
8449,421,2025-09-10,Present,7.4,0.0
8450,421,2025-04-27,Present,7.1,0.0
8451,421,2025-04-26,Present,9.0,0.0
8452,421,2025-10-18,Present,7.2,0.0
8453,421,2025-02-02,Present,7.4,0.0
8454,421,2025-01-12,Present,8.4,0.0
8455,421,2025-12-08,Absent,0.0,0.0
8456,421,2025-01-27,Present,8.5,0.0
8457,422,2025-04-27,Present,8.7,0.0
8458,422,2025-08-12,Present,8.0,0.0
8459,422,2025-03-20,Present,8.9,3.9
8460,422,2025-03-31,Present,7.7,0.0
8461,422,2025-12-09,Present,8.8,0.0
8462,422,2025-08-30,Present,9.3,0.0
8463,422,12-29-2025,Present,,2.9
8464,422,2025-09-17,Present,7.6,0.0
8465,422,2025-08-08,Present,8.3,2.5
8466,422,2025-03-06,Present,8.8,0.0
8467,422,03-27-2025,Absent,0.0,0.0
8468,422,2025-11-17,Present,9.5,0.0
8469,422,2025-03-23,Present,7.1,0.7
8470,422,2025-02-25,Present,7.2,0.0
8471,422,2025-10-07,Present,8.9,0.0
8472,422,2025-06-20,Present,7.3,0.0
8473,422,2025-07-21,Present,8.6,0.0
8474,422,08-20-2025,Present,7.8,0.0
8475,422,2025-05-20,Present,8.1,0.0
8476,422,2025-04-20,Absent,0.0,0.0
8477,422,2025-12-18,Present,7.5,0.0
8478,422,2025-02-09,Absent,0.0,0.0
8479,423,19-Feb-2025,Present,9.2,0.0
8480,423,2025-12-07,Present,8.5,0.0
8481,423,2025-06-25,Absent,0.0,0.0
8482,423,2025-07-15,Present,9.4,0.0
8483,423,2025-01-10,Present,8.4,0.9
8484,423,2025-04-16,Present,7.4,0.0
8485,423,2025-10-04,Absent,,0.0
8486,423,2025-10-31,Late,7.5,0.0
8487,423,2025-08-08,Present,8.8,0.0
8488,423,2025-10-02,Present,7.1,0.0
8489,423,2025-09-12,Present,8.8,0.0
8490,423,2025-12-10,Absent,0.0,0.0
8491,423,2025-01-15,Present,8.0,0.0
8492,423,09-25-2025,Late,5.4,0.0
8493,423,2025-05-17, Present,7.4,0.0
8494,423,2025-02-26,Late,7.0,0.0
8495,423,04-17-2025,Present,7.2,1.5
8496,423,2025-01-01,Present,7.8,0.0
8497,423,2025-07-22,Present,7.4,0.0
8498,423,2025-09-05,Absent,0.0,0.0
8499,423,2025-10-21,Absent,0.0,
8500,424,2025-08-04,Present,8.3,0.0
8501,424,25/02/2025,Present,7.0,0.0
8502,424,2025-08-27,ABSENT,0.0,0.0
8503,424,2025-11-06,Absent,0.0,0.0
8504,424,2025-09-05,Absent,0.0,0.0
8505,424,2025-09-05,Present,7.8,3.8
8506,424,2025-08-02,Absent,0.0,0.0
8507,424,2025-02-18,Late,5.4,1.8
8508,424,2025-10-07,Late,5.9,0.0
8509,424,2025-10-15,Absent,0.0,0.0
8510,424,2025-06-03,Absent,0.0,0.0
8511,424,2025-07-19,Present,8.4,0.0
8512,424,2025-04-26,PRESENT,9.0,0.0
8513,424,2025-07-18,Present,7.5,0.0
8514,424,2025-07-25,Absent,0.0,0.0
8515,425,2025-08-08,Present,9.2,3.2
8516,425,2025-11-10,Absent,0.0,0.0
8517,425,01-19-2025,Present,8.8,0.0
8518,425,2025-04-29,Present,7.2,0.6
8519,425,09-May-2025,Present,8.5,0.0
8520,425,2025-10-17,Present,,0.0
8521,425,2025-11-27,Absent,0.0,0.0
8522,425,2025-06-02,Absent,0.0,0.0
8523,425,2025-12-05,Present,8.5,0.0
8524,425,2025-11-02,Present,7.5,0.8
8525,425,2025-10-10, Absent,0.0,0.0
8526,425,2025-07-11,PRESENT,8.7,3.0
8527,425,2025-07-23,Present,7.4,0.6
8528,425,20/07/2025,Present,8.0,2.5
8529,425,2025-05-22,Absent,0.0,0.0
8530,425,20/06/2025,Present,8.8,3.3
8531,426,2025-05-08,Present,8.5,0.0
8532,426,2025-03-12,Present,7.3,0.0
8533,426,2025-03-29,Present,8.7,3.9
8534,426,31-Mar-2025,Late,7.2,0.0
8535,426,2025-01-13,Present,9.2,0.0
8536,426,2025-07-07,Present,7.8,0.0
8537,426,2025-03-14,Present,8.9,0.0
8538,426,29-Apr-2025,Present,9.1,0.0
8539,426,2025-10-07,Present,8.7,0.0
8540,426,02/06/2025,Present,7.6,0.0
8541,426,2025-11-24,Late,7.4,0.0
8542,426,2025-08-18,Present,8.1,0.0
8543,426,2025-02-13,Present,7.3,0.0
8544,426,2025-05-10,Present,7.3,0.0
8545,426,2025-12-20, Present,8.6,2.0
8546,426,2025-03-25,Present,7.2,
8547,426,2025-02-15,Leave,0.0,0.0
8548,426,2025-10-06,Present,8.9,3.3
8549,426,2025-06-19,Present,8.8,0.0
8550,426,2025-10-26,Present,7.5,0.0
8551,426,2025-01-07,Present,8.7,
8552,426,2025-11-05,Present,7.0,0.0
8553,426,2025-09-10,Late,5.4,0.0
8554,426,2025-01-14,Present,8.0,0.0
8555,427,2025-09-14,Present,9.1,1.9
8556,427,2025-10-21,Present,7.0,1.7
8557,427,2025-12-24,Present,8.2,0.0
8558,427,2025-07-20,Present,9.4,0.0
8559,427,2025-11-21,Present,,0.0
8560,427,2025-04-17,Present,7.5,0.0
8561,427,2025-05-13,Late,5.1,0.0
8562,427,2025-07-26,Present,7.4,0.0
8563,427,2025-08-12,Present,9.0,0.5
8564,427,05-24-2025,Present,7.3,0.0
8565,427,02/12/2025,Present,8.3,0.0
8566,427,2025-08-21,Present,7.6,0.0
8567,427,2025-04-30,Present,7.2,0.0
8568,427,30/08/2025,Present,7.9,1.5
8569,427,2025-04-26,Leave,0.0,0.0
8570,427,2025-10-25,PRESENT,8.3,0.0
8571,427,2025-08-20,Present,,0.0
8572,427,2025-09-13,Present,7.3,0.0
8573,427,2025-06-24,Late,5.6,3.8
8574,427,2025-10-05,Present,9.2,0.0
8575,427,2025-01-23,Present,8.0,0.0
8576,427,2025-08-13,Present,8.7,0.0
8577,427,2025-03-01,Present,7.2,0.0
8578,427,2025-07-18,Absent,0.0,
8579,427,2025-06-24,Present,8.8,0.0
8580,427,2025-01-27,Present,9.4,0.0
8581,427,2025-10-26,Present,8.3,0.0
8582,427,2025-10-24,Present,8.2,0.0
8583,427,2025-09-02,present,7.5,2.7
8584,427,2025-02-25,Absent,0.0,0.0
8585,427,2025-10-22,Present,8.5,0.0
8586,427,2025-08-19,present,8.6,0.0
8587,427,29/06/2025,Present,7.1,0.0
8588,428,09-20-2025,present,8.4,0.0
8589,428,2025-03-27,Present,8.5,0.0
8590,428,2025-06-01,Present,7.5,0.0
8591,428,2025-12-15,Absent,0.0,0.0
8592,428,2025-04-15,Present,7.5,0.0
8593,428,2025-05-13,present,7.7,0.0
8594,428,28/06/2025,Present,8.8,2.6
8595,428,2025-08-11,Present,9.1,0.0
8596,428,2025-11-02,Late,5.4,0.0
8597,428,2025-11-29,Present,9.3,0.0
8598,428,22/04/2025,Present,8.9,0.0
8599,428,2025-10-08,Present,8.0,0.0
8600,428,15-Aug-2025,Present,7.2,0.0
8601,428,2025-08-13,Present,7.6,0.0
8602,428,2025-12-01,Leave,0.0,0.0
8603,428,2025-10-17,Present,9.4,0.0
8604,428,2025-07-12,Leave,0.0,0.0
8605,428,2025-08-28,Present,7.8,0.0
8606,428,2025-08-16,Absent,0.0,0.0
8607,428,2025-02-13,Absent,0.0,0.0
8608,428,2025-08-13,Present,7.8,0.0
8609,428,2025-03-05,Late,5.1,
8610,428,2025-03-30,LATE,6.9,0.0
8611,428,2025-07-28,Present,7.7,0.0
8612,428,03-27-2025,Present,7.8,0.0
8613,428,2025-04-09,Present,8.0,0.0
8614,428,2025-01-27,Present,8.1,0.0
8615,428,2025-10-29,Present,8.0,0.0
8616,428,2025-07-14,Absent,0.0,0.0
8617,428,2025-07-25,Present,8.3,0.0
8618,428,07-13-2025,Present,9.0,0.0
8619,428,2025-12-29,Present,9.0,0.0
8620,428,2025-07-24,Present,9.0,0.0
8621,428,2025-04-08,Present,7.3,0.0
8622,428,2025-07-20,Present,9.0,0.9
8623,428,2025-06-06,Absent,0.0,0.0
8624,429,2025-09-16,Late,4.9,0.0
8625,429,2025-01-25,Absent,0.0,0.0
8626,429,2025-07-15,Present,9.4,0.0
8627,429,2025-09-29,Present,9.0,0.0
8628,429,2025-05-28,Present,,0.0
8629,429,2025-06-24,Absent,0.0,0.0
8630,429,03-01-2025,Present,9.2,0.0
8631,429,2025-09-24,Present,9.5,0.0
8632,429,2025-07-05,Late,6.3,0.0
8633,429,2025-03-15,Present,8.5,3.1
8634,429,07/05/2025,Present,7.6,0.0
8635,429,2025-06-04,PRESENT,7.4,0.0
8636,429,2025-01-16,Present,8.9,0.0
8637,429,2025-08-06,Present,7.9,0.0
8638,429,2025-08-17,Present,7.3,1.6
8639,429,2025-04-03,Absent,0.0,0.0
8640,429,2025-10-30,Present,7.9,0.0
8641,429,2025-05-08,Present,9.4,0.0
8642,429,01-18-2025,Present,8.7,2.4
8643,429,2025-06-16,Present,9.4,0.0
8644,429,2025-04-17,Present,9.3,0.0
8645,429,2025-12-05,Absent,0.0,0.0
8646,430,2025-08-30,Present,8.3,0.0
8647,430,2025-03-23,Present,9.3,0.0
8648,430,2025-04-14,Present,8.0,0.0
8649,430,05-09-2025,Present,7.6,0.0
8650,430,2025-10-18,Present,7.6,0.0
8651,430,23-Oct-2025,Present,8.7,0.0
8652,430,2025-12-08,Present,8.3,0.0
8653,430,2025-02-28,Present,8.6,0.0
8654,430,2025-04-04,Present,8.7,0.0
8655,430,2025-08-30,Absent,0.0,0.0
8656,430,2025-06-15,Absent,0.0,0.0
8657,430,2025-01-22,Late,4.6,0.0
8658,430,2025-06-23,Present,7.1,0.0
8659,430,2025-01-11,Late,6.1,0.0
8660,430,27/12/2025,Present,7.5,
8661,430,2025-09-08,Present,8.4,0.0
8662,430,2025-05-20,Absent,0.0,0.0
8663,430,22/05/2025,Present,8.5,0.0
8664,430,2025-12-04,Present,7.8,2.7
8665,430,2025-05-18,Present,9.1,4.0
8666,430,2025-08-27,Present,9.1,0.0
8667,430,2025-02-20,Present,,
8668,431,2025-12-15,Present,7.5,
8669,431,2025-03-29,Present,8.7,0.0
8670,431,2025-07-23,Absent,0.0,0.0
8671,431,2025-10-01,Present,,0.0
8672,431,2025-10-05,Present,7.5,0.0
8673,431,14/04/2025,Absent,0.0,0.0
8674,431,2025-07-10,Present,7.6,0.0
8675,431,05-02-2025,Present,7.4,0.0
8676,431,2025-10-01,Present,8.8,1.9
8677,431,2025-01-26, Present,7.2,0.0
8678,431,21/06/2025,Present,9.2,0.0
8679,431,28/04/2025,Late,6.2,0.0
8680,431,2025-05-18,Present,7.8,0.0
8681,431,2025-09-14,Present,7.9,0.0
8682,431,2025-08-24, Absent,0.0,0.0
8683,431,2025-07-06,Absent,0.0,0.0
8684,431,2025-02-24,Present,7.7,0.0
8685,431,2025-09-05,Present,8.1,1.7
8686,431,2025-03-08,Present,8.4,0.0
8687,431,2025-01-24,Late,6.8,0.0
8688,431,2025-10-09,Present,8.7,0.0
8689,431,02/05/2025,Present,7.7,2.4
8690,431,2025-10-17,Present,9.1,0.7
8691,431,2025-05-18,Present,7.2,0.0
8692,432,2025-09-02,Present,8.4,0.0
8693,432,2025-10-31,Present,8.6,0.0
8694,432,2025-11-20,Present,7.5,0.0
8695,432,2025-03-05,Absent,0.0,0.0
8696,432,2025-04-19,Present,8.9,0.0
8697,432,2025-02-12,Present,8.6,0.0
8698,432,2025-01-10,Present,9.3,0.0
8699,432,2025-08-24,Present,7.4,0.0
8700,432,08/06/2025,Present,8.9,0.0
8701,432,2025-08-28,Present,7.2,0.0
8702,432,2025-03-23,Present,8.4,0.0
8703,432,10-Feb-2025,Present,8.4,0.0
8704,432,2025-12-21,Absent,0.0,0.0
8705,432,2025-06-03,Present,8.0,0.0
8706,432,2025-08-29,Present,9.1,0.0
8707,432,27-Nov-2025,Present,7.0,0.0
8708,432,2025-09-03,Leave,0.0,0.0
8709,432,2025-05-13,Present,8.3,0.0
8710,432,2025-04-12,Present,7.5,0.0
8711,432,2025-06-05,Present,8.9,0.0
8712,432,11-Sep-2025,Late,4.6,0.0
8713,432,2025-07-12,Present,9.1,3.4
8714,432,2025-07-27,Present,9.1,0.0
8715,432,04-25-2025,Present,7.4,0.0
8716,432,2025-11-28,Absent,0.0,0.0
8717,432,2025-03-22,PRESENT,8.6,0.0
8718,432,2025-04-26,PRESENT,7.0,0.0
8719,432,2025-01-10,Present,9.1,3.0
8720,432,2025-08-30,Present,8.3,0.0
8721,432,01-26-2025,Present,8.8,0.0
8722,432,2025-10-18,Present,7.2,0.0
8723,432,2025-08-03,Present,8.3,0.0
8724,432,2025-09-02,Present,7.7,0.0
8725,432,2025-03-27,Present,9.4,0.0
8726,432,2025-12-22,Present,9.1,3.1
8727,432,14/05/2025,Present,9.3,0.0
8728,433,2025-04-24,Present,7.9,0.0
8729,433,2025-01-28,Present,9.3,1.6
8730,433,2025-05-18,Present,8.8,0.0
8731,433,2025-01-31,Present,8.8,0.0
8732,433,2025-03-17,Present,7.0,1.8
8733,433,2025-12-30,Leave,0.0,0.0
8734,433,2025-08-24,Present,7.0,0.0
8735,433,2025-06-09,Present,9.5,0.0
8736,433,2025-06-18,Present,7.3,0.0
8737,433,2025-01-07,Present,8.4,0.0
8738,433,2025-09-25,Present,9.0,0.0
8739,433,2025-04-25,present,7.5,0.0
8740,433,2025-09-28, Present,,0.0
8741,433,06-Jun-2025,Present,8.5,0.0
8742,433,2025-11-23,Present,7.4,0.0
8743,433,2025-11-28,Present,8.9,0.0
8744,433,17/12/2025,Present,7.7,0.0
8745,433,2025-09-02,Present,7.5,
8746,433,2025-06-30,Present,8.0,0.0
8747,433,2025-03-28,Present,9.3,0.0
8748,433,2025-03-25,Present,9.2,0.0
8749,433,01/05/2025,Present,8.2,1.8
8750,433,2025-04-14,Present,7.8,0.0
8751,434,2025-10-22,Absent,0.0,0.0
8752,434,2025-11-22,Absent,0.0,0.0
8753,434,06-03-2025,Present,7.7,0.0
8754,434,2025-11-27,Leave,0.0,0.0
8755,434,2025-03-16,Present,8.4,0.0
8756,434,2025-12-28,Present,9.0,0.0
8757,434,2025-01-27,Present,7.8,0.0
8758,434,2025-11-25,Late,5.1,0.0
8759,434,2025-09-10,Present,8.2,0.0
8760,434,01/02/2025,Present,7.2,0.0
8761,434,06-Jul-2025,PRESENT,8.8,0.0
8762,434,2025-10-20,Late,6.1,0.0
8763,435,2025-04-29,Present,8.2,0.0
8764,435,2025-01-10,Present,7.8,0.0
8765,435,2025-12-10,Present,9.3,0.0
8766,435,2025-12-19,Present,7.2,0.0
8767,435,2025-10-13,Present,9.2,0.0
8768,435,2025-04-12,Present,7.9,0.0
8769,435,2025-09-19,Late,7.1,0.0
8770,435,2025-01-11,Present,8.8,0.0
8771,435,2025-06-24,Present,7.3,0.0
8772,435,14/12/2025,Present,9.1,0.0
8773,435,2025-04-28,Present,8.7,0.6
8774,435,04-02-2025,Late,4.9,0.0
8775,435,2025-05-10,Absent,0.0,0.0
8776,435,2025-10-19,Present,8.6,0.0
8777,435,2025-08-23,Leave,0.0,
8778,435,2025-05-04,Present,8.7,3.1
8779,435,2025-02-07,Present,8.8,2.8
8780,435,2025-03-09,Present,8.9,0.0
8781,435,07/09/2025,Present,8.4,0.0
8782,435,2025-07-02,PRESENT,7.7,0.0
8783,435,2025-01-28,Present,9.3,0.0
8784,435,2025-05-17,Present,7.0,0.0
8785,435,2025-05-20,Late,5.6,0.0
8786,435,18/12/2025,Present,8.8,0.0
8787,435,2025-07-21,Present,8.1,0.6
8788,435,2025-11-14,Leave,0.0,0.0
8789,435,2025-07-10,Present,7.2,
8790,435,2025-04-30,Present,9.4,0.0
8791,435,06/09/2025,Present,8.4,2.3
8792,435,2025-02-16,Present,7.8,0.0
8793,435,2025-06-26,Present,7.6,0.0
8794,435,2025-04-25,Present,7.1,0.0
8795,436,2025-05-11,Present,7.7,0.0
8796,436,2025-11-12,Present,8.1,0.0
8797,436,2025-06-20,Present,7.5,0.0
8798,436,10/06/2025,Present,7.2,0.0
8799,436,2025-07-20,Present,8.8,0.0
8800,436,09-21-2025,Present,9.2,3.8
8801,436,2025-05-23,Present,8.5,0.7
8802,436,2025-08-09,Absent,0.0,0.0
8803,436,2025-07-30,Absent,0.0,0.0
8804,436,02-08-2025,Present,8.9,0.0
8805,436,2025-12-03,PRESENT,7.3,0.0
8806,436,10/08/2025,Late,6.5,
8807,436,2025-01-01,Present,8.8,0.0
8808,436,2025-06-10,Absent,0.0,0.0
8809,436,2025-03-20,Absent,0.0,0.0
8810,436,2025-11-07,Present,9.4,0.0
8811,436,2025-07-03,Present,8.8,0.0
8812,436,2025-08-17,Present,8.7,
8813,436,2025-04-08,Present,9.3,0.0
8814,436,05/08/2025,Absent,0.0,0.0
8815,436,2025-09-16,Absent,0.0,0.0
8816,436,2025-10-31,Absent,0.0,0.0
8817,436,2025-01-23,Absent,0.0,0.0
8818,436,2025-05-26,Present,7.4,0.0
8819,436,2025-02-19,Present,9.3,0.0
8820,436,2025-11-04,Absent,0.0,0.0
8821,437,2025-09-20,Present,7.8,0.0
8822,437,2025-10-03,Present,7.3,3.4
8823,437,2025-07-20,Present,7.0,0.0
8824,437,2025-05-05,Present,9.1,
8825,437,09-18-2025,Present,9.2,0.0
8826,437,2025-06-30,Absent,0.0,0.0
8827,437,2025-12-17,Present,8.7,0.0
8828,437,02-Nov-2025,Absent,0.0,0.0
8829,437,2025-06-29,Present,8.7,0.0
8830,437,15/07/2025,Present,7.9,0.0
8831,437,13/10/2025,Present,7.1,0.0
8832,437,2025-09-03,Late,7.0,1.1
8833,438,2025-09-03,Present,7.9,0.0
8834,438,2025-03-22,Present,8.5,0.0
8835,438,11-Oct-2025,Late,5.9,0.0
8836,438,2025-05-29,Present,7.5,0.0
8837,438,23-Aug-2025,Present,,0.0
8838,438,2025-01-10,PRESENT,7.3,0.0
8839,438,2025-12-31,Present,9.2,0.0
8840,438,2025-04-24,Absent,0.0,0.0
8841,438,24/07/2025,present,7.1,0.0
8842,438,09-24-2025,Present,9.4,0.0
8843,438,2025-10-19,Present,7.5,0.0
8844,438,2025-06-27,Present,7.3,0.0
8845,438,2025-04-15,Present,8.4,0.0
8846,438,2025-05-14,Present,7.2,0.0
8847,438,2025-01-19,Present,8.5,0.0
8848,438,2025-09-21,Present,9.1,0.0
8849,438,2025-02-05,Present,7.1,0.0
8850,438,2025-09-09,Present,9.0,1.9
8851,438,2025-06-05,Present,7.4,1.1
8852,438,2025-12-09,Present,9.3,0.0
8853,438,2025-07-25,Present,7.3,0.0
8854,438,2025-02-15,Present,9.2,0.0
8855,438,02/12/2025,Present,8.4,0.0
8856,438,2025-03-17,Absent,0.0,0.0
8857,438,2025-01-17,Late,4.6,0.0
8858,439,2025-06-27,Present,8.2,0.0
8859,439,2025-04-20,Absent,0.0,0.0
8860,439,2025-08-29,Present,9.0,0.0
8861,439,2025-05-04,Absent,0.0,0.0
8862,439,2025-04-13,Absent,0.0,0.0
8863,439,2025-09-11,Present,8.8,0.0
8864,439,2025-10-31,Present,8.2,0.0
8865,439,25-Feb-2025,Late,7.1,0.0
8866,439,2025-12-11,Absent,0.0,0.0
8867,439,2025-02-22,Absent,0.0,0.0
8868,439,2025-12-07,Absent,0.0,0.0
8869,439,2025-07-11,Present,7.3,0.0
8870,439,14-Jun-2025,Absent,0.0,0.0
8871,439,2025-01-30,Present,9.3,0.0
8872,439,2025-01-17,Present,9.1,0.0
8873,439,2025-01-19,Present,8.8,0.0
8874,439,2025-10-09,Present,9.0,0.0
8875,440,2025-09-11,Present,8.4,0.0
8876,440,2025-09-24,Present,8.7,
8877,440,2025-07-13,Absent,0.0,0.0
8878,440,2025-04-20,Absent,0.0,0.0
8879,440,2025-05-25,Present,7.9,0.0
8880,440,10-Dec-2025,Absent,0.0,0.0
8881,440,2025-01-16,Present,8.4,0.0
8882,440,10-Jun-2025,Late,5.3,0.0
8883,440,2025-04-26,Present,8.1,0.0
8884,440,2025-05-23,Absent,0.0,0.0
8885,440,2025-10-18,Present,7.7,0.0
8886,440,2025-06-10,Present,7.3,0.0
8887,440,2025-07-18,Late,5.5,0.0
8888,440,2025-12-21,Late,7.1,1.8
8889,440,07-Nov-2025,Present,8.9,0.0
8890,440,2025-06-22,Late,5.0,0.0
8891,440,2025-11-20,Present,8.1,0.9
8892,440,2025-03-07,Present,7.3,2.7
8893,440,2025-05-27,Absent,0.0,0.0
8894,440,2025-07-15,PRESENT,8.5,0.0
8895,440,2025-02-22,Late,5.1,2.2
8896,440,2025-07-08,present,9.2,0.0
8897,440,2025-05-15,Absent,0.0,0.0
8898,440,2025-09-22,Present,7.4,0.0
8899,440,2025-09-17,Present,7.0,2.8
8900,440,2025-02-05,Present,7.1,0.0
8901,440,2025-12-30,Present,9.4,2.6
8902,440,2025-04-03,Leave,0.0,0.0
8903,440,2025-03-07,Present,8.2,
8904,441,2025-05-22,Present,8.1,0.0
8905,441,2025-10-26,Present,8.4,0.0
8906,441,2025-08-02,Absent,0.0,0.0
8907,441,2025-03-13,Leave,0.0,0.0
8908,441,2025-11-10,Absent,0.0,0.0
8909,441,2025-10-10,Present,7.2,0.0
8910,441,2025-05-25,Absent,0.0,0.0
8911,441,2025-03-21,Absent,0.0,0.0
8912,441,2025-03-23,Present,9.3,0.0
8913,441,2025-10-12,Absent,0.0,0.0
8914,441,10-02-2025,Present,8.6,0.0
8915,441,02-06-2025,Absent,0.0,0.0
8916,441,2025-08-25,Absent,0.0,0.0
8917,441,2025-02-09,ABSENT,0.0,0.0
8918,441,2025-01-22,Absent,0.0,0.0
8919,441,2025-02-07,Present,7.5,0.0
8920,441,30/09/2025,Absent,0.0,0.0
8921,441,2025-03-20,Absent,0.0,0.0
8922,441,14/07/2025,Present,8.4,0.0
8923,441,15-May-2025,Present,7.3,0.0
8924,441,2025-05-08,Present,7.0,0.0
8925,441,2025-07-16,Absent,0.0,0.0
8926,441,2025-05-16,Late,6.4,0.0
8927,441,2025-02-17,Present,8.6,0.0
8928,441,2025-03-05,Present,8.5,0.0
8929,441,2025-11-12,Absent,0.0,0.0
8930,441,11/06/2025,Present,7.5,
8931,441,12-03-2025,Present,8.5,0.7
8932,442,2025-06-05,Present,8.5,0.0
8933,442,2025-10-10,Present,8.4,0.0
8934,442,2025-02-02,Present,8.6,0.0
8935,442,2025-02-10,Present,9.2,0.0
8936,442,2025-02-05,Present,9.1,3.9
8937,442,2025-10-15,Present,9.4,0.0
8938,442,2025-06-25,Present,8.9,0.0
8939,442,2025-04-29,Absent,0.0,0.0
8940,442,2025-11-22,Absent,,0.0
8941,442,2025-10-28,Present,9.4,0.0
8942,442,2025-08-19,Absent,0.0,0.0
8943,442,2025-07-04,Present,9.2,0.0
8944,442,2025-05-21,Present,8.8,0.0
8945,442,2025-07-17,present,7.2,
8946,442,15/09/2025,Present,7.1,
8947,442,2025-01-12,Late,7.0,0.0
8948,442,2025-07-01, Present,8.2,0.0
8949,442,2025-06-11,Present,9.0,0.0
8950,442,2025-03-20,Present,7.8,0.0
8951,442,2025-08-30,Present,8.0,0.0
8952,442,21-Aug-2025,Present,8.8,3.7
8953,442,2025-04-20,present,7.2,0.0
8954,442,2025-05-16,Leave,0.0,0.0
8955,443,18-Nov-2025,Present,9.2,0.0
8956,443,2025-09-26,Present,9.0,0.0
8957,443,2025-04-28,Present,7.8,1.7
8958,443,2025-04-28,present,7.1,0.0
8959,443,2025-11-11,Present,7.0,0.0
8960,443,2025-11-19,Present,8.2,0.0
8961,443,2025-01-03,Present,7.2,1.2
8962,443,2025-03-27,Present,9.1,
8963,443,2025-06-29,Present,8.4,2.7
8964,443,2025-11-27,Present,7.5,0.0
8965,443,2025-07-23,Present,9.1,0.0
8966,443,2025-01-19,Absent,0.0,0.0
8967,444,2025-10-01,Present,9.2,0.0
8968,444,2025-06-01,Late,6.1,3.7
8969,444,2025-06-14,Absent,0.0,0.0
8970,444,2025-01-20,Late,7.0,0.0
8971,444,2025-02-01,Absent,0.0,0.0
8972,444,2025-05-29,PRESENT,8.8,0.0
8973,444,2025-11-03,Absent,0.0,0.0
8974,444,2025-10-15,Late,6.7,0.0
8975,444,2025-10-26,Present,7.3,0.0
8976,444,2025-09-18,ABSENT,0.0,0.0
8977,444,05-Feb-2025,Leave,0.0,0.0
8978,444,2025-11-29,Absent,0.0,0.0
8979,444,2025-02-24,Absent,0.0,
8980,444,28/01/2025,Present,7.7,0.0
8981,444,2025-08-28,Absent,0.0,0.0
8982,444,2025-02-06,Late,4.7,
8983,444,2025-04-24,Present,7.0,0.0
8984,444,2025-06-08,Present,7.4,0.0
8985,444,2025-01-19,Late,7.1,1.3
8986,444,2025-02-07,Late,7.4,0.0
8987,444,2025-08-05,Present,8.5,0.0
8988,444,2025-05-23,Present,7.6,0.0
8989,444,2025-02-17,Absent,0.0,0.0
8990,444,2025-05-31,Absent,0.0,0.0
8991,444,2025-07-02,Absent,,0.0
8992,445,31-Oct-2025,Present,8.2,0.0
8993,445,2025-04-29,Late,5.2,0.0
8994,445,2025-06-05,Present,9.5,0.0
8995,445,2025-12-26,Present,9.1,0.0
8996,445,2025-03-24,Late,4.6,0.0
8997,445,2025-09-03,Present,9.4,3.0
8998,445,19-Apr-2025,Present,7.2,0.0
8999,445,2025-01-01,Present,8.7,0.0
9000,445,2025-06-09,Present,8.6,0.0
9001,445,2025-10-26,Late,5.2,0.0
9002,446,06-28-2025,PRESENT,8.9,0.0
9003,446,2025-02-27,Present,7.2,0.0
9004,446,2025-11-28,Present,8.2,0.0
9005,446,2025-08-21,Present,7.0,0.0
9006,446,2025-06-05,Present,9.4,0.0
9007,446,2025-03-21,Present,8.9,0.0
9008,446,2025-03-19,Present,7.4,0.0
9009,446,2025-10-14,Present,7.9,0.0
9010,446,2025-07-12,present,7.4,0.0
9011,446,2025-05-05,Present,8.9,0.0
9012,446,2025-09-03,present,7.1,0.0
9013,446,08-21-2025,Present,9.1,0.0
9014,446,2025-02-10,Present,9.4,0.0
9015,446,2025-05-21,Present,8.7,0.0
9016,446,2025-09-04,Present,7.5,0.0
9017,446,2025-01-18,Present,7.9,0.0
9018,446,2025-10-14,Present,8.2,0.0
9019,446,2025-04-28,Present,8.5,0.0
9020,446,2025-03-06,Late,6.5,0.0
9021,446,2025-07-18,Late,6.2,1.7
9022,446,2025-12-24,Present,9.2,
9023,446,2025-04-07,Present,7.2,0.0
9024,446,2025-05-15,Present,8.2,0.0
9025,446,2025-10-31,Present,8.9,0.0
9026,446,2025-01-08,Late,4.7,0.0
9027,446,2025-11-18,Present,8.8,0.0
9028,446,2025-01-03,Present,9.0,0.0
9029,447,05-02-2025,Absent,0.0,0.0
9030,447,2025-03-09, Present,8.7,
9031,447,2025-02-20,Present,7.0,0.0
9032,447,07-23-2025,Present,7.5,0.0
9033,447,03-19-2025,Late,5.5,1.3
9034,447,2025-11-29,Absent,0.0,0.0
9035,447,2025-01-13,Present,9.4,0.0
9036,447,28/01/2025,Absent,0.0,0.0
9037,447,2025-12-08,Absent,0.0,0.0
9038,447,2025-02-26,Present,8.6,0.0
9039,447,12-Feb-2025,Present,7.7,0.0
9040,447,2025-08-01,Absent,0.0,0.0
9041,447,2025-10-27,Present,9.3,0.0
9042,447,2025-05-10,Present,8.9,0.0
9043,447,2025-11-17,Present,7.7,1.8
9044,447,2025-02-14,Present,7.5,3.9
9045,447,2025-12-11, Present,8.3,0.0
9046,447,2025-12-02,Present,9.2,0.0
9047,447,2025-06-05,Present,7.9,0.0
9048,447,2025-10-21,Present,9.2,0.0
9049,447,2025-12-18,Present,7.1,0.0
9050,447,2025-10-15,Present,9.5,0.0
9051,448,2025-04-11,PRESENT,9.3,0.0
9052,448,2025-02-01,Leave,0.0,0.0
9053,448,2025-05-15,Present,7.9,0.0
9054,448,2025-08-27,Present,8.9,0.0
9055,448,2025-07-31,Present,8.9,0.0
9056,448,12-Jun-2025,Present,9.3,1.6
9057,448,12/03/2025,Absent,0.0,0.0
9058,448,2025-02-06,Present,8.2,0.0
9059,448,2025-03-11,Present,9.2,3.2
9060,448,2025-04-20,Present,8.0,0.0
9061,448,2025-07-23,Present,9.1,0.7
9062,448,2025-07-16,Absent,0.0,0.0
9063,448,19-Nov-2025,Present,9.0,0.0
9064,448,2025-01-15,Absent,0.0,0.0
9065,448,2025-07-31,Late,5.1,1.5
9066,448,2025-11-18,Present,8.2,0.0
9067,448,2025-09-17,Late,5.8,0.0
9068,448,2025-11-09,Present,8.3,0.0
9069,449,2025-08-25,Late,6.1,1.7
9070,449,2025-05-05,Absent,0.0,0.0
9071,449,23-Oct-2025,Present,7.4,0.0
9072,449,27/04/2025,Present,8.9,0.0
9073,449,2025-03-13,Present,8.0,0.0
9074,449,2025-11-22,Present,8.3,0.0
9075,449,2025-02-22,absent,0.0,0.0
9076,449,2025-11-05,Absent,0.0,0.0
9077,449,26/10/2025,Absent,0.0,0.0
9078,449,2025-11-16,Present,8.6,0.0
9079,449,26/03/2025,Present,9.3,0.0
9080,449,2025-11-11,Absent,0.0,0.0
9081,449,2025-05-12,Absent,0.0,0.0
9082,449,2025-12-17,Leave,0.0,0.0
9083,450,2025-05-08,Present,8.8,0.0
9084,450,2025-08-08,present,7.1,0.0
9085,450,2025-08-11,Present,9.1,0.0
9086,450,2025-03-01,Absent,0.0,0.0
9087,450,2025-04-24,Late,7.5,0.0
9088,450,2025-01-13,Present,8.2,0.0
9089,450,2025-06-14,Present,9.4,0.0
9090,450,20-Jun-2025,Present,8.4,0.0
9091,450,2025-12-12,Present,8.1,0.0
9092,450,24/11/2025,Present,7.8,0.0
9093,450,2025-03-27,Present,8.6,0.0
9094,450,2025-11-09,Absent,0.0,0.0
9095,450,2025-07-02,Present,7.6,0.0
9096,450,2025-01-09,Present,7.3,0.0
9097,450,2025-07-19,Present,7.1,0.0
9098,450,01-Mar-2025,Present,7.7,0.0
9099,450,2025-07-23,Present,8.0,2.4
9100,451,2025-03-16,Late,5.4,0.0
9101,451,2025-02-07,Present,9.5,1.5
9102,451,2025-11-15,Present,8.1,0.0
9103,451,10-29-2025,present,7.3,0.0
9104,451,04-27-2025,Present,7.7,0.0
9105,451,2025-10-20,Late,4.6,
9106,451,08/09/2025,Present,8.4,0.0
9107,451,2025-06-27,Absent,0.0,0.0
9108,451,2025-11-26,present,8.9,0.0
9109,451,2025-08-20,Present,7.5,1.8
9110,451,02-02-2025,Present,7.0,0.0
9111,451,20/07/2025,Present,9.1,0.0
9112,451,2025-04-22,Present,8.9,0.0
9113,451,2025-07-01,Present,7.2,0.0
9114,451,2025-08-09, Absent,0.0,0.0
9115,451,2025-03-24,Present,7.9,0.0
9116,451,2025-03-24,Leave,0.0,0.0
9117,451,2025-01-16,Present,9.4,0.0
9118,451,05-Jul-2025,Present,8.0,0.0
9119,451,2025-09-18,Present,8.3,0.0
9120,451,2025-03-27,Present,7.9,0.0
9121,451,2025-10-14,Late,6.3,0.0
9122,452,2025-03-29,Present,9.4,4.0
9123,452,30/08/2025,Present,8.9,0.0
9124,452,14-Apr-2025,Late,5.7,0.0
9125,452,2025-04-28,Present,8.2,0.0
9126,452,2025-05-29,present,7.9,
9127,452,2025-01-02,Present,8.8,2.1
9128,452,2025-11-12,Present,7.0,2.3
9129,452,2025-06-01,Present,9.5,0.0
9130,452,2025-12-11,Late,6.1,0.0
9131,452,2025-03-24,Present,7.5,0.0
9132,452,18/04/2025,Present,7.1,0.0
9133,452,2025-03-22,Present,7.9,0.0
9134,452,2025-06-30,Present,9.3,0.0
9135,452,2025-01-10,Absent,0.0,0.0
9136,452,2025-07-06,Present,9.5,3.8
9137,452,2025-02-28, Present,8.8,0.0
9138,453,2025-05-12,Present,8.4,2.6
9139,453,2025-03-30,Late,6.1,3.0
9140,453,2025-04-18,Present,8.0,0.0
9141,453,2025-03-10,Absent,0.0,0.0
9142,453,2025-06-14,Absent,0.0,0.0
9143,453,2025-12-01,Present,8.7,0.9
9144,453,2025-04-08,Present,7.7,0.0
9145,453,2025-11-24,Present,9.1,0.0
9146,453,2025-06-19,Present,9.3,0.0
9147,453,2025-08-11,Present,8.3,0.6
9148,453,2025-10-14,absent,0.0,0.0
9149,453,2025-11-07,Absent,0.0,0.0
9150,453,2025-08-01,Present,9.3,0.0
9151,453,2025-08-05,Present,8.8,0.0
9152,453,11-10-2025,Present,8.0,0.0
9153,453,2025-12-13,Present,8.5,0.0
9154,453,2025-01-01,Leave,0.0,0.0
9155,453,2025-05-23,Present,8.1,2.1
9156,453,2025-01-10,Present,9.2,0.0
9157,454,2025-05-16,Present,7.4,0.9
9158,454,18/12/2025,Present,7.0,0.0
9159,454,2025-06-19,Present,7.8,1.0
9160,454,2025-12-02,Absent,0.0,0.0
9161,454,28/07/2025,Absent,0.0,0.0
9162,454,2025-10-25,Present,7.5,0.0
9163,454,29/03/2025,Present,7.0,0.0
9164,454,2025-06-01,Absent,0.0,0.0
9165,454,2025-07-03,Absent,0.0,0.0
9166,454,2025-01-10,Present,7.6,0.0
9167,454,2025-07-28,Present,7.8,0.0
9168,454,08-01-2025,Absent,0.0,0.0
9169,454,2025-04-10,ABSENT,0.0,0.0
9170,454,2025-03-25,Present,7.1,0.0
9171,454,2025-12-24,Absent,0.0,0.0
9172,454,2025-03-25,Absent,0.0,0.0
9173,454,2025-10-10,Present,8.5,0.0
9174,454,2025-10-08,Absent,0.0,0.0
9175,454,2025-08-22,Present,8.4,0.0
9176,455,2025-05-01,Present,7.2,0.0
9177,455,2025-01-30,Present,8.5,0.0
9178,455,06-06-2025,Present,9.5,0.0
9179,455,06-24-2025,Present,9.4,0.0
9180,455,2025-11-02,Present,7.0,0.0
9181,455,2025-02-14,Absent,0.0,0.0
9182,455,2025-06-18,Present,9.0,0.0
9183,455,2025-06-13,Present,7.9,0.0
9184,455,2025-04-03,Present,7.2,0.0
9185,455,2025-10-10,Present,7.7,0.0
9186,455,24-Apr-2025,Absent,0.0,0.0
9187,455,2025-08-16,Present,7.8,
9188,455,2025-05-02,Absent,0.0,0.0
9189,455,2025-07-03,Present,8.3,0.0
9190,455,2025-09-17,Absent,0.0,0.0
9191,455,2025-10-31,Present,8.7,0.0
9192,455,2025-08-10,Absent,0.0,0.0
9193,455,08/06/2025,Present,8.9,1.4
9194,455,2025-11-08,Present,7.8,0.0
9195,455,2025-12-26,Present,7.8,0.0
9196,455,01-Jun-2025,Present,7.9,0.0
9197,455,2025-04-03,Absent,0.0,0.0
9198,455,2025-06-30,Present,9.5,0.0
9199,455,16-Aug-2025,Present,8.9,0.0
9200,456,2025-02-15,Absent,0.0,0.0
9201,456,2025-04-07,Present,,0.0
9202,456,2025-10-08,Late,6.6,0.0
9203,456,19/06/2025,Present,8.0,
9204,456,2025-08-15,Present,8.0,0.0
9205,456,2025-12-16,Absent,0.0,0.0
9206,456,2025-07-19,Absent,0.0,0.0
9207,456,2025-10-19,Present,8.2,0.0
9208,456,2025-09-29,Present,8.0,0.0
9209,456,2025-01-20,Present,9.1,2.1
9210,456,2025-06-28,Present,7.7,0.0
9211,456,2025-04-03,Absent,0.0,0.0
9212,456,2025-04-16,Absent,0.0,0.0
9213,456,2025-12-30,Present,8.9,0.0
9214,456,02-01-2025,Absent,0.0,0.0
9215,456,2025-09-21,Absent,0.0,0.0
9216,456,2025-08-23,Present,9.1,
9217,456,2025-03-08,PRESENT,8.1,
9218,456,2025-09-22,Present,8.7,0.0
9219,456,01-04-2025,Present,7.1,0.0
9220,457,2025-05-24,Present,8.3,0.7
9221,457,2025-03-01,Present,7.1,0.0
9222,457,2025-10-20,Present,8.5,0.0
9223,457,2025-10-23,Present,7.8,0.0
9224,457,2025-03-06,Present,8.9,0.0
9225,457,18-Jun-2025,Present,9.2,0.0
9226,457,2025-04-23,Absent,0.0,0.0
9227,457,2025-12-13,Present,7.3,0.0
9228,457,2025-09-23,Present,8.8,0.0
9229,457,2025-03-16,Present,8.3,0.0
9230,457,2025-10-15,Present,7.3,0.0
9231,457,2025-09-20,Present,8.6,0.0
9232,457,13-May-2025,Present,8.5,0.0
9233,458,08-28-2025,Present,8.3,0.0
9234,458,2025-12-31,Present,9.3,0.0
9235,458,27-Nov-2025,Absent,0.0,0.0
9236,458,2025-05-02,Present,8.3,0.0
9237,458,2025-10-26,Present,9.5,0.0
9238,458,2025-12-01,Present,8.3,
9239,458,2025-06-10,Present,,0.0
9240,458,2025-12-04,Late,5.9,0.0
9241,458,2025-05-22,Absent,0.0,0.0
9242,458,2025-01-23,Present,7.5,0.0
9243,458,2025-03-29,Present,8.5,2.9
9244,458,2025-11-24,Present,8.2,0.0
9245,458,2025-12-01,Late,4.8,0.0
9246,458,2025-07-01,Present,8.2,
9247,458,2025-07-20,Absent,0.0,0.0
9248,458,2025-05-13,Late,6.5,0.0
9249,458,2025-09-21,Absent,0.0,0.0
9250,458,09/11/2025,Present,9.0,0.0
9251,458,2025-11-23,Present,9.4,0.0
9252,458,2025-01-28,PRESENT,7.4,
9253,458,21/10/2025,Present,8.3,0.0
9254,458,06-10-2025,Present,8.4,0.0
9255,458,2025-12-11,Present,9.3,0.0
9256,458,2025-10-10,Absent,0.0,0.0
9257,458,2025-09-02,Present,8.6,0.0
9258,458,2025-04-22,Present,7.4,0.0
9259,458,2025-09-08,Present,8.1,0.0
9260,458,2025-01-30,Present,8.6,0.0
9261,458,20-Feb-2025,Present,8.8,0.0
9262,458,2025-08-27,Present,9.2,1.1
9263,459,2025-12-18,Present,9.4,0.0
9264,459,03/12/2025,Absent,0.0,0.0
9265,459,17/11/2025,Absent,0.0,0.0
9266,459,2025-09-18,Present,7.1,0.0
9267,459,2025-03-22,Absent,0.0,0.0
9268,459,2025-04-12,Present,9.5,0.0
9269,459,2025-05-25,Absent,0.0,0.0
9270,459,2025-04-07,Present,9.1,0.0
9271,459,2025-06-24,Absent,0.0,0.0
9272,459,2025-10-11,Present,8.7,0.0
9273,459,06/04/2025,Late,6.7,0.0
9274,459,2025-03-12,Present,7.2,0.0
9275,459,2025-07-21,Present,7.1,0.0
9276,459,02/05/2025,Present,7.3,0.0
9277,460,2025-06-19,present,7.2,0.0
9278,460,19/08/2025,Absent,0.0,0.0
9279,460,2025-11-01,Present,8.4,0.0
9280,460,2025-03-07,Late,5.1,0.0
9281,460,2025-02-08,Late,7.1,0.0
9282,460,2025-06-18,Present,8.1,0.0
9283,460,2025-12-30,Present,8.7,0.0
9284,460,22/12/2025,Present,8.6,0.0
9285,460,2025-03-18,Absent,0.0,0.0
9286,460,2025-07-30,Absent,0.0,0.0
9287,460,2025-05-09,Absent,0.0,0.0
9288,461,08-03-2025,Present,7.8,0.0
9289,461,04-Jul-2025,Present,7.6,0.0
9290,461,2025-07-20,late,5.5,0.0
9291,461,2025-10-10,Present,9.0,0.0
9292,461,2025-11-02,Absent,0.0,0.0
9293,461,2025-11-22,Late,6.3,0.0
9294,461,2025-01-08,Present,7.6,0.0
9295,461,2025-08-13,Present,9.0,0.7
9296,461,03-20-2025,Late,6.6,2.0
9297,461,2025-10-05,Present,8.8,0.0
9298,461,11-20-2025,Absent,0.0,0.0
9299,461,2025-07-17,Present,9.3,0.0
9300,461,22-Dec-2025,Present,8.9,0.0
9301,461,2025-05-12,PRESENT,8.1,0.0
9302,461,2025-06-24,Present,7.4,3.3
9303,461,2025-07-28,Present,8.2,0.0
9304,461,2025-01-04,Present,7.2,0.0
9305,461,2025-10-03,Present,8.8,0.0
9306,461,2025-04-21,Present,7.7,0.7
9307,461,2025-07-29,Present,9.3,0.0
9308,461,2025-11-04, Absent,0.0,0.0
9309,461,2025-12-14,Present,8.2,1.5
9310,461,24-Sep-2025,Late,6.6,0.0
9311,461,2025-05-06,Present,9.2,0.0
9312,461,2025-12-05,Present,7.0,0.0
9313,461,2025-08-06,Present,8.7,0.0
9314,462,2025-04-05,Present,8.9,0.0
9315,462,2025-02-01,Present,7.5,0.0
9316,462,22/06/2025,Present,8.2,0.0
9317,462,23-Aug-2025,Present,7.2,3.1
9318,462,2025-11-26,Present,9.1,0.0
9319,462,2025-02-04,Present,7.3,0.0
9320,462,2025-03-30,Absent,0.0,0.0
9321,462,2025-04-17,Present,9.0,0.0
9322,462,2025-06-08,Present,8.9,0.0
9323,462,2025-11-03,Present,7.9,0.0
9324,462,2025-02-28,Present,8.7,0.0
9325,462,2025-10-10,Present,7.0,0.0
9326,462,2025-12-18,Present,9.3,0.0
9327,462,2025-11-22,Present,8.4,2.7
9328,462,2025-11-02,Absent,0.0,0.0
9329,462,2025-07-13,Present,8.7,0.0
9330,462,2025-02-27,Absent,0.0,0.0
9331,462,2025-06-22,Late,6.2,0.0
9332,463,2025-03-23,Present,9.1,0.0
9333,463,2025-01-29,Present,8.5,3.7
9334,463,2025-03-16,Present,8.5,0.0
9335,463,2025-08-16,Present,7.4,0.0
9336,463,2025-01-28,Present,9.3,0.0
9337,463,2025-06-15,Present,8.7,0.0
9338,463,2025-08-16,Present,8.7,0.0
9339,463,2025-03-16,Absent,0.0,0.0
9340,463,2025-04-10,Leave,0.0,0.0
9341,463,2025-12-21,Present,9.5,0.0
9342,463,2025-01-14,present,7.2,0.0
9343,463,2025-03-27,Present,8.1,0.0
9344,463,2025-01-28,Present,7.6,0.0
9345,463,2025-12-27,Present,8.6,0.0
9346,463,2025-06-15,Late,6.9,0.0
9347,463,2025-09-09,PRESENT,9.4,
9348,463,2025-08-02,Present,-8.1,0.0
9349,463,2025-11-28,Present,9.0,0.0
9350,463,2025-05-16,Present,9.3,0.0
9351,463,2025-05-12,Present,8.7,0.0
9352,463,2025-04-01,Present,7.6,0.0
9353,463,2025-10-09,Present,8.5,0.0
9354,463,2025-09-11,Present,9.4,0.0
9355,464,2025-01-08,Absent,0.0,0.0
9356,464,2025-12-23,Present,9.5,0.0
9357,464,2025-06-12,Late,6.4,0.0
9358,464,2025-01-28,Present,9.2,1.2
9359,464,2025-11-11,Late,5.2,0.0
9360,464,2025-03-20,Leave,0.0,0.0
9361,464,2025-03-21,Absent,0.0,0.0
9362,464,2025-02-01,Present,9.4,1.0
9363,464,2025-03-17,Present,7.5,0.0
9364,464,2025-02-06,Present,8.1,0.0
9365,464,2025-05-12,Absent,0.0,0.0
9366,464,2025-01-14,Absent,0.0,0.0
9367,464,2025-04-11,Present,8.5,2.6
9368,464,22-Sep-2025,Present,7.7,3.7
9369,464,18-Jul-2025,Present,9.3,0.0
9370,465,21/09/2025,Absent,0.0,0.0
9371,465,2025-04-14,Absent,0.0,0.0
9372,465,2025-11-25,Present,8.0,0.0
9373,465,2025-08-30,Present,8.1,0.0
9374,465,2025-07-08,Present,8.8,2.8
9375,465,26/10/2025,Present,8.0,0.0
9376,465,2025-03-31,Present,8.0,0.0
9377,465,2025-03-10,Present,7.9,0.0
9378,465,2025-07-11,Present,7.6,0.0
9379,465,2025-07-24,Present,8.1,2.9
9380,465,2025-11-06,Absent,0.0,0.0
9381,465,2025-11-12,Present,8.9,0.0
9382,465,2025-01-11,Present,8.9,1.8
9383,465,2025-12-26,Late,6.8,0.5
9384,465,2025-09-21,Present,8.2,0.0
9385,465,2025-09-06,Present,9.0,2.7
9386,465,2025-03-29,Absent,0.0,0.0
9387,465,2025-08-28,Present,8.2,0.0
9388,466,2025-01-29,Present,8.6,0.0
9389,466,2025-05-26,Absent,0.0,0.0
9390,466,2025-08-06,Present,9.3,0.0
9391,466,2025-08-15,Present,8.4,0.0
9392,466,2025-03-19,Present,9.0,0.0
9393,466,2025-02-12,Present,9.5,0.0
9394,466,02-04-2025,Absent,0.0,0.0
9395,466,2025-10-20,Present,8.8,2.5
9396,466,2025-08-29,Absent,0.0,0.0
9397,466,2025-02-24,Present,7.1,0.0
9398,467,2025-01-15,Present,7.9,2.5
9399,467,2025-01-25,Absent,0.0,0.0
9400,467,2025-12-07,Late,6.9,0.0
9401,467,2025-12-18,Present,8.1,0.0
9402,467,2025-12-27,Present,9.4,0.0
9403,467,2025-02-11,Absent,0.0,0.0
9404,467,2025-12-12,Absent,0.0,0.0
9405,467,2025-08-29,Leave,0.0,0.0
9406,467,2025-11-16,present,7.7,0.0
9407,467,2025-11-28,Present,8.9,0.0
9408,467,2025-12-06,Present,8.0,0.0
9409,467,2025-04-28,Present,8.2,0.0
9410,467,2025-11-01,Present,9.0,0.0
9411,467,2025-06-08,Absent,0.0,0.0
9412,467,2025-03-27,Late,5.4,0.0
9413,467,14/12/2025,Present,7.2,0.0
9414,467,2025-05-13,Present,8.3,0.0
9415,467,2025-05-25,Absent,0.0,0.0
9416,467,2025-05-26,Absent,0.0,0.0
9417,468,2025-04-19,Late,6.1,3.3
9418,468,2025-12-15,present,9.4,0.7
9419,468,2025-04-07,Absent,0.0,0.0
9420,468,2025-11-10,Present,8.5,0.0
9421,468,2025-08-05,Present,8.7,0.0
9422,468,21/10/2025,Present,9.5,0.0
9423,468,2025-08-18,Absent,0.0,0.0
9424,468,2025-02-28,Present,9.4,0.0
9425,468,2025-01-03, Present,8.8,
9426,468,2025-09-12,Present,8.3,0.0
9427,468,2025-08-23,Absent,0.0,0.0
9428,469,2025-12-03,Absent,0.0,0.0
9429,469,2025-07-05,Present,7.4,0.0
9430,469,2025-07-20,Present,8.0,2.5
9431,469,2025-05-20,Present,,2.7
9432,469,2025-01-30,Present,8.8,0.0
9433,469,06-22-2025,Present,8.1,0.0
9434,469,2025-01-24,Present,8.8,0.0
9435,469,2025-05-16,Present,7.4,0.0
9436,469,10-23-2025,Present,7.4,0.0
9437,469,2025-05-13,Present,7.4,0.0
9438,469,2025-03-16,Present,9.2,
9439,469,2025-02-25,Late,4.7,3.3
9440,469,2025-12-21,Present,7.6,0.0
9441,469,2025-09-23,Present,8.2,0.0
9442,469,2025-02-06,Present,9.3,0.0
9443,469,2025-12-13,Present,8.5,0.0
9444,469,10-11-2025,Present,7.5,0.0
9445,469,2025-11-02,Present,7.7,0.0
9446,469,2025-05-05,Present,9.3,0.0
9447,469,2025-03-02,Present,8.1,0.0
9448,469,04-Dec-2025,Present,8.5,0.0
9449,469,2025-11-30,Present,8.1,0.0
9450,469,2025-09-30,Absent,0.0,0.0
9451,470,2025-01-21,Present,7.9,1.3
9452,470,2025-08-03,leave,0.0,0.0
9453,470,06-27-2025,Present,8.7,0.0
9454,470,2025-12-06,Present,8.8,1.5
9455,470,19-Jun-2025,Present,9.0,0.0
9456,470,2025-10-22,Present,9.1,0.0
9457,470,2025-09-05,Present,9.3,0.0
9458,470,2025-02-22,Present,7.4,1.6
9459,470,2025-02-02,Present,9.2,0.0
9460,470,2025-08-29,Present,7.5,0.0
9461,470,2025-10-04,Leave,0.0,0.0
9462,470,2025-06-06,Present,7.0,0.0
9463,470,2025-10-26,Late,7.1,0.0
9464,470,2025-02-23,Present,7.8,0.0
9465,470,2025-05-10,Present,8.0,0.0
9466,470,2025-04-03,Absent,0.0,0.0
9467,470,2025-08-09,Absent,0.0,0.0
9468,470,2025-04-04,Present,8.1,0.0
9469,470,2025-05-19, Present,9.1,1.7
9470,470,2025-04-03,Present,9.2,0.0
9471,470,2025-08-08,Present,8.5,0.0
9472,470,2025-11-29,Present,8.3,0.0
9473,470,2025-10-05,Present,7.8,0.0
9474,470,2025-06-19,Present,7.6,0.0
9475,470,2025-05-13,Present,8.6,0.0
9476,470,05-Feb-2025,Late,5.8,3.7
9477,470,09-Nov-2025,Present,8.2,2.3
9478,470,2025-10-25,PRESENT,,0.0
9479,471,01-Aug-2025,Present,9.0,
9480,471,2025-12-20,Leave,0.0,0.0
9481,471,2025-11-05,Present,8.1,0.0
9482,471,2025-06-20,Present,7.7,3.5
9483,471,2025-12-24,Present,8.5,0.0
9484,471,2025-05-08,Present,8.5,2.6
9485,471,2025-03-20, Present,8.8,0.0
9486,472,2025-09-28,PRESENT,7.8,0.0
9487,472,2025-11-06,Leave,0.0,0.0
9488,472,2025-12-09,Present,7.1,3.3
9489,472,2025-02-05,Present,7.3,0.0
9490,472,2025-07-25,Absent,0.0,0.0
9491,472,2025-03-09,Present,8.8,0.0
9492,472,2025-02-01,present,7.2,0.0
9493,472,2025-01-15,present,7.9,0.0
9494,472,2025-05-10,Present,7.2,0.0
9495,472,2025-04-29,Absent,0.0,0.0
9496,472,2025-01-18,Absent,0.0,0.0
9497,472,2025-03-08,Present,8.3,0.0
9498,472,2025-05-04,Leave,0.0,0.0
9499,472,20/04/2025,Present,8.6,0.0
9500,472,2025-04-01,Present,7.4,0.0
9501,472,2025-09-09,Absent,0.0,0.0
9502,472,2025-07-31,Present,7.9,0.0
9503,472,2025-06-02,Present,9.3,0.0
9504,472,08-03-2025,Late,5.8,3.3
9505,472,2025-02-23,Absent,0.0,0.0
9506,472,2025-02-09,Late,7.3,0.0
9507,472,2025-09-09,Present,9.4,0.0
9508,473,2025-09-07,Present,9.2,0.0
9509,473,07-22-2025,Late,5.5,0.0
9510,473,2025-06-02,Absent,0.0,0.0
9511,473,19-Sep-2025,Absent,0.0,0.0
9512,473,2025-07-25,Late,7.4,0.0
9513,473,2025-06-16,Present,9.0,0.0
9514,473,2025-09-25,Present,9.1,0.0
9515,473,2025-10-10,Present,7.0,0.0
9516,473,2025-03-13,Absent,0.0,0.0
9517,473,2025-03-29,Present,9.4,0.0
9518,473,2025-10-04,Late,6.8,0.0
9519,473,2025-06-11,Present,8.9,0.0
9520,473,2025-07-19,Present,7.2,0.0
9521,473,2025-09-27,Present,7.6,0.0
9522,473,2025-09-14,Present,9.4,0.0
9523,473,2025-09-30,Present,8.3,0.0
9524,473,2025-01-19,Absent,0.0,0.0
9525,473,2025-01-23,Absent,0.0,0.0
9526,473,2025-12-09,Absent,0.0,0.0
9527,473,2025-12-12,Absent,0.0,0.0
9528,473,11-12-2025,Present,8.0,0.0
9529,473,2025-08-24,Absent,0.0,0.0
9530,473,2025-03-27,Absent,0.0,0.0
9531,473,2025-03-23,Present,9.1,0.0
9532,473,2025-08-10,Present,7.2,0.0
9533,473,05-31-2025,Absent,0.0,0.0
9534,473,2025-08-15,Present,8.0,0.0
9535,473,2025-10-07,Late,5.6,0.0
9536,473,2025-10-05,Present,7.9,0.0
9537,474,2025-04-06,Present,,0.0
9538,474,13-Jul-2025,Present,7.5,0.0
9539,474,2025-03-18,ABSENT,0.0,0.0
9540,474,09-05-2025,Present,7.4,0.0
9541,474,2025-05-18,Present,8.6,3.7
9542,474,2025-01-04,Present,8.3,0.0
9543,474,2025-04-27,Present,7.7,0.0
9544,474,21/11/2025,Present,7.4,0.0
9545,474,2025-11-22,Present,9.1,0.0
9546,474,2025-06-25,Present,9.4,0.0
9547,474,29/11/2025,Absent,0.0,0.0
9548,474,2025-08-20,Present,7.9,0.0
9549,474,2025-01-19,Absent,0.0,0.0
9550,474,2025-06-19,Late,5.4,
9551,474,2025-12-28,Present,8.5,
9552,474,2025-03-06,Present,8.9,0.0
9553,474,2025-11-22,Present,8.1,2.7
9554,474,2025-10-09,Present,8.8,0.0
9555,474,2025-08-18,Present,9.4,1.1
9556,474,2025-12-30,Late,7.5,0.0
9557,474,2025-03-20,Present,8.0,
9558,474,2025-07-30,Present,8.8,0.0
9559,474,2025-12-25,Present,8.4,0.0
9560,474,2025-08-19,Present,8.2,0.0
9561,474,2025-11-29,Absent,0.0,0.0
9562,474,2025-02-23,Absent,0.0,0.0
9563,474,2025-09-02,Present,8.7,0.0
9564,475,2025-02-05,Present,8.0,0.0
9565,475,2025-11-23,Present,7.3,0.0
9566,475,2025-11-27,Present,8.2,
9567,475,2025-06-25,Present,8.3,1.2
9568,475,2025-05-23,Present,,0.0
9569,475,2025-05-16,Present,7.6,0.0
9570,475,2025-04-27,Late,5.7,0.0
9571,475,2025-11-16,PRESENT,7.4,0.0
9572,475,2025-03-25,Leave,0.0,0.0
9573,475,05/11/2025,Present,8.3,0.0
9574,475,2025-12-20,Present,7.8,2.2
9575,475,08-05-2025,Present,7.6,0.0
9576,475,2025-11-11,late,4.7,0.0
9577,475,2025-10-31,Present,8.9,0.0
9578,476,2025-03-23,Present,8.6,1.7
9579,476,07-31-2025,ABSENT,0.0,0.0
9580,476,2025-10-12,Present,7.1,0.0
9581,476,2025-02-13,Absent,0.0,0.0
9582,476,2025-01-25,Late,7.1,0.0
9583,476,2025-10-22,Present,7.4,0.0
9584,476,2025-05-04,Present,9.3,0.0
9585,476,16/02/2025,Present,8.2,0.0
9586,476,2025-10-06,Late,5.5,0.0
9587,476,2025-10-09,Present,8.9,0.0
9588,476,2025-10-08,Present,9.2,1.8
9589,476,2025-10-04,Present,8.0,
9590,476,2025-07-07,Present,8.1,0.0
9591,476,2025-05-24,Present,9.3,0.0
9592,476,2025-07-26,Present,8.7,1.4
9593,476,2025-12-02,Present,7.5,0.0
9594,476,2025-08-24,Absent,0.0,0.0
9595,476,2025-06-13,Present,7.6,0.0
9596,476,2025-08-09,Present,,0.0
9597,477,2025-12-23,Present,7.6,0.0
9598,477,01/06/2025,Present,8.6,0.0
9599,477,2025-10-18,present,7.3,0.0
9600,477,2025-07-08,Absent,0.0,0.0
9601,477,2025-06-25,Present,8.0,0.0
9602,477,2025-12-19,Present,,1.5
9603,477,2025-12-30,Present,7.2,0.0
9604,477,2025-06-03,Present,7.2,0.0
9605,477,2025-05-27,Present,7.3,0.0
9606,477,2025-11-16,Present,9.1,0.0
9607,477,10-Jun-2025,Absent,,0.0
9608,477,2025-12-06,Present,8.6,0.7
9609,477,01/02/2025,Present,8.0,0.0
9610,477,2025-09-29,Present,7.7,0.0
9611,477,2025-02-08,Present,8.4,0.0
9612,477,04/02/2025,Present,8.3,0.0
9613,477,2025-02-17,Present,8.2,0.0
9614,477,2025-09-09,Present,7.8,0.0
9615,477,2025-03-18,Absent,0.0,0.0
9616,477,2025-04-15,Absent,0.0,0.0
9617,477,2025-12-07,Absent,0.0,0.0
9618,477,19-Nov-2025,Present,7.3,0.0
9619,478,2025-05-15,Present,8.9,3.6
9620,478,08-Oct-2025,Absent,0.0,0.0
9621,478,2025-01-30,Late,7.3,0.0
9622,478,2025-12-16,PRESENT,,0.0
9623,478,16/02/2025,Present,8.8,
9624,478,2025-05-26,Present,8.8,
9625,478,2025-12-26,Absent,0.0,0.0
9626,478,2025-04-13,Present,9.4,0.0
9627,478,2025-05-29,PRESENT,7.6,0.0
9628,478,12-Jan-2025,Present,8.9,0.7
9629,478,2025-02-15,Present,8.6,0.0
9630,478,2025-07-05,Present,7.9,0.0
9631,478,2025-07-01,Present,8.9,0.0
9632,478,18-Oct-2025,Absent,0.0,0.0
9633,478,2025-01-14,Present,9.2,0.0
9634,478,2025-11-08,Present,7.9,2.3
9635,478,2025-12-02,Late,4.9,0.0
9636,478,2025-06-04,Present,8.0,1.8
9637,478,2025-11-01,Absent,0.0,0.0
9638,478,2025-02-28,Late,5.0,0.0
9639,478,2025-04-30,Leave,0.0,0.0
9640,478,2025-09-15,PRESENT,9.2,0.0
9641,478,04-14-2025,Late,4.9,0.0
9642,478,2025-11-16,Present,8.6,0.0
9643,478,2025-08-25,Present,9.2,0.0
9644,478,2025-04-06,Present,9.3,0.0
9645,478,2025-03-07,Absent,0.0,0.0
9646,478,2025-03-01,Absent,0.0,0.0
9647,478,2025-03-26,Present,9.0,0.0
9648,478,2025-12-29,Late,5.0,3.4
9649,478,2025-04-25,absent,0.0,0.0
9650,478,2025-05-29,Present,7.7,0.0
9651,479,18-Jan-2025,Late,7.3,0.0
9652,479,2025-11-05,Absent,0.0,0.0
9653,479,2025-10-07,Present,8.8,0.0
9654,479,2025-10-24,Present,9.0,0.0
9655,479,04-Jul-2025,Late,4.8,
9656,479,10-21-2025,Late,7.0,0.0
9657,479,2025-10-30,Absent,0.0,0.0
9658,479,2025-03-20,Absent,0.0,0.0
9659,479,22-Apr-2025,Leave,0.0,0.0
9660,479,2025-07-20,Present,9.2,0.0
9661,479,2025-12-23,Present,7.1,0.0
9662,479,2025-03-19,Present,9.3,0.0
9663,479,2025-11-17,Present,7.1,2.7
9664,479,03/06/2025,Present,8.7,0.0
9665,479,2025-12-23,present,7.3,0.0
9666,479,2025-02-13,Absent,0.0,
9667,480,2025-12-02,Present,7.1,0.0
9668,480,2025-10-16,Late,6.9,1.8
9669,480,2025-09-17,Present,7.3,0.0
9670,480,2025-01-19,Present,8.9,0.0
9671,480,27-Feb-2025,present,9.1,0.0
9672,480,2025-03-23,Absent,0.0,0.0
9673,480,2025-05-08,Present,8.5,0.0
9674,480,2025-10-31,Present,7.4,0.6
9675,480,2025-09-10,Late,6.6,0.0
9676,480,01-Sep-2025,Present,8.4,0.0
9677,480,2025-09-11,Present,8.6,0.0
9678,480,2025-03-20,Present,9.0,0.0
9679,480,2025-08-24,Present,8.1,0.9
9680,480,2025-07-13,Present,9.3,0.0
9681,480,21-Jul-2025,Absent,0.0,0.0
9682,480,2025-04-11,Present,8.4,0.0
9683,480,2025-09-15,Present,8.5,3.8
9684,480,2025-12-10,Present,9.3,
9685,480,2025-06-11,Present,8.4,0.0
9686,480,2025-08-14,Present,7.7,0.0
9687,480,2025-04-07,Present,9.5,0.0
9688,480,07-14-2025,Present,8.7,0.0
9689,480,2025-08-06,Present,8.0,0.0
9690,481,2025-01-07,Present,8.4,0.0
9691,481,2025-07-26,Present,8.0,0.0
9692,481,2025-07-23,Present,9.2,0.0
9693,481,2025-03-12,Present,8.2,0.0
9694,481,2025-12-20,Present,9.1,3.4
9695,481,25-Feb-2025,Present,9.1,0.0
9696,481,2025-01-05,Present,8.8,0.0
9697,481,03/02/2025,Present,9.1,1.9
9698,481,2025-08-04,Late,4.8,0.0
9699,481,2025-06-02,Leave,0.0,0.0
9700,481,2025-01-16,Present,9.1,0.0
9701,481,01-Oct-2025,Present,8.2,
9702,481,2025-12-23,Present,7.3,0.0
9703,481,2025-04-09,Present,7.3,0.0
9704,481,2025-05-05,Present,7.4,0.0
9705,481,2025-01-03,Present,8.9,0.0
9706,481,2025-03-14,Present,8.8,0.0
9707,481,2025-10-05,Present,7.5,3.5
9708,481,2025-07-11,Present,7.7,0.0
9709,481,21-May-2025,Present,9.0,0.0
9710,481,2025-02-27,Leave,0.0,0.0
9711,481,2025-02-28,Present,8.2,0.0
9712,481,2025-01-13,Present,8.8,0.0
9713,481,2025-09-23,Present,8.0,0.0
9714,482,05-01-2025,Present,7.9,0.0
9715,482,2025-04-16,Present,9.1,0.0
9716,482,2025-07-22,Present,7.1,0.0
9717,482,09/04/2025,Absent,0.0,0.0
9718,482,05-04-2025,present,9.4,2.8
9719,482,12-22-2025,Absent,0.0,0.0
9720,482,2025-05-11,Present,8.1,0.0
9721,482,31-Jul-2025,Present,8.6,0.0
9722,482,22-Sep-2025,Present,7.3,0.0
9723,482,2025-12-31,Absent,0.0,0.0
9724,482,2025-07-21,ABSENT,0.0,0.0
9725,482,2025-02-15,Absent,0.0,0.0
9726,482,2025-07-24,Absent,0.0,0.0
9727,482,2025-08-23,Late,6.0,0.0
9728,482,2025-10-22,Present,9.5,0.0
9729,482,2025-03-04,Absent,0.0,0.0
9730,482,2025-09-20,Late,5.2,0.0
9731,482,2025-02-26,Present,8.8,
9732,482,2025-02-10,Leave,0.0,0.0
9733,482,2025-04-02,Present,8.1,
9734,483,2025-12-31,Late,6.5,0.0
9735,483,2025-02-05,Absent,0.0,0.0
9736,483,03/10/2025,Present,7.5,
9737,483,2025-07-17,Present,9.5,0.0
9738,483,2025-07-12,absent,0.0,0.0
9739,483,2025-09-22,Present,7.5,0.0
9740,483,12-Jan-2025,Present,8.6,0.0
9741,483,2025-12-30,Present,8.4,0.0
9742,483,2025-06-29,Present,8.4,0.0
9743,483,2025-07-23,Present,8.5,0.0
9744,483,2025-09-17,present,8.3,0.0
9745,483,2025-04-29,Present,,3.7
9746,483,2025-05-17,Present,9.1,0.0
9747,483,12-13-2025,Leave,0.0,0.0
9748,483,2025-12-18,Present,7.4,0.0
9749,483,18/10/2025,Present,8.0,0.0
9750,483,2025-08-06,Absent,0.0,0.0
9751,483,2025-04-29,present,8.9,0.0
9752,483,2025-02-17,Present,9.5,0.0
9753,483,2025-03-12,Absent,0.0,0.0
9754,483,18-Mar-2025,Present,9.4,0.0
9755,483,2025-07-12,Present,9.2,0.0
9756,483,2025-05-17,Present,7.4,0.0
9757,483,2025-11-30,Present,9.3,0.0
9758,483,2025-08-16,Present,9.2,0.0
9759,483,19-Jul-2025,Present,7.9,0.0
9760,483,2025-07-08,Present,8.0,0.0
9761,484,2025-10-25,Present,8.1,0.0
9762,484,2025-08-19,Absent,0.0,0.0
9763,484,2025-10-27,Late,6.5,1.4
9764,484,06/11/2025,Present,7.1,0.0
9765,484,2025-07-04,Absent,0.0,0.0
9766,484,2025-02-28,Absent,0.0,0.0
9767,484,2025-07-30,Present,7.4,0.0
9768,484,2025-01-10,Leave,0.0,0.0
9769,484,2025-09-28,Present,8.1,0.0
9770,484,2025-04-07,Present,7.7,0.0
9771,485,2025-08-26,Absent,0.0,0.0
9772,485,2025-12-20,Present,8.9,0.0
9773,485,2025-10-20,Present,7.3,0.0
9774,485,2025-06-21,Present,9.3,
9775,485,2025-04-03,Present,9.3,0.0
9776,485,2025-05-26,Present,8.8,0.0
9777,485,2025-10-22,Present,7.3,2.0
9778,485,2025-02-13,Present,7.3,0.0
9779,485,2025-09-01,Present,9.5,0.0
9780,485,2025-07-01,Present,7.8,2.5
9781,485,25/06/2025,Late,6.8,3.7
9782,485,2025-01-07,absent,0.0,0.0
9783,485,2025-02-04,Present,8.9,0.0
9784,485,2025-05-19,Present,8.7,0.0
9785,485,2025-05-26,Present,8.2,0.0
9786,485,05/04/2025,Late,6.3,0.0
9787,486,07-29-2025,Present,7.2,0.0
9788,486,2025-03-25,Absent,0.0,0.0
9789,486,09-21-2025,Present,9.2,0.0
9790,486,2025-12-18,present,8.4,0.0
9791,486,2025-01-28,Absent,0.0,0.0
9792,486,2025-01-07,Absent,0.0,0.0
9793,486,2025-02-22,Absent,0.0,0.0
9794,486,2025-12-31,Present,7.1,0.0
9795,486,22/06/2025,Absent,0.0,0.0
9796,486,2025-02-08,Present,9.3,0.0
9797,486,2025-05-19,Present,8.2,0.0
9798,486,2025-10-17,Absent,0.0,0.0
9799,486,25-May-2025,absent,0.0,0.0
9800,486,2025-05-28,Absent,0.0,0.0
9801,486,2025-12-28,Present,9.2,0.0
9802,486,2025-05-06,Absent,0.0,0.0
9803,486,2025-06-29,Present,9.1,0.0
9804,486,2025-10-05,Absent,0.0,0.0
9805,486,2025-04-20,Late,6.9,0.0
9806,486,2025-08-30,Present,7.2,0.0
9807,486,2025-12-04,Late,5.2,0.0
9808,486,2025-03-05,Present,9.2,3.6
9809,486,2025-03-12,Absent,0.0,0.0
9810,487,2025-06-16,Absent,0.0,0.0
9811,487,2025-11-23,Absent,0.0,0.0
9812,487,2025-12-31,Late,5.9,0.0
9813,487,2025-06-24,Late,5.8,1.1
9814,487,2025-02-03,Present,9.4,0.0
9815,487,28/08/2025,Present,7.5,0.0
9816,487,2025-09-25,Present,7.5,0.0
9817,487,2025-01-02,Late,6.5,0.0
9818,487,2025-03-01,Present,7.6,3.8
9819,487,2025-06-03,Present,7.0,0.0
9820,487,2025-07-15,Present,7.0,2.3
9821,487,2025-02-22,Present,8.2,0.0
9822,487,2025-05-04,Absent,0.0,0.0
9823,487,2025-10-23,Absent,0.0,0.0
9824,487,2025-06-05,Absent,0.0,0.0
9825,487,2025-06-04,Present,7.4,0.0
9826,487,2025-12-10,Late,6.0,0.0
9827,487,2025-11-30,Present,8.0,0.0
9828,487,2025-04-05,Absent,0.0,0.0
9829,488,2025-12-09,Present,9.2,0.0
9830,488,12/12/2025,Present,7.0,0.0
9831,488,23-Aug-2025,Absent,0.0,0.0
9832,488,2025-08-29,Present,9.4,0.0
9833,488,20/11/2025,ABSENT,0.0,0.0
9834,488,05-05-2025,Late,6.4,0.0
9835,488,2025-03-22,Absent,0.0,0.0
9836,488,2025-11-29,Present,7.4,0.0
9837,488,2025-01-16,Present,7.1,0.0
9838,488,2025-03-26, Present,8.3,0.0
9839,488,2025-10-27,Absent,0.0,0.0
9840,488,2025-07-29,present,7.6,0.0
9841,488,2025-01-10,Absent,0.0,0.0
9842,488,2025-08-09,Present,7.8,0.0
9843,488,2025-04-15,Present,7.6,0.0
9844,488,10-20-2025,Present,8.6,0.0
9845,488,2025-02-02,Present,8.4,0.0
9846,488,2025-12-09,Present,7.2,0.0
9847,488,01/01/2025,Present,8.3,0.0
9848,488,30/08/2025,Absent,0.0,0.0
9849,488,2025-10-31,Present,9.0,0.8
9850,488,2025-01-24,Present,9.2,0.0
9851,488,2025-02-01,Present,8.4,0.0
9852,488,2025-08-02,Present,9.4,0.0
9853,488,2025-08-11,Present,7.4,0.0
9854,489,26/04/2025,Present,9.5,0.0
9855,489,12-28-2025,Late,6.4,0.0
9856,489,2025-09-21,Present,8.4,0.0
9857,489,2025-11-01,Present,8.3,0.0
9858,489,2025-08-11,Present,7.1,0.0
9859,489,2025-08-14,Present,9.3,0.0
9860,489,2025-04-01,Present,8.6,0.0
9861,489,2025-09-01,Present,7.2,0.0
9862,490,2025-05-18,Present,7.1,0.0
9863,490,2025-08-15,Absent,0.0,0.0
9864,490,2025-08-30,Absent,0.0,0.0
9865,490,2025-12-13,Absent,0.0,0.0
9866,490,2025-11-03,Absent,0.0,0.0
9867,490,2025-09-15,Absent,0.0,0.0
9868,490,2025-10-28,Absent,0.0,0.0
9869,490,02/09/2025,Absent,0.0,0.0
9870,490,2025-01-02,Present,7.1,0.0
9871,490,2025-04-10,absent,0.0,0.0
9872,490,2025-03-09,Present,8.5,2.6
9873,490,2025-08-12,Present,8.2,0.0
9874,490,2025-04-26,absent,0.0,
9875,490,2025-03-06,Present,7.8,0.0
9876,490,2025-05-11,Absent,0.0,0.0
9877,490,2025-07-10,Present,8.3,0.0
9878,490,06/01/2025,Absent,0.0,0.0
9879,490,2025-01-17,Present,8.3,0.0
9880,490,2025-05-13,Present,7.0,1.5
9881,490,2025-07-15,absent,0.0,0.0
9882,490,2025-02-14,Absent,0.0,0.0
9883,490,2025-06-25,absent,0.0,0.0
9884,490,2025-03-18,Absent,0.0,0.0
9885,490,24/07/2025,Present,7.1,0.0
9886,490,2025-03-06,Absent,0.0,0.0
9887,490,2025-10-13,ABSENT,0.0,0.0
9888,490,2025-11-21,Absent,0.0,0.0
9889,490,2025-01-13,Absent,0.0,0.0
9890,490,2025-07-03,Present,9.3,0.0
9891,490,2025-07-24,Leave,0.0,0.0
9892,490,07-28-2025,Absent,0.0,0.0
9893,491,2025-04-17,Absent,0.0,0.0
9894,491,2025-09-10,Absent,0.0,0.0
9895,491,2025-04-22,Present,8.8,4.0
9896,491,2025-09-30,Present,7.8,0.0
9897,491,2025-03-23,Late,,0.0
9898,491,2025-04-29,Absent,0.0,
9899,491,2025-04-23,absent,0.0,0.0
9900,491,01/04/2025,Absent,0.0,0.0
9901,491,2025-10-24,Absent,0.0,0.0
9902,491,19-Jan-2025,Absent,0.0,0.0
9903,491,28/04/2025,Absent,0.0,0.0
9904,491,2025-12-24,Absent,0.0,0.0
9905,491,2025-01-28,Absent,0.0,0.0
9906,491,2025-12-21,Absent,0.0,0.0
9907,491,2025-03-14,Absent,0.0,0.0
9908,491,2025-05-09,present,8.5,2.1
9909,492,2025-08-17,Absent,0.0,0.0
9910,492,2025-04-12,Absent,0.0,0.0
9911,492,2025-04-11,present,7.6,0.0
9912,492,10-03-2025,Present,8.8,0.0
9913,492,2025-10-01,Absent,0.0,0.0
9914,492,2025-07-24,Present,9.3,0.0
9915,492,2025-03-07,Late,5.2,0.0
9916,492,2025-10-08,Present,7.4,2.9
9917,492,2025-08-26,Absent,0.0,0.0
9918,492,21/02/2025,Present,9.4,0.0
9919,492,2025-11-25,Present,8.9,0.0
9920,492,2025-12-18,Present,7.7,0.0
9921,492,2025-08-04,Present,8.0,0.0
9922,492,01-09-2025,Present,8.0,0.0
9923,493,2025-07-17,Present,9.1,0.0
9924,493,2025-07-02,Present,8.9,0.0
9925,493,2025-12-20,Absent,0.0,0.0
9926,493,2025-07-08,Present,8.5,0.0
9927,493,2025-04-24,Present,7.7,0.0
9928,493,2025-08-11,Present,9.3,0.0
9929,493,2025-03-16,Present,8.6,0.0
9930,494,2025-11-28,Present,9.4,0.0
9931,494,2025-08-08,Leave,0.0,0.0
9932,494,2025-07-05,Present,8.5,0.0
9933,494,09/03/2025,LEAVE,0.0,
9934,494,10-12-2025,Absent,0.0,0.0
9935,494,2025-10-20,Absent,0.0,0.0
9936,494,2025-11-05,Late,7.0,0.0
9937,494,2025-08-28,Present,9.0,0.0
9938,494,2025-09-23,Present,7.8,
9939,494,11-Feb-2025,Present,9.4,0.6
9940,494,03-26-2025,Absent,0.0,0.0
9941,494,2025-09-19,Absent,,0.0
9942,494,2025-10-25,Present,8.9,0.0
9943,494,2025-06-26,Present,9.4,0.0
9944,494,2025-12-15,Present,7.8,2.8
9945,494,2025-06-19,Absent,0.0,0.0
9946,494,12-Aug-2025,Absent,0.0,0.0
9947,494,2025-11-29,Leave,0.0,0.0
9948,494,2025-11-23,Present,8.4,
9949,494,27/11/2025,Late,7.1,0.0
9950,494,2025-09-11,Absent,0.0,0.0
9951,494,2025-02-17,Present,8.5,0.0
9952,494,2025-10-23,Present,9.0,0.0
9953,494,2025-03-14,Present,7.8,0.0
9954,494,2025-11-12, Absent,0.0,
9955,494,2025-01-01,Absent,0.0,0.0
9956,494,2025-06-21,Absent,0.0,0.0
9957,494,2025-03-17,Present,7.6,0.0
9958,494,20/03/2025,Absent,0.0,0.0
9959,494,2025-06-30,Present,8.1,0.0
9960,494,2025-12-13,Late,6.5,0.0
9961,494,2025-12-13,Present,7.5,0.0
9962,494,2025-11-06,Absent,0.0,0.0
9963,495,2025-06-22,Present,8.7,0.0
9964,495,2025-04-13,Present,8.0,0.0
9965,495,2025-05-27,Late,6.9,0.0
9966,495,2025-12-06,Present,7.1,0.0
9967,495,2025-08-29,Absent,0.0,0.0
9968,495,2025-09-09,Absent,0.0,0.0
9969,495,2025-01-28,Absent,0.0,0.0
9970,495,16/02/2025,Absent,0.0,0.0
9971,495,2025-03-16,Present,8.7,0.0
9972,495,15-Apr-2025,Late,6.4,0.0
9973,495,2025-12-16, Present,9.4,0.0
9974,495,2025-07-19,Present,8.8,0.0
9975,496,2025-12-27,Present,9.0,0.0
9976,496,15/04/2025,Late,,0.0
9977,496,18-May-2025,Present,8.7,0.0
9978,496,2025-02-03,Present,7.7,0.0
9979,496,2025-02-19,Present,9.2,3.1
9980,496,2025-01-06,Leave,0.0,0.0
9981,496,2025-09-23,Present,8.1,0.0
9982,496,2025-01-12,Present,8.8,0.0
9983,496,2025-03-20,Present,9.2,0.0
9984,496,2025-08-18,Present,9.4,0.0
9985,496,20-Oct-2025,Present,9.4,0.0
9986,496,2025-08-29,Present,7.8,0.0
9987,496,2025-11-19,Present,8.1,0.9
9988,496,2025-08-09,present,7.6,0.0
9989,496,2025-11-12,Present,9.2,0.0
9990,496,2025-09-11,Absent,0.0,0.0
9991,496,2025-08-01,Late,5.6,0.0
9992,496,2025-12-29,Present,8.6,0.0
9993,496,10-14-2025,ABSENT,0.0,0.0
9994,496,27/05/2025,Present,8.7,0.0
9995,497,2025-05-07,Present,9.0,0.0
9996,497,22-Oct-2025,Present,7.5,0.0
9997,497,10-Sep-2025,Present,7.8,0.0
9998,497,2025-04-30,Present,8.1,0.0
9999,497,01-30-2025,Present,7.9,0.0
10000,497,2025-12-31,Present,9.5,0.0
10001,497,2025-10-21,Absent,0.0,0.0
10002,497,2025-06-19,Present,9.1,0.0
10003,497,2025-02-14,Present,8.2,0.0
10004,497,2025-06-05,Present,9.2,0.0
10005,497,2025-10-31,Present,7.9,0.0
10006,497,2025-09-15,Late,6.9,0.0
10007,497,2025-05-06,Present,7.6,0.0
10008,497,11-07-2025,Present,8.9,
10009,497,13/11/2025,Late,5.9,0.9
10010,497,22/03/2025,Present,7.7,1.9
10011,497,2025-05-03,Absent,0.0,
10012,497,2025-10-20,Present,8.9,0.0
10013,497,2025-07-19,Late,4.7,0.0
10014,497,2025-11-24,Absent,0.0,0.0
10015,497,2025-04-24,Leave,0.0,0.0
10016,497,29-Apr-2025,Present,8.6,0.0
10017,497,2025-11-01,Present,8.8,0.0
10018,497,2025-04-06,Present,8.6,0.0
10019,497,2025-07-19,Absent,0.0,0.0
10020,497,01-May-2025,PRESENT,8.9,1.1
10021,497,24-Sep-2025,Present,8.5,0.0
10022,497,2025-06-08,Present,9.4,0.0
10023,497,2025-08-07,Absent,0.0,0.0
10024,497,2025-06-03,Present,8.5,2.6
10025,498,2025-09-02,Present,8.8,0.0
10026,498,2025-08-24,Present,7.8,0.0
10027,498,04/03/2025,present,8.8,0.0
10028,498,2025-08-07,Late,7.2,0.0
10029,498,2025-06-23,Absent,0.0,0.0
10030,498,2025-05-02,Present,7.0,0.0
10031,498,27-Jul-2025,Present,9.2,0.0
10032,498,2025-10-10,Present,7.5,0.0
10033,498,31-Dec-2025,Present,8.1,3.5
10034,498,2025-10-16,Present,9.1,3.6
10035,498,2025-06-04,Late,7.3,0.0
10036,499,24-Apr-2025,Absent,0.0,0.0
10037,499,2025-07-10,Absent,0.0,0.0
10038,499,2025-10-06,Late,5.8,0.0
10039,499,2025-07-25,Absent,0.0,0.0
10040,499,2025-04-25,Present,8.6,0.0
10041,499,01-01-2025,Present,8.0,1.7
10042,499,2025-10-28,Absent,0.0,0.0
10043,499,2025-09-04,Absent,0.0,
10044,499,2025-09-23,Absent,0.0,0.0
10045,499,2025-01-16,Absent,0.0,0.0
10046,499,2025-05-31,present,8.1,0.0
10047,499,2025-02-18,Present,8.9,2.3
10048,499,2025-07-11, Present,9.0,0.0
10049,499,2025-12-01, Present,8.9,0.0
10050,499,2025-11-08,PRESENT,7.1,0.0
10051,499,2025-04-08,Present,8.6,0.0
10052,499,2025-07-11,Absent,0.0,0.0
10053,499,2025-07-02,Absent,0.0,0.0
10054,499,2025-10-22,Absent,0.0,0.0
10055,499,2025-10-31, Absent,0.0,0.0
10056,499,2025-10-23,Late,5.8,0.0
10057,499,2025-09-14,Late,5.9,0.0
10058,499,2025-02-09,Present,9.0,0.0
10059,499,2025-11-25,Absent,0.0,0.0
10060,499,03-17-2025,Present,8.4,0.0
10061,499,2025-03-25,Present,9.2,0.0
10062,499,2025-10-13,Present,8.8,0.0
10063,499,2025-07-07,Absent,0.0,0.0
10064,499,2025-12-26,Absent,0.0,0.0
10065,499,2025-08-05,Absent,0.0,0.0
10066,499,2025-10-30, Absent,0.0,0.0
10067,499,2025-03-13,Absent,0.0,0.0
10068,499,2025-04-10,Absent,0.0,0.0
10069,499,2025-06-30,Absent,0.0,0.0
10070,499,2025-03-11,Absent,0.0,0.0
10071,500,2025-05-16,Absent,0.0,0.0
10072,500,2025-01-27,Present,8.4,0.0
10073,500,2025-09-02,Present,8.9,0.6
10074,500,30/08/2025,Present,7.1,0.0
10075,500,2025-06-28,Late,4.8,0.0
10076,500,2025-05-11,Present,8.1,0.0
10077,500,2025-02-24,Absent,0.0,0.0
10078,500,2025-04-03,Present,7.6,0.0
10079,500,2025-03-09,Present,9.5,0.0
10080,500,2025-01-31,Present,8.4,0.0
10081,500,2025-07-09,Present,8.7,0.0
10082,500,09/09/2025,Present,7.7,0.0
10083,500,2025-03-02,Present,7.8,1.7
10084,500,2025-11-26,Absent,0.0,0.0
10085,500,11/02/2025,Present,8.7,0.0
10086,500,09-Mar-2025,present,8.2,0.0
10087,500,2025-04-28,Present,8.3,0.0
10088,500,08-Nov-2025,Present,8.5,0.0
10089,500,2025-04-04,Absent,0.0,0.0
10090,501,10-26-2025,Present,8.9,0.0
10091,501,2025-09-11,Present,7.2,0.0
10092,501,2025-01-31,Present,8.9,0.0
10093,501,2025-02-28,Present,8.4,0.0
10094,501,2025-06-24,Present,8.7,0.0
10095,501,2025-12-19,Present,7.8,0.0
10096,501,2025-02-23,Present,8.0,0.0
10097,501,2025-12-27,Present,7.6,3.9
10098,501,2025-07-27,Present,8.2,4.0
10099,501,2025-05-28,Present,8.2,0.0
10100,502,2025-02-15,LATE,5.2,0.0
10101,502,2025-04-22,Present,8.3,0.6
10102,502,2025-03-04,Present,9.3,0.0
10103,502,2025-02-22,Present,9.0,0.0
10104,502,2025-01-07,Present,8.8,0.0
10105,502,2025-07-28,Present,8.5,
10106,502,2025-12-26,Late,6.2,0.0
10107,502,2025-02-22,Present,9.5,0.0
10108,502,2025-10-10,Present,7.7,0.0
10109,502,2025-10-16,present,8.9,0.0
10110,502,2025-06-30,Absent,0.0,0.0
10111,502,2025-07-26,Absent,0.0,0.0
10112,502,2025-12-15,Present,8.5,0.0
10113,502,2025-09-14,Absent,0.0,0.0
10114,502,2025-03-09,Present,9.4,0.0
10115,502,2025-06-24,Present,9.1,0.0
10116,502,04-23-2025,PRESENT,9.5,0.0
10117,502,2025-06-28,Present,8.5,1.2
10118,502,13/05/2025,Leave,0.0,0.0
10119,502,2025-05-21,Late,6.0,3.0
10120,502,2025-11-13,Present,8.9,0.0
10121,502,2025-07-03,Present,7.0,0.0
10122,502,2025-11-30,Present,8.3,0.0
10123,502,2025-06-11,Present,7.6,0.0
10124,502,18/11/2025,Present,9.2,0.0
10125,502,2025-07-19,Present,7.4,0.0
10126,502,2025-06-26,Present,8.7,1.4
10127,502,2025-05-27,Present,7.9,0.0
10128,502,2025-11-19,Present,9.4,0.0
10129,503,2025-05-31,Present,7.6,
10130,503,2025-09-23,Present,7.2,0.0
10131,503,2025-03-10,Present,7.2,0.0
10132,503,2025-07-18,Late,6.0,0.0
10133,503,2025-07-18,Absent,0.0,0.0
10134,503,2025-07-19,Present,8.6,0.0
10135,503,2025-10-04,Present,7.8,2.9
10136,503,2025-04-08,Present,7.2,0.0
10137,503,2025-05-19,Present,9.1,0.0
10138,503,2025-10-08,Present,9.0,0.0
10139,503,2025-12-12,Present,9.5,0.0
10140,503,05/03/2025,Present,9.3,0.0
10141,503,2025-09-12,Present,7.9,0.0
10142,503,2025-06-01,Absent,0.0,0.0
10143,503,02-Feb-2025,Present,8.0,0.0
10144,503,12-Sep-2025,Present,8.9,0.0
10145,503,17/03/2025,PRESENT,7.3,0.0
10146,503,2025-04-14,Present,7.8,0.0
10147,503,2025-07-19,PRESENT,7.3,2.1
10148,503,2025-06-14,Present,8.4,0.0
10149,503,11-14-2025,Present,7.5,0.0
10150,503,2025-02-02,Present,7.1,3.0
10151,503,2025-01-29,PRESENT,7.1,0.0
10152,503,2025-11-17,Present,9.4,0.0
10153,503,2025-04-27,Present,7.6,0.0
10154,503,07-Apr-2025,Present,8.7,0.0
10155,503,2025-07-10,Present,8.1,0.7
10156,503,2025-11-10,Present,8.2,0.0
10157,503,2025-05-28,Present,8.3,0.0
10158,503,06/03/2025,Present,9.1,0.0
10159,504,2025-01-04,Present,,0.0
10160,504,2025-10-24,Present,7.2,
10161,504,2025-04-26,Present,7.5,0.0
10162,504,2025-05-22,Present,7.8,0.0
10163,504,08/02/2025,Present,7.3,2.1
10164,504,2025-10-03,Present,,0.0
10165,504,2025-04-24,Present,8.3,0.0
10166,504,11-Apr-2025,Present,8.9,0.0
10167,505,04-Sep-2025,Present,8.7,0.0
10168,505,19-Dec-2025,Present,9.1,1.3
10169,505,2025-03-18,Absent,0.0,0.0
10170,505,2025-02-28,Present,8.9,0.0
10171,505,2025-04-27,Absent,0.0,0.0
10172,505,2025-09-09,Present,9.2,0.0
10173,505,2025-12-15,Present,7.4,0.0
10174,505,2025-09-15,absent,0.0,0.0
10175,505,2025-01-08,Present,7.9,0.0
10176,505,2025-10-18,Present,9.4,0.0
10177,505,2025-03-25,PRESENT,9.0,0.0
10178,505,2025-08-26,Present,7.7,0.0
10179,505,2025-08-11,Present,8.4,0.0
10180,505,2025-07-05,Present,8.0,0.0
10181,505,2025-05-25,Present,8.2,0.0
10182,505,2025-03-07,Present,7.9,0.0
10183,505,2025-06-03,PRESENT,7.7,0.0
10184,505,2025-03-15,Absent,0.0,0.0
10185,506,2025-09-10,Present,8.7,3.2
10186,506,2025-06-09,Present,,0.0
10187,506,2025-11-24,Present,7.4,0.0
10188,506,2025-02-04,Present,9.1,0.0
10189,506,2025-12-14,Present,7.6,0.0
10190,506,2025-01-13,Present,8.1,0.0
10191,506,2025-05-09,Present,,0.0
10192,506,2025-09-27,Late,5.9,0.0
10193,506,2025-03-23,Absent,0.0,0.0
10194,506,2025-05-15,Present,7.5,0.0
10195,506,07-14-2025,Present,7.4,0.0
10196,506,2025-09-30,Absent,0.0,0.0
10197,506,2025-10-07,Present,8.2,0.0
10198,506,2025-12-28,Present,8.9,0.0
10199,506,2025-02-10,Present,9.5,3.3
10200,506,2025-11-17,Present,9.2,0.0
10201,506,2025-12-17, Present,8.9,0.0
10202,506,2025-07-19,Present,9.2,0.0
10203,506,2025-02-22,Present,7.2,0.0
10204,506,11/03/2025,Present,9.3,1.9
10205,506,2025-12-02,Absent,0.0,0.0
10206,506,2025-06-01,Present,9.3,0.0
10207,507,2025-05-12,Present,7.2,0.0
10208,507,02/01/2025,Present,8.8,3.1
10209,507,18/07/2025,ABSENT,0.0,0.0
10210,507,2025-05-27,Late,7.5,0.0
10211,507,2025-11-02,Late,6.8,0.0
10212,507,2025-12-29,Present,8.0,0.0
10213,507,2025-04-15,Absent,0.0,0.0
10214,507,11-01-2025,Present,8.4,0.0
10215,507,2025-02-19,Present,7.9,0.0
10216,507,2025-07-05,Absent,0.0,0.0
10217,507,2025-05-05,Present,7.5,0.0
10218,507,19/08/2025,Absent,0.0,0.0
10219,507,2025-08-10,Present,7.6,0.0
10220,507,2025-02-17,Absent,0.0,0.0
10221,507,24/01/2025,Present,7.6,0.0
10222,507,2025-06-04,Absent,0.0,0.0
10223,507,2025-06-04,Present,8.4,0.0
10224,507,31/12/2025,Present,9.3,0.0
10225,507,2025-10-10,Present,9.3,0.0
10226,507,2025-09-29,present,7.1,0.8
10227,507,09-01-2025,Present,7.6,1.4
10228,507,30/12/2025,Present,7.2,0.0
10229,507,2025-03-08,Absent,0.0,0.0
10230,507,21-Oct-2025, Present,,0.0
10231,507,11-May-2025,Absent,0.0,0.0
10232,508,2025-08-12,Present,8.5,
10233,508,2025-03-07,Present,8.4,0.0
10234,508,2025-01-24,Present,8.4,0.0
10235,508,2025-03-02,Present,7.8,0.0
10236,508,2025-11-05,Present,8.8,0.0
10237,508,2025-08-13,Absent,0.0,0.0
10238,508,2025-08-19,Present,9.1,1.7
10239,508,2025-06-09,Present,7.2,0.0
10240,508,2025-09-26,Present,7.7,0.0
10241,508,2025-08-26,Present,7.3,0.0
10242,508,2025-09-12,Present,8.2,0.0
10243,508,2025-04-24,Present,7.4,0.0
10244,508,2025-06-30,Present,8.2,1.3
10245,508,2025-08-19,Present,8.8,0.0
10246,508,2025-03-24,Present,7.1,0.0
10247,508,2025-03-21,Late,6.2,0.0
10248,508,2025-12-18,Present,7.4,0.5
10249,508,2025-10-25,Present,9.2,0.0
10250,508,2025-09-15,Present,8.7,0.0
10251,508,2025-03-26,Present,7.2,0.0
10252,508,2025-08-14,Leave,0.0,0.0
10253,508,2025-05-14,Present,8.7,0.0
10254,508,2025-04-16,Present,8.5,2.2
10255,509,2025-06-03,Present,8.0,0.0
10256,509,2025-10-28,present,9.2,0.0
10257,509,27-Mar-2025,Present,7.6,1.9
10258,509,25/07/2025,Present,7.8,0.0
10259,509,2025-01-17,present,8.9,0.0
10260,509,2025-04-29,Absent,0.0,0.0
10261,509,2025-04-14,Absent,0.0,0.0
10262,509,2025-05-16,Absent,0.0,0.0
10263,509,2025-06-24,Present,9.3,0.0
10264,509,2025-10-24,Present,,0.0
10265,509,2025-02-27,Present,9.0,0.0
10266,510,2025-08-10,Present,9.5,0.0
10267,510,14-May-2025,Absent,0.0,
10268,510,15/01/2025,Present,8.7,0.0
10269,510,2025-08-28,Present,8.9,3.9
10270,510,2025-12-29,Absent,0.0,0.0
10271,510,2025-10-14,Present,7.0,0.0
10272,510,12/07/2025,Late,6.4,0.0
10273,510,2025-02-18,Absent,0.0,0.0
10274,510,2025-07-30,Present,8.8,0.0
10275,510,2025-07-05,Present,9.3,0.0
10276,510,2025-11-17,Present,9.2,0.0
10277,510,13/05/2025,absent,0.0,0.0
10278,510,2025-11-15,Late,7.0,0.0
10279,510,2025-04-12,Present,9.4,0.0
10280,510,2025-07-29,Absent,0.0,0.0
10281,510,2025-12-19,Present,8.3,0.0
10282,510,01-Apr-2025,PRESENT,7.0,0.0
10283,510,24/09/2025,Present,,0.0
10284,510,18/10/2025,late,6.1,0.0
10285,510,2025-08-06,Absent,0.0,0.0
10286,510,2025-06-08,Absent,0.0,0.0
10287,510,05-12-2025,PRESENT,8.1,2.1
10288,510,2025-06-27,Late,5.7,0.0
10289,510,10-12-2025,Absent,0.0,0.0
10290,510,2025-10-08,Present,9.3,0.0
10291,510,2025-04-02,Present,7.9,0.0
10292,510,2025-03-08,Absent,0.0,0.0
10293,510,2025-11-08,Present,9.1,0.0
10294,510,2025-09-08,Present,9.3,
10295,510,2025-01-15,Absent,0.0,0.0
10296,510,2025-02-08,Absent,0.0,0.0
10297,510,2025-11-09,Absent,0.0,0.0
10298,510,2025-06-07,Present,8.1,3.2
10299,510,2025-05-25,Absent,0.0,0.0
10300,510,2025-04-12,Present,8.8,0.0
10301,510,2025-11-13,Absent,0.0,0.0
10302,511,2025-02-08,Absent,0.0,0.0
10303,511,2025-10-27,Present,7.8,0.9
10304,512,2025-09-26,Present,7.7,1.0
10305,512,2025-07-16,Present,7.7,0.0
10306,512,2025-05-09,Present,7.7,0.0
10307,512,2025-01-10,Present,,0.0
10308,512,2025-12-04,Present,9.4,0.0
10309,512,2025-06-25,Present,8.7,0.0
10310,512,2025-09-29,Present,9.3,3.2
10311,512,2025-08-21, Present,8.8,0.0
10312,512,2025-08-25,Present,8.0,0.0
10313,512,04-03-2025,Present,7.8,0.0
10314,512,2025-07-21,LATE,7.0,0.0
10315,512,2025-04-10,Present,9.3,0.0
10316,513,2025-04-25,Present,8.1,0.5
10317,513,2025-09-18,Present,9.0,0.0
10318,513,2025-08-13,Present,7.7,0.0
10319,513,2025-07-05,Present,7.0,0.0
10320,513,2025-12-07,Present,9.0,0.0
10321,513,2025-07-05,Present,8.3,0.0
10322,513,2025-04-11,Absent,0.0,
10323,513,2025-09-08,Present,8.7,3.7
10324,513,2025-12-15,Present,8.4,0.0
10325,513,2025-02-19,Present,8.3,
10326,513,2025-09-13,Late,5.4,
10327,513,2025-07-31,Absent,0.0,0.0
10328,513,2025-10-28,Present,7.8,0.0
10329,513,2025-09-18,Present,9.0,0.0
10330,513,2025-11-25,Present,8.1,0.0
10331,513,2025-02-02,Absent,0.0,0.0
10332,513,2025-09-26,Present,7.4,0.0
10333,513,13/04/2025,Present,7.2,0.0
10334,513,2025-09-03,Present,8.2,0.0
10335,513,2025-10-30,Present,8.2,0.0
10336,513,2025-12-23,Present,8.6,0.0
10337,513,2025-07-30,Present,8.2,0.0
10338,513,2025-01-27,Late,4.9,0.0
10339,514,2025-09-08,Present,8.3,0.0
10340,514,2025-08-06,Present,9.3,0.0
10341,514,2025-06-29,present,7.4,0.0
10342,514,2025-05-16,Present,8.7,0.0
10343,514,2025-12-02,Present,8.5,0.0
10344,514,13/05/2025,Present,8.9,0.0
10345,514,2025-08-15,Present,7.4,0.0
10346,514,11-18-2025,Present,9.4,
10347,514,2025-08-15,Present,8.6,0.0
10348,514,2025-11-28,Absent,0.0,0.0
10349,514,2025-11-23,Late,7.0,1.4
10350,514,2025-07-06,Present,8.8,0.0
10351,514,2025-11-04,Present,9.0,0.0
10352,514,2025-05-20,Present,8.0,0.0
10353,514,2025-11-09,Present,8.0,0.0
10354,515,2025-11-25,Present,8.6,0.0
10355,515,2025-01-14,Absent,0.0,0.0
10356,515,2025-06-28,Absent,0.0,0.0
10357,515,2025-01-17,Present,7.2,0.0
10358,515,2025-01-04,Absent,0.0,0.0
10359,515,2025-09-30,Absent,0.0,0.0
10360,515,2025-10-01,Absent,0.0,0.0
10361,515,2025-07-26,PRESENT,8.8,0.0
10362,515,2025-11-07,Absent,0.0,0.0
10363,515,07-28-2025,Present,7.1,0.0
10364,515,2025-09-26,Absent,0.0,0.0
10365,515,2025-05-22,Present,7.5,2.8
10366,515,2025-04-24,LATE,4.8,3.9
10367,515,2025-05-21,Absent,0.0,0.0
10368,515,2025-01-01,Present,9.2,0.0
10369,515,2025-04-01,Present,8.6,0.0
10370,515,2025-01-16,Absent,0.0,0.0
10371,516,2025-01-24,Present,9.0,0.0
10372,516,2025-07-28,Present,9.2,0.0
10373,516,2025-09-30,Present,7.6,0.0
10374,516,2025-04-16,Present,9.1,0.0
10375,516,2025-07-22,Present,7.5,0.0
10376,516,17/05/2025,PRESENT,8.0,0.0
10377,516,2025-07-21,Present,8.4,0.0
10378,516,2025-05-07,Present,8.8,0.0
10379,516,11/03/2025,Present,7.1,0.0
10380,516,2025-10-20,Present,7.7,0.0
10381,516,2025-06-21,Present,8.5,0.0
10382,516,2025-12-29,PRESENT,7.9,0.0
10383,516,2025-02-05,Late,6.8,2.8
10384,516,04-02-2025, Present,7.6,0.0
10385,516,09-05-2025,Present,7.4,2.7
10386,516,2025-11-02,Present,8.1,0.0
10387,516,23/09/2025,Present,7.4,0.0
10388,517,01-Sep-2025,Present,7.8,0.0
10389,517,2025-09-23,Present,7.8,0.0
10390,517,01-12-2025,Present,7.3,0.0
10391,517,21/04/2025,Present,8.4,0.0
10392,517,2025-12-02,Present,8.9,0.0
10393,517,31/08/2025,Present,8.4,0.0
10394,517,2025-06-24,Absent,0.0,0.0
10395,517,2025-06-26,Present,9.1,0.0
10396,517,18/12/2025,Present,7.3,2.0
10397,517,2025-08-28,Absent,0.0,0.0
10398,517,2025-07-26,Present,8.5,0.0
10399,517,2025-08-10,Present,8.7,2.9
10400,517,2025-02-13,Present,8.8,0.0
10401,517,2025-10-05,Present,8.6,0.8
10402,517,2025-03-23,Present,8.7,0.0
10403,517,2025-07-24,Present,8.8,0.0
10404,517,2025-10-19,Late,7.5,0.0
10405,517,2025-08-25,Present,8.7,0.0
10406,517,29/10/2025,Present,8.7,0.0
10407,517,2025-12-11,Late,6.0,0.0
10408,518,17-Apr-2025,Present,9.2,0.0
10409,518,30-Jul-2025,Present,9.5,0.0
10410,518,21-Jun-2025,Present,8.9,0.0
10411,518,2025-01-06,Present,8.5,0.8
10412,518,2025-01-23,Present,8.8,0.0
10413,518,2025-11-25, Present,8.8,0.0
10414,518,2025-08-07,Present,8.9,0.0
10415,518,2025-08-21,Present,7.3,
10416,518,2025-12-15,Present,8.6,
10417,518,2025-05-18,Present,7.7,0.0
10418,518,2025-01-06,Present,8.9,0.0
10419,518,2025-06-29,Present,7.6,0.0
10420,518,2025-06-18,Present,8.7,0.0
10421,518,2025-01-04,PRESENT,7.7,0.0
10422,518,2025-11-14,Late,4.5,0.0
10423,518,2025-01-30,Present,8.6,0.0
10424,518,2025-08-20,Present,7.3,0.0
10425,518,05-06-2025,Present,8.6,0.0
10426,518,2025-05-12,Present,9.3,0.0
10427,518,2025-08-08,present,9.4,0.0
10428,519,2025-11-16,Present,7.6,0.0
10429,519,14-May-2025,Present,9.0,0.0
10430,519,10-Oct-2025,Present,7.9,0.0
10431,519,2025-06-11,Present,9.3,0.0
10432,519,2025-01-13,Present,9.0,0.0
10433,519,2025-11-17,Absent,0.0,0.0
10434,519,2025-11-17,Present,7.2,0.0
10435,519,2025-06-25,Leave,0.0,0.0
10436,519,2025-11-14,Present,8.0,1.7
10437,519,2025-07-05,Leave,0.0,0.0
10438,519,2025-11-29,Absent,0.0,0.0
10439,519,08/03/2025,Present,9.0,0.0
10440,519,2025-11-15,Present,8.0,0.0
10441,519,2025-01-11,Present,8.7,0.0
10442,519,2025-03-26,Present,8.5,0.0
10443,519,2025-07-24,Present,9.4,0.0
10444,519,2025-05-06,Absent,0.0,0.0
10445,520,2025-11-02,Present,9.3,2.0
10446,520,2025-06-30,PRESENT,8.8,0.0
10447,520,2025-01-31,Present,9.1,0.0
10448,520,2025-04-17,Present,9.2,0.7
10449,520,16-Mar-2025,Present,7.8,0.0
10450,520,2025-07-02,Present,7.8,0.0
10451,520,2025-06-17,Absent,,0.0
10452,520,2025-05-30,Late,5.8,1.1
10453,520,2025-09-30,Late,6.0,2.8
10454,520,2025-12-21,PRESENT,8.2,0.0
10455,520,2025-03-06,Present,8.7,0.7
10456,520,2025-09-28,Present,9.2,0.0
10457,520,2025-01-17,Present,,0.0
10458,520,2025-01-29,Present,8.5,0.0
10459,520,2025-09-29,Present,9.2,0.0
10460,520,2025-09-22,Present,7.3,0.0
10461,521,2025-09-06,Present,9.0,0.0
10462,521,2025-10-28,Present,7.3,0.0
10463,521,18-Mar-2025,Present,8.0,0.0
10464,521,2025-11-23,Present,7.8,0.0
10465,521,2025-02-23,Present,8.5,1.6
10466,521,2025-03-22,Present,8.6,0.0
10467,521,07-Apr-2025,Present,7.9,0.0
10468,521,2025-08-12,Present,9.2,0.0
10469,521,2025-10-28,Present,8.6,0.0
10470,521,2025-09-16,Present,7.5,0.0
10471,521,2025-07-06,Present,7.8,0.0
10472,521,2025-09-28,Present,9.1,0.0
10473,521,2025-02-10,Present,8.0,0.0
10474,521,2025-01-22,Leave,0.0,0.0
10475,522,09-20-2025, Absent,0.0,0.0
10476,522,2025-08-05,Present,8.3,
10477,522,14/11/2025,Leave,0.0,0.0
10478,522,2025-06-05,Late,6.4,0.0
10479,522,18/07/2025,Absent,0.0,0.0
10480,522,2025-06-23,Absent,0.0,0.0
10481,522,2025-12-29,Present,7.9,0.0
10482,522,2025-05-25,Present,7.7,2.2
10483,522,2025-06-16,Present,7.5,0.0
10484,522,11-Mar-2025,Present,7.7,0.0
10485,522,31-Dec-2025,Late,4.7,0.0
10486,522,2025-06-20,Absent,0.0,0.0
10487,522,2025-07-31,Present,7.8,0.0
10488,522,2025-06-30,Present,7.8,0.0
10489,522,2025-04-18,Present,9.4,0.0
10490,522,09-19-2025,Absent,0.0,0.0
10491,522,2025-02-01,Present,8.5,0.0
10492,522,2025-12-06,Absent,0.0,0.0
10493,522,2025-08-13,Present,9.0,0.0
10494,522,2025-08-20,Present,,
10495,522,2025-05-20,Present,7.3,0.0
10496,522,2025-07-09,Late,6.9,0.0
10497,522,2025-03-06,Absent,0.0,0.0
10498,522,2025-08-18,Absent,0.0,0.0
10499,522,28/05/2025,Present,8.6,0.0
10500,522,08-May-2025,Present,7.5,0.0
10501,522,2025-01-20,Absent,0.0,0.0
10502,522,2025-02-01,Present,8.0,0.0
10503,522,06-Jul-2025,Present,8.3,0.0
10504,522,2025-06-08,Present,9.1,0.0
10505,522,2025-08-25,Present,7.2,0.0
10506,522,2025-02-24,Present,8.5,3.0
10507,522,2025-12-14,PRESENT,9.4,0.0
10508,522,2025-12-04,Present,9.0,1.5
10509,522,2025-06-18,Present,8.8,0.0
10510,522,2025-01-16,Present,8.9,0.0
10511,522,2025-08-09,Present,8.8,0.0
10512,522,2025-01-11,Present,9.1,3.7
10513,523,2025-03-21,Present,7.2,0.0
10514,523,2025-09-09,Present,7.3,0.0
10515,523,2025-07-04,Present,9.0,1.4
10516,523,2025-05-25,Present,7.1,0.0
10517,523,2025-12-22,Present,8.0,
10518,523,2025-09-12,Present,9.0,0.0
10519,523,2025-01-26,Late,4.9,
10520,523,06/07/2025,Present,8.7,0.0
10521,523,2025-05-29,Present,7.0,0.0
10522,523,2025-06-22,Present,7.3,0.0
10523,523,2025-08-11,Present,7.9,0.0
10524,523,2025-08-06,Present,7.2,0.0
10525,523,2025-12-06,Present,9.1,0.0
10526,523,03-Dec-2025,Present,9.2,0.0
10527,523,2025-08-01,Present,8.9,1.3
10528,523,11-10-2025,Present,8.3,1.1
10529,523,25/10/2025,Late,5.3,0.0
10530,523,2025-01-27,Present,8.3,3.1
10531,523,2025-02-15,Present,7.2,0.0
10532,524,2025-08-30,Present,7.7,0.0
10533,524,2025-02-17,Present,9.3,
10534,524,2025-10-26,Leave,0.0,0.0
10535,524,2025-07-20,Present,8.1,0.0
10536,524,2025-11-12,Present,9.3,0.0
10537,524,2025-02-05,Present,9.5,0.0
10538,524,2025-09-26,Present,,0.0
10539,524,2025-09-23,Present,7.7,0.0
10540,524,2025-11-27,Present,9.0,0.0
10541,524,2025-01-18,Present,7.4,0.0
10542,524,2025-10-10,Late,5.3,3.2
10543,524,2025-02-25,Present,8.1,0.0
10544,524,2025-01-23,Late,5.1,0.0
10545,524,2025-01-17,Present,8.6,0.0
10546,524,14/12/2025,Present,8.8,0.0
10547,524,2025-10-20,Present,7.3,0.0
10548,524,01-22-2025,Late,5.3,1.3
10549,524,2025-12-09,Present,7.9,0.0
10550,524,2025-11-22,Present,8.9,0.0
10551,524,2025-12-02,Present,8.8,2.8
10552,524,2025-09-30,Present,7.0,0.0
10553,524,2025-05-26,Present,7.4,0.0
10554,524,2025-02-20,Present,7.6,0.0
10555,524,2025-08-20,Present,7.7,0.0
10556,524,2025-05-20,Present,7.4,0.0
10557,524,05/01/2025,Present,8.0,0.0
10558,524,2025-12-25,Absent,0.0,0.0
10559,524,31/05/2025,Late,4.7,0.0
10560,524,11/08/2025,Present,8.9,0.0
10561,524,2025-07-31,Present,9.0,
10562,524,2025-05-12,Present,8.4,0.0
10563,524,2025-12-17,Present,7.2,0.0
10564,524,2025-11-03,Present,9.2,0.0
10565,524,2025-08-15,Present,9.4,0.0
10566,524,2025-09-23,Absent,0.0,0.0
10567,524,2025-12-21,present,7.5,0.0
10568,524,2025-06-04,Present,8.8,0.0
10569,525,2025-06-09,Present,9.1,0.0
10570,525,2025-02-15,Present,8.3,0.0
10571,525,2025-07-16,Present,7.8,0.0
10572,525,2025-10-19,Present,8.2,0.0
10573,525,2025-02-17,Present,8.3,0.0
10574,525,2025-08-12,Present,8.0,0.0
10575,525,11-Apr-2025,Present,9.3,3.1
10576,525,2025-03-20,Present,7.6,0.0
10577,525,2025-10-26,Present,8.5,0.0
10578,525,17/10/2025,Present,8.7,0.0
10579,525,2025-10-29,Present,7.4,0.0
10580,525,23/09/2025,Absent,0.0,0.0
10581,525,2025-03-04,Present,7.9,0.0
10582,525,2025-03-13,Present,9.3,0.0
10583,525,2025-05-05,PRESENT,8.4,0.0
10584,525,2025-11-27,Absent,0.0,0.0
10585,525,2025-07-16,Present,7.5,0.9
10586,525,2025-01-27,Late,6.1,0.0
10587,525,2025-09-06,Present,8.4,0.0
10588,525,2025-01-28,Present,7.8,0.0
10589,525,2025-02-02,Late,6.4,0.0
10590,525,2025-06-04,Present,7.2,0.0
10591,525,2025-06-17,Present,7.4,0.0
10592,525,05-16-2025,Present,8.4,0.0
10593,525,2025-07-17,Present,7.2,0.0
10594,525,2025-06-16,Present,9.2,0.0
10595,525,2025-07-24,Present,7.4,0.0
10596,526,2025-07-10,Present,8.7,0.0
10597,526,2025-07-17,Present,8.0,1.9
10598,526,2025-06-30,Late,6.8,0.0
10599,526,2025-03-09,Present,8.2,0.0
10600,526,09-03-2025,PRESENT,8.8,0.0
10601,526,2025-05-11,Present,8.3,0.0
10602,526,2025-08-01,Present,8.5,0.0
10603,526,19-Jan-2025,Leave,0.0,0.0
10604,526,2025-02-24,Absent,0.0,0.0
10605,527,2025-08-11,Present,8.9,0.0
10606,527,2025-05-10,Present,8.5,2.7
10607,527,2025-03-19,Late,6.9,0.0
10608,527,2025-08-09,Present,9.4,0.0
10609,527,2025-02-21,Present,7.9,2.5
10610,527,2025-05-08,Present,7.2,0.0
10611,527,2025-02-17,Present,7.9,0.0
10612,527,10/12/2025,Present,8.0,3.4
10613,527,2025-06-24,Present,8.3,0.0
10614,528,2025-05-01,Absent,0.0,0.0
10615,528,2025-10-08,late,6.7,0.0
10616,528,2025-11-17,Absent,0.0,0.0
10617,528,2025-04-07,Present,7.0,0.0
10618,528,2025-12-30,Present,8.2,0.0
10619,528,2025-09-01,Present,9.3,0.0
10620,528,2025-04-15, Absent,0.0,0.0
10621,528,2025-09-08,Present,7.6,
10622,528,2025-01-25,Present,7.1,2.0
10623,528,2025-04-15,Present,8.8,2.1
10624,528,2025-01-21,PRESENT,8.1,0.0
10625,528,2025-09-16,Present,8.7,1.4
10626,528,2025-09-09,Absent,0.0,0.0
10627,528,07-06-2025,Absent,0.0,0.0
10628,528,2025-11-05,Absent,0.0,0.0
10629,529,2025-05-17,Present,8.9,0.0
10630,529,02-Dec-2025,Present,7.4,0.0
10631,529,2025-10-25,Present,8.0,0.0
10632,529,2025-11-13,Present,8.6,0.0
10633,529,2025-03-09,Present,9.1,0.0
10634,529,2025-06-29,Present,9.0,0.0
10635,529,2025-02-27,Present,8.8,0.0
10636,529,2025-09-15,Present,7.9,0.9
10637,529,2025-01-04,Present,7.5,0.0
10638,529,2025-07-07,Absent,0.0,0.0
10639,529,2025-01-21,Present,9.2,3.5
10640,529,20/03/2025,present,9.4,
10641,529,2025-02-25,Present,7.2,0.0
10642,529,2025-05-28,Present,8.3,0.0
10643,529,2025-08-24,Absent,0.0,0.0
10644,530,08-17-2025,Present,8.6,0.0
10645,530,2025-01-23,Present,8.8,2.8
10646,530,2025-03-06,Present,8.9,0.0
10647,530,2025-02-14,LATE,5.6,0.0
10648,530,2025-06-29,Present,7.4,1.2
10649,530,2025-04-24,Late,4.5,1.7
10650,530,31-Jul-2025,Present,7.2,0.0
10651,530,12/01/2025,Present,7.8,2.7
10652,530,21/08/2025,Present,9.2,0.0
10653,530,2025-08-04,Present,9.1,1.4
10654,530,2025-01-28,Present,7.3,0.0
10655,530,2025-08-31,Present,7.5,3.9
10656,530,2025-06-10,Absent,0.0,0.0
10657,531,2025-01-04,Present,8.4,0.0
10658,531,2025-12-17,Present,7.5,0.0
10659,531,2025-01-22,Present,9.1,1.9
10660,531,2025-08-25,Present,9.2,0.0
10661,531,2025-04-02,Absent,0.0,0.0
10662,531,2025-09-25,Absent,0.0,0.0
10663,531,2025-07-16,Present,,0.0
10664,531,2025-04-14,present,8.0,0.0
10665,531,06/07/2025,Present,8.3,0.0
10666,531,2025-04-28,Present,9.2,0.0
10667,531,2025-01-09,Present,9.2,0.0
10668,531,29/09/2025,Present,8.4,0.0
10669,531,2025-06-13,Present,7.6,0.0
10670,531,2025-08-03,Present,8.0,0.0
10671,531,2025-08-15,PRESENT,9.4,0.0
10672,531,2025-02-25,Present,8.5,0.0
10673,531,17/03/2025,Present,9.0,0.0
10674,531,2025-05-16,Present,8.1,0.0
10675,531,2025-06-21,Present,8.3,0.0
10676,531,2025-02-26,Present,8.1,3.0
10677,531,2025-01-18,Present,9.1,0.0
10678,531,2025-12-01,Present,8.3,0.0
10679,531,2025-06-06,Present,8.2,1.7
10680,531,2025-06-11,Absent,,0.0
10681,532,2025-11-07,Present,7.4,0.0
10682,532,2025-07-06,Present,9.3,0.0
10683,532,2025-08-02, Present,7.8,0.0
10684,532,11/06/2025,Present,9.0,0.0
10685,532,2025-12-25,Present,8.8,0.0
10686,532,2025-01-28,Absent,0.0,0.0
10687,532,2025-10-04,Present,9.0,3.8
10688,532,2025-05-15,Present,8.6,0.0
10689,532,01-17-2025,Present,9.2,1.1
10690,532,2025-08-25,Absent,0.0,0.0
10691,532,2025-05-19,Present,8.6,3.2
10692,532,2025-04-05,Present,7.7,0.0
10693,532,2025-11-15,Present,8.9,0.0
10694,532,2025-04-25,PRESENT,8.9,
10695,532,2025-11-18,Present,9.1,0.0
10696,532,2025-02-17,Present,7.8,0.0
10697,532,2025-10-04,Present,8.7,0.0
10698,532,2025-08-21,Present,7.8,0.0
10699,533,01-19-2025,Present,8.8,2.1
10700,533,2025-05-02,Present,8.5,
10701,533,2025-05-03,Late,5.7,0.0
10702,533,2025-01-30,Present,-7.4,0.0
10703,533,2025-10-29,Late,5.0,0.0
10704,533,2025-10-08,Present,7.2,0.0
10705,533,02-07-2025,Present,8.5,0.0
10706,533,2025-07-12,present,9.1,0.0
10707,533,2025-09-23,Present,7.1,0.0
10708,533,2025-06-03,Late,4.7,0.0
10709,533,2025-11-19,Present,8.1,0.0
10710,533,07-01-2025,Present,8.8,0.0
10711,533,2025-06-21,Present,,0.0
10712,533,2025-07-08,Present,7.7,0.0
10713,533,2025-07-15,Present,7.6,1.9
10714,534,2025-05-14,Present,,0.0
10715,534,08-29-2025,Present,7.9,0.0
10716,534,2025-08-06,Absent,0.0,0.0
10717,534,2025-04-04,Present,8.8,0.0
10718,534,2025-03-23,Present,8.5,0.0
10719,534,2025-11-20,Present,7.2,0.0
10720,534,2025-02-03,Absent,0.0,0.0
10721,534,2025-08-12,Present,8.6,0.0
10722,534,2025-03-02,Absent,0.0,0.0
10723,534,11-07-2025,Present,8.2,0.0
10724,534,2025-08-12,Present,9.3,0.0
10725,534,2025-02-04,Present,7.7,0.0
10726,534,2025-01-02,Present,,3.1
10727,534,28-Aug-2025,Absent,0.0,0.0
10728,534,2025-04-11,Present,7.6,0.0
10729,534,2025-07-27,Present,9.3,0.0
10730,535,2025-06-26,Present,,0.0
10731,535,12-08-2025,Present,8.7,0.0
10732,535,2025-09-09,Present,7.4,
10733,535,2025-02-13,Present,7.6,0.0
10734,535,2025-03-10,Present,8.5,0.0
10735,535,21/02/2025,Late,5.5,0.0
10736,535,2025-11-28,Present,8.2,0.0
10737,535,2025-07-25,Present,7.9,2.7
10738,535,2025-09-09,Present,8.2,0.0
10739,535,2025-11-01,Present,7.0,0.0
10740,535,2025-10-16,Present,8.6,0.0
10741,535,2025-03-27,Present,8.1,0.0
10742,535,2025-03-03,PRESENT,7.9,0.0
10743,535,2025-05-03,Present,7.2,0.0
10744,535,10-19-2025,Present,7.6,0.0
10745,535,2025-05-25,Present,7.6,0.0
10746,535,2025-11-09,Present,9.3,2.0
10747,535,2025-09-11,Present,7.1,0.0
10748,535,2025-05-17,Present,7.3,0.0
10749,535,2025-08-02,Present,7.2,0.0
10750,535,10-05-2025,Late,6.3,1.2
10751,535,2025-02-27,Present,8.2,0.0
10752,535,2025-09-18,Present,7.9,0.0
10753,535,2025-09-13,Present,9.0,0.0
10754,535,2025-11-11,PRESENT,7.8,0.0
10755,535,2025-06-20,Present,8.1,0.0
10756,535,2025-10-02,Present,8.8,0.0
10757,535,2025-10-24,Present,8.1,0.0
10758,535,2025-04-01,Present,9.0,0.0
10759,535,2025-02-11,Present,8.7,1.9
10760,536,2025-07-14,Present,8.3,0.0
10761,536,2025-10-23,Late,7.4,
10762,536,2025-09-09,Late,6.5,3.7
10763,536,2025-08-04,Present,,0.0
10764,536,2025-04-18,Present,8.2,0.0
10765,536,2025-04-19,Present,9.3,0.0
10766,536,2025-10-12,Present,7.8,0.0
10767,536,14-Jun-2025,present,9.4,0.0
10768,536,2025-09-21,Present,7.2,0.0
10769,536,2025-09-02,Present,9.3,0.0
10770,536,2025-06-19,Present,8.1,0.0
10771,536,2025-01-28,Late,4.7,0.0
10772,536,2025-10-09,Present,9.2,0.0
10773,536,2025-09-16,Late,5.3,
10774,536,2025-03-22,Present,7.1,0.0
10775,536,2025-10-29,Present,7.3,0.0
10776,536,2025-03-04,Present,8.6,0.0
10777,536,2025-03-26,Present,9.4,0.9
10778,536,2025-04-24,Late,5.9,0.0
10779,536,2025-09-19,Present,7.5,0.0
10780,536,05/01/2025,Present,,
10781,536,2025-05-22,Present,7.3,0.0
10782,536,2025-08-13,Present,7.6,0.0
10783,536,2025-11-28,Absent,0.0,0.0
10784,536,16-Jun-2025,Present,7.5,0.0
10785,536,2025-09-11,Present,8.4,
10786,536,2025-10-16,Late,,0.0
10787,536,2025-02-07,Present,8.3,0.0
10788,536,2025-04-19,Present,7.1,0.0
10789,536,2025-06-29,Present,8.4,0.0
10790,537,2025-02-09,Absent,0.0,0.0
10791,537,19-Jun-2025,Present,9.0,1.0
10792,537,2025-10-28,Absent,0.0,0.0
10793,537,2025-08-24,Absent,0.0,0.0
10794,537,2025-11-13,Late,4.7,1.2
10795,537,2025-04-07,Present,8.9,0.0
10796,537,2025-07-11,Present,8.5,0.0
10797,538,2025-08-02,Present,8.4,0.0
10798,538,2025-04-11,Present,7.6,
10799,538,2025-10-02,Present,9.4,0.0
10800,538,2025-08-24,Present,7.6,0.0
10801,538,2025-10-02,Present,9.3,2.5
10802,538,10-21-2025,Present,7.3,0.0
10803,538,2025-10-24,Present,8.2,0.0
10804,538,2025-02-24,Late,7.3,0.0
10805,538,2025-01-09,Present,8.0,0.0
10806,538,2025-10-31,Present,9.2,0.0
10807,538,2025-06-28,Present,7.6,0.0
10808,538,28-Feb-2025,Present,,3.5
10809,538,2025-09-26,Present,,0.0
10810,538,24/11/2025,Present,8.2,0.0
10811,538,11-15-2025,Present,8.6,0.0
10812,538,2025-03-21,Present,,0.0
10813,538,2025-10-28,Present,7.6,0.0
10814,538,2025-06-14,Present,7.7,0.0
10815,538,2025-09-15,Present,7.2,1.5
10816,538,2025-02-15,Present,7.8,0.0
10817,538,2025-04-07,Present,9.4,0.0
10818,539,2025-01-28,Present,8.7,0.0
10819,539,2025-07-30,Present,8.1,0.0
10820,539,2025-12-18,Late,7.5,0.0
10821,539,21/06/2025,Present,7.4,0.0
10822,539,2025-03-25,Absent,0.0,0.0
10823,539,2025-04-02,Present,8.2,0.0
10824,539,2025-06-24,Present,8.6,0.0
10825,539,11-15-2025,Present,7.1,0.0
10826,540,2025-12-06,Present,8.8,0.0
10827,540,2025-09-08,Present,7.2,1.0
10828,540,08-16-2025,Present,7.4,0.0
10829,540,2025-05-22,present,9.3,0.0
10830,540,2025-11-16,Present,8.7,0.0
10831,540,2025-05-13,Present,8.6,2.4
10832,540,2025-12-05,Absent,0.0,0.0
10833,540,2025-01-26,Present,7.7,0.0
10834,540,2025-10-20,Present,8.6,0.0
10835,540,2025-01-27,Present,8.0,0.0
10836,540,2025-07-03,Absent,0.0,0.0
10837,540,2025-04-08,Present,7.4,2.9
10838,540,2025-11-20,Present,7.3,1.2
10839,540,2025-04-01,Absent,0.0,0.0
10840,540,2025-03-29,Late,7.0,0.0
10841,540,2025-09-07,Present,8.7,2.7
10842,540,2025-09-21,Absent,0.0,0.0
10843,540,2025-11-07, Present,8.0,0.0
10844,541,13-Feb-2025,Present,8.0,0.0
10845,541,2025-06-21,Present,8.7,0.0
10846,541,2025-12-12,Late,6.7,0.0
10847,541,2025-01-07,Absent,0.0,0.0
10848,541,2025-06-24,Present,8.3,0.0
10849,541,2025-02-04,Present,9.4,0.0
10850,541,2025-06-13,Present,9.4,0.0
10851,541,2025-11-10,absent,0.0,0.0
10852,541,2025-07-11,Present,8.0,0.0
10853,541,2025-10-17,Absent,0.0,0.0
10854,541,2025-06-18,Late,7.0,0.0
10855,541,31-Oct-2025,Late,6.1,2.3
10856,541,2025-10-27,Present,7.1,0.0
10857,541,2025-02-22,Present,,0.0
10858,541,2025-10-26,Present,9.3,0.0
10859,541,2025-02-27,Present,9.0,0.0
10860,541,2025-02-13,Late,6.9,0.0
10861,541,2025-07-05,Present,7.4,0.0
10862,541,10-23-2025,Present,7.9,0.0
10863,541,2025-05-26,Present,7.6,0.0
10864,541,20-Mar-2025,Absent,0.0,0.0
10865,541,2025-03-03,Present,7.8,0.0
10866,541,2025-01-16,Absent,0.0,0.0
10867,541,2025-06-04,Present,8.4,0.0
10868,541,2025-11-14,Present,7.9,0.0
10869,541,26/12/2025,Present,8.4,0.0
10870,541,2025-09-15,Present,8.1,0.0
10871,541,2025-07-26,Present,7.7,0.0
10872,541,2025-02-07,Present,7.2,3.6
10873,542,06/04/2025,Present,7.0,0.0
10874,542,2025-05-07,Present,7.0,0.0
10875,542,09/12/2025,Present,9.1,0.0
10876,542,2025-02-22,Present,9.5,
10877,542,2025-05-20,Present,8.8,0.0
10878,542,2025-06-10,Present,7.0,1.3
10879,542,2025-02-28,Present,9.4,3.3
10880,542,2025-02-18,Late,6.2,1.3
10881,542,2025-06-11,Present,7.0,0.0
10882,542,2025-07-03,Present,7.1,0.0
10883,542,2025-03-29,Present,8.5,0.0
10884,542,04/04/2025,Present,7.1,0.0
10885,542,2025-01-07,Present,9.5,1.1
10886,542,2025-05-09,Present,8.8,0.0
10887,542,2025-09-02,Present,7.4,0.0
10888,542,2025-03-22,Absent,0.0,0.0
10889,542,13-Mar-2025,Present,8.4,0.0
10890,542,05-10-2025,Leave,0.0,0.0
10891,543,2025-10-02,PRESENT,7.2,0.0
10892,543,2025-08-18,Present,8.9,2.5
10893,543,2025-03-10,Present,7.2,0.0
10894,543,2025-11-30,Present,9.1,0.0
10895,543,2025-12-05,Present,8.4,0.0
10896,543,2025-11-24,Present,9.3,0.0
10897,543,2025-12-29,Present,9.3,0.0
10898,543,2025-01-27,Present,9.3,0.0
10899,543,2025-09-13,Present,7.2,0.9
10900,543,2025-01-21,PRESENT,,0.0
10901,543,2025-05-30,Present,8.2,1.3
10902,543,2025-05-04,Present,8.9,0.0
10903,543,2025-07-09,Present,7.7,3.0
10904,543,2025-12-11,Present,9.1,0.0
10905,543,10/09/2025,Present,9.0,1.5
10906,543,2025-08-25,Present,8.0,1.9
10907,543,2025-05-22,Late,6.0,0.0
10908,543,2025-02-03,Present,7.4,0.0
10909,543,30/09/2025,Present,8.1,0.0
10910,543,2025-04-02,Present,8.3,0.0
10911,543,2025-12-30,Present,8.3,0.0
10912,544,13-Jun-2025,Present,9.0,0.0
10913,544,2025-12-03,Absent,0.0,0.0
10914,544,2025-10-10,Absent,0.0,0.0
10915,544,2025-09-19,Present,8.3,0.0
10916,544,28-Nov-2025,Absent,0.0,
10917,544,2025-12-10,Present,7.6,0.0
10918,544,2025-08-24,Present,8.7,0.0
10919,544,2025-01-11,Present,9.0,0.0
10920,544,2025-01-21,Late,5.5,0.0
10921,544,2025-04-29,Present,8.6,0.0
10922,544,2025-11-30,late,4.9,0.0
10923,544,2025-11-05,Present,7.9,0.0
10924,544,2025-02-11,Present,9.3,0.0
10925,544,2025-10-31,Absent,0.0,0.0
10926,544,2025-02-11,Present,9.3,0.0
10927,544,2025-06-09,Present,8.4,0.0
10928,545,2025-06-27,Absent,0.0,0.0
10929,545,2025-08-29,Present,8.8,0.0
10930,545,2025-01-02,Present,9.1,0.0
10931,545,2025-10-13,Present,9.4,0.0
10932,545,2025-06-02,Present,8.2,0.0
10933,545,2025-11-09,Present,8.4,0.0
10934,545,12-Apr-2025,Present,8.0,0.0
10935,545,2025-09-16,Late,4.7,0.0
10936,545,2025-03-06,Present,8.1,0.0
10937,545,01-06-2025,Present,9.0,
10938,545,03/07/2025,Absent,0.0,0.0
10939,545,2025-05-12,Present,9.0,0.0
10940,545,2025-05-23,Present,9.2,0.0
10941,545,2025-07-09,Present,,0.0
10942,545,2025-04-11,Present,8.3,0.0
10943,545,2025-12-29,Absent,0.0,0.0
10944,545,2025-06-17,present,7.3,0.0
10945,545,02-19-2025,Present,7.5,0.0
10946,545,2025-12-19,Absent,,0.0
10947,545,2025-12-27,Present,9.3,2.2
10948,545,2025-11-02,Late,6.8,0.0
10949,545,2025-02-24,Present,7.2,0.0
10950,545,2025-08-08,Absent,0.0,0.0
10951,545,2025-07-02,PRESENT,8.0,2.9
10952,545,2025-06-21,Present,7.3,0.0
10953,545,2025-09-09,Absent,0.0,0.0
10954,546,14-Mar-2025,Late,5.5,0.0
10955,546,2025-08-03,Present,7.2,0.0
10956,546,2025-09-15,present,8.6,0.0
10957,546,2025-01-21,Present,9.4,0.0
10958,546,2025-12-14,LATE,7.0,0.0
10959,546,10-07-2025,Late,,0.0
10960,546,2025-08-14,Absent,0.0,0.0
10961,546,2025-09-27,Present,9.1,0.0
10962,546,2025-10-19,Present,9.1,0.0
10963,546,2025-06-07,present,8.4,0.0
10964,546,2025-06-13,Present,8.3,0.0
10965,546,2025-03-03, Absent,0.0,0.0
10966,546,24/03/2025,Present,8.0,0.0
10967,546,2025-10-25,Present,9.0,0.0
10968,546,2025-09-12,Present,7.5,0.0
10969,546,2025-02-14,Present,7.1,0.0
10970,547,2025-04-16,Present,9.4,0.0
10971,547,2025-01-09,Present,7.0,0.0
10972,547,2025-03-24,Present,9.4,3.1
10973,547,2025-08-10,Present,7.8,0.0
10974,547,2025-10-25,Present,8.7,
10975,547,2025-01-14,Absent,0.0,0.0
10976,547,30/09/2025,Absent,0.0,0.0
10977,547,2025-01-10,Present,9.0,0.0
10978,547,2025-10-08,Present,7.6,0.0
10979,547,2025-12-13,Absent,0.0,0.0
10980,547,2025-01-23,LATE,6.8,0.0
10981,547,2025-06-05,Absent,0.0,0.0
10982,547,2025-05-10,Absent,0.0,0.0
10983,547,2025-02-14,Present,9.0,1.4
10984,547,2025-05-15,Present,7.1,1.2
10985,547,2025-11-21,PRESENT,7.5,
10986,547,2025-11-25,Present,7.2,
10987,547,2025-02-02,Present,8.8,0.0
10988,547,2025-09-02,Present,7.9,0.0
10989,547,2025-04-18,Present,9.2,0.0
10990,547,2025-05-24,Late,5.3,0.0
10991,547,11/09/2025,Present,8.1,0.0
10992,547,07/06/2025,Present,8.6,
10993,547,2025-07-30,Present,8.3,0.0
10994,548,2025-01-11,Present,7.9,0.0
10995,548,03/02/2025,Absent,0.0,0.0
10996,548,2025-05-30,Late,7.1,1.6
10997,548,22/06/2025,Present,7.2,
10998,548,2025-08-22,Present,8.1,3.2
10999,548,2025-08-30,Present,7.1,0.0
11000,548,2025-12-17,Present,8.5,0.0
11001,548,2025-11-02,Present,8.5,0.0
11002,548,2025-12-21,Present,9.3,0.0
11003,548,09-08-2025,Present,7.7,0.0
11004,548,2025-12-30,Present,7.7,0.0
11005,548,14-Oct-2025,Present,8.1,0.0
11006,548,2025-10-11,Present,7.9,0.0
11007,548,2025-09-09,PRESENT,8.8,0.0
11008,548,07-09-2025,Present,8.6,0.0
11009,548,03/09/2025,Present,8.9,3.4
11010,548,2025-04-20,Present,9.3,2.0
11011,549,10-21-2025,Leave,0.0,0.0
11012,549,22/08/2025,Present,9.5,0.0
11013,549,2025-01-22,Present,7.5,0.0
11014,549,2025-01-20,Present,8.8,2.4
11015,549,2025-05-10,present,9.0,0.0
11016,549,2025-07-29,Present,8.2,0.0
11017,549,2025-02-13,Present,9.0,0.0
11018,549,25/04/2025,Present,9.3,0.0
11019,549,2025-12-18,Absent,0.0,0.0
11020,549,2025-10-24,Present,8.8,0.0
11021,549,2025-12-13,Absent,0.0,0.0
11022,549,2025-11-17,Present,8.9,0.7
11023,549,2025-09-06,Present,7.5,0.0
11024,549,2025-11-14,Late,7.4,0.0
11025,549,04/10/2025,Present,8.7,0.0
11026,550,2025-07-20,Present,8.4,1.8
11027,550,23/05/2025,Present,7.1,0.0
11028,550,2025-05-01,Present,7.9,0.0
11029,550,12/12/2025,Present,8.2,0.0
11030,550,2025-07-30,Absent,0.0,0.0
11031,550,2025-06-10,Present,7.5,0.0
11032,550,2025-01-05,Absent,0.0,0.0
11033,550,2025-01-28,Present,7.4,0.0
11034,550,08/02/2025,Present,8.3,0.0
11035,550,2025-10-14,present,,0.0
11036,550,18/12/2025,Present,7.6,0.0
11037,550,2025-11-29,Late,6.3,0.0
11038,550,2025-04-23,Present,9.3,0.0
11039,550,2025-01-19,Present,8.2,0.0
11040,550,22/09/2025,Present,9.1,0.0
11041,550,2025-08-22,Present,9.3,0.0
11042,550,2025-09-27,Present,7.2,0.0
11043,550,2025-03-26,Present,7.2,0.0
11044,550,2025-03-11,Present,8.2,0.0
11045,550,17-Jan-2025,Present,8.5,0.0
11046,550,13/03/2025,Present,8.1,1.6
11047,550,05-22-2025,Absent,0.0,0.0
11048,550,2025-11-13,Absent,0.0,
11049,550,2025-02-04,Present,8.6,0.0
11050,551,2025-06-01, Present,7.0,0.0
11051,551,2025-07-07,Present,9.4,0.0
11052,551,01-08-2025,Present,7.6,0.0
11053,551,12/01/2025,Present,9.3,0.0
11054,551,2025-10-10,Present,7.3,0.0
11055,551,2025-09-25,Present,7.6,0.0
11056,551,2025-03-18,Present,7.6,4.0
11057,552,2025-05-30,Leave,0.0,0.0
11058,552,2025-09-12,Absent,0.0,0.0
11059,552,2025-05-13,Present,7.0,
11060,552,2025-02-12,Absent,0.0,0.0
11061,552,2025-01-09,Present,8.6,0.0
11062,552,2025-08-27,Present,9.2,0.0
11063,552,22/03/2025,Present,8.7,0.0
11064,552,2025-12-21,LEAVE,0.0,0.0
11065,552,2025-05-31,Late,5.6,0.0
11066,552,2025-08-26, Late,7.4,0.0
11067,552,2025-07-12,Present,9.2,0.0
11068,552,10-17-2025,Present,8.1,0.0
11069,552,2025-12-03,Present,8.4,0.0
11070,552,2025-12-14,Absent,0.0,0.0
11071,552,04-20-2025,Present,9.4,3.9
11072,552,2025-04-27,Present,8.1,3.5
11073,552,2025-08-26,Present,7.8,0.0
11074,552,2025-09-14,Present,7.9,0.0
11075,552,14-May-2025,Present,7.4,0.0
11076,552,2025-05-26,Present,7.5,0.0
11077,552,2025-09-28,Absent,0.0,0.0
11078,552,2025-12-15,Absent,0.0,0.0
11079,552,02-17-2025,Present,8.6,0.0
11080,552,2025-05-28,Late,6.0,0.0
11081,552,2025-05-16,Present,7.6,0.0
11082,553,2025-07-10,Absent,0.0,0.0
11083,553,05/03/2025,Absent,0.0,0.0
11084,553,2025-07-08,Present,8.0,0.0
11085,553,01-Sep-2025,Absent,0.0,0.0
11086,553,2025-05-06,Absent,0.0,0.0
11087,553,2025-08-24,Absent,0.0,
11088,553,2025-03-21,Late,5.6,0.0
11089,553,2025-12-16,present,9.5,3.5
11090,553,2025-12-19,Late,5.7,0.0
11091,553,2025-06-11,Absent,0.0,0.0
11092,553,2025-11-29,present,9.3,0.0
11093,553,2025-02-07,Present,7.9,0.0
11094,553,2025-11-23,Absent,0.0,
11095,553,2025-10-31,Present,8.7,0.0
11096,553,2025-11-24,Absent,0.0,0.0
11097,553,2025-07-14,Absent,0.0,0.0
11098,553,2025-02-22,Absent,0.0,0.0
11099,553,2025-07-25,Present,9.4,0.0
11100,554,2025-01-17,Present,8.0,
11101,554,2025-02-08,Present,7.7,0.0
11102,554,25-Mar-2025,Present,7.7,0.0
11103,554,13-Aug-2025, Present,8.4,0.0
11104,554,2025-07-07,Present,9.4,0.0
11105,554,09-Dec-2025,Late,5.9,0.0
11106,554,2025-03-03,Late,7.3,0.0
11107,554,2025-12-17,Present,9.3,0.0
11108,554,2025-10-20,Present,7.6,0.0
11109,554,2025-03-14,Present,8.0,0.0
11110,554,2025-10-01,Present,8.6,
11111,554,2025-06-11,Leave,0.0,0.0
11112,554,2025-06-12,Present,8.3,0.0
11113,554,2025-09-29,Late,4.8,0.0
11114,555,2025-07-08, Late,7.5,3.1
11115,555,2025-11-10,Present,8.1,0.0
11116,555,2025-06-09,Present,8.5,0.0
11117,555,2025-04-09,Present,7.2,0.0
11118,555,2025-07-09,Present,8.2,
11119,555,2025-09-19,Late,7.3,0.0
11120,555,2025-12-09, Present,9.2,0.0
11121,555,2025-11-27,Present,7.8,0.0
11122,555,2025-06-22,Late,6.1,0.0
11123,555,2025-06-11,Late,6.6,0.0
11124,555,2025-12-07,Present,7.9,0.0
11125,555,2025-11-19,Present,7.2,0.0
11126,555,2025-07-04,Present,8.3,0.0
11127,555,2025-05-31,Present,8.5,0.0
11128,555,2025-05-24,PRESENT,7.0,0.0
11129,555,2025-09-08,Present,7.2,0.0
11130,555,2025-05-21,Present,7.5,0.0
11131,556,2025-10-28,Present,7.9,0.0
11132,556,2025-05-25,Present,8.4,1.5
11133,556,2025-01-05,Present,7.7,0.0
11134,556,2025-09-19,Present,,0.0
11135,556,2025-10-07,Present,7.4,0.0
11136,556,2025-12-10,Present,8.2,0.0
11137,556,2025-04-17,Present,9.4,0.0
11138,556,2025-10-15,Present,8.6,0.0
11139,556,2025-05-29,Present,8.8,0.0
11140,556,2025-10-26,Late,5.8,0.6
11141,556,2025-05-11,Absent,0.0,0.0
11142,556,2025-03-22,Present,8.6,0.0
11143,556,2025-07-01,Present,8.6,0.0
11144,556,2025-01-23,Late,4.8,0.0
11145,556,2025-10-21,Present,8.2,0.0
11146,556,2025-04-24,Late,7.2,0.0
11147,556,2025-05-10,Present,7.5,0.0
11148,556,2025-03-15,Present,8.2,2.1
11149,556,2025-12-09,Present,9.0,0.0
11150,556,2025-12-28,Present,9.1,0.0
11151,556,2025-12-18,Present,8.9,1.8
11152,557,2025-03-09,Present,7.2,0.0
11153,557,29-Apr-2025,Present,7.9,0.0
11154,557,2025-10-27,Late,6.5,0.0
11155,557,2025-11-02,Present,8.8,0.0
11156,557,2025-05-17,Present,9.4,0.0
11157,557,2025-10-21,leave,0.0,0.0
11158,557,2025-12-18,Present,8.1,0.0
11159,557,09-13-2025,Present,8.6,0.0
11160,557,08-01-2025,Present,8.3,0.0
11161,557,2025-06-06,Present,7.4,0.0
11162,557,2025-07-01,Present,8.2,0.0
11163,557,2025-08-22,Present,8.4,0.0
11164,557,03-30-2025,Present,9.4,0.0
11165,557,2025-02-25,Present,7.9,0.0
11166,557,15-Dec-2025,Present,9.5,0.0
11167,557,2025-03-15,Present,8.4,1.3
11168,557,2025-04-28,Absent,0.0,0.0
11169,557,2025-03-16,present,7.5,0.0
11170,557,2025-01-13,Absent,0.0,0.0
11171,557,2025-11-04,Present,7.4,0.0
11172,557,2025-12-07,Present,8.1,0.0
11173,557,2025-02-22,Present,7.1,0.0
11174,557,19/05/2025,Present,8.1,0.0
11175,557,2025-05-22,Present,9.5,0.0
11176,557,2025-07-19,Late,6.5,0.0
11177,557,2025-02-11,Absent,0.0,0.0
11178,558,2025-07-13,Present,,0.9
11179,558,2025-03-04,Present,8.2,0.0
11180,558,2025-03-11,Present,7.7,0.0
11181,558,2025-09-30,Present,9.2,0.0
11182,558,2025-09-02,Present,7.5,0.0
11183,558,2025-11-22,Present,8.1,0.0
11184,558,2025-09-27,Present,8.5,0.0
11185,558,2025-08-15,Present,8.3,0.0
11186,558,2025-09-09,Present,9.1,0.0
11187,558,2025-04-16,Present,7.6,0.0
11188,558,2025-05-16,Present,7.9,0.0
11189,558,2025-11-24,Present,9.0,
11190,558,2025-03-10,Present,,0.0
11191,558,2025-04-21,Present,8.0,
11192,558,2025-10-24,Present,7.1,
11193,558,2025-06-26,Late,6.8,3.9
11194,558,2025-07-14,Absent,0.0,0.0
11195,558,2025-08-14,PRESENT,8.6,3.5
11196,558,2025-04-10,Present,8.3,0.0
11197,558,2025-12-23,Present,7.6,0.0
11198,558,19/10/2025,Present,7.0,0.0
11199,558,2025-06-25,Present,8.6,0.0
11200,558,07-04-2025,Present,8.2,0.0
11201,558,02-27-2025,Present,9.0,0.0
11202,558,2025-01-03,Present,8.7,0.0
11203,558,2025-02-03,Present,9.5,0.0
11204,558,2025-12-07,Present,8.3,0.0
11205,558,2025-01-27,Present,8.1,0.0
11206,558,2025-04-30,Present,,0.0
11207,558,2025-04-27,Late,5.9,3.6
11208,558,2025-09-01,Present,7.1,0.0
11209,558,2025-05-21,Present,9.4,0.0
11210,559,2025-09-22,Late,7.5,
11211,559,2025-03-23,present,8.5,
11212,559,2025-07-11,Present,7.8,0.0
11213,559,2025-12-23,Absent,0.0,0.0
11214,559,2025-03-18,Present,7.6,0.0
11215,559,2025-01-01,Present,7.7,
11216,559,2025-03-30,Absent,0.0,0.0
11217,559,02-Dec-2025,Present,7.1,
11218,559,22-Mar-2025,Present,7.1,3.0
11219,559,2025-10-27,Present,7.9,0.0
11220,559,2025-06-27,Absent,0.0,0.0
11221,559,02/11/2025,Present,7.5,0.0
11222,559,2025-10-19,Present,8.4,3.9
11223,559,2025-05-01,Absent,0.0,0.0
11224,559,2025-06-17,Present,8.7,0.0
11225,559,2025-11-16,Present,8.2,
11226,560,2025-06-29,Absent,0.0,0.0
11227,560,2025-07-04,Present,8.9,0.0
11228,560,2025-04-12,Late,6.7,3.6
11229,560,2025-10-10,Present,7.5,3.5
11230,560,2025-08-11,Present,7.8,0.0
11231,560,2025-05-25,Present,9.4,0.0
11232,560,01-07-2025,Late,5.3,0.0
11233,560,2025-05-24,Absent,0.0,0.0
11234,560,24/04/2025,Present,9.3,3.9
11235,560,2025-09-20,Present,7.4,0.0
11236,560,2025-11-29,Present,9.4,0.0
11237,560,2025-09-06,Present,7.2,0.0
11238,560,2025-06-23,Present,7.5,2.1
11239,560,2025-06-23,Present,9.5,
11240,560,2025-06-21,Absent,0.0,0.0
11241,560,2025-11-13,Present,8.4,0.0
11242,560,2025-05-08,Present,8.7,0.0
11243,560,12-13-2025,Present,9.4,0.0
11244,560,09-14-2025,Present,9.0,0.0
11245,560,2025-10-04,Present,7.6,0.0
11246,560,2025-12-20,Absent,0.0,0.0
11247,560,2025-06-07, Present,7.8,0.0
11248,560,2025-11-30,present,7.2,0.0
11249,561,2025-06-15,Present,,0.0
11250,561,2025-12-19,LATE,5.0,0.0
11251,561,2025-02-24,Present,7.6,0.0
11252,561,06-Dec-2025,Absent,0.0,0.0
11253,561,2025-06-01,Present,9.2,0.0
11254,561,2025-10-21,Present,7.8,2.5
11255,561,2025-07-13,Present,8.0,0.0
11256,561,2025-08-15,present,7.2,0.0
11257,561,11/12/2025,Present,7.9,0.0
11258,561,2025-09-19,present,8.0,0.0
11259,561,2025-12-23,PRESENT,9.2,
11260,561,2025-09-30,Present,7.8,0.0
11261,561,2025-02-08,Present,7.9,3.2
11262,561,22/07/2025,PRESENT,8.9,0.0
11263,561,2025-08-23,Present,9.0,0.0
11264,561,2025-05-29,Present,9.4,0.0
11265,561,2025-11-16,Late,6.9,0.0
11266,561,2025-10-03,Present,8.0,0.0
11267,562,2025-08-21,Present,9.1,2.3
11268,562,2025-03-23,Absent,0.0,0.0
11269,562,2025-04-19,Present,7.7,1.6
11270,562,2025-05-17,LATE,5.2,0.0
11271,562,2025-09-25,Present,7.4,0.0
11272,562,2025-05-13,Present,7.5,0.0
11273,562,2025-08-13,Present,7.2,0.0
11274,562,2025-01-02,Late,7.2,0.0
11275,562,2025-10-29,Absent,0.0,0.0
11276,562,2025-06-26,Absent,0.0,0.0
11277,562,2025-09-18,Present,9.3,0.0
11278,562,24-Oct-2025,Absent,0.0,0.0
11279,562,2025-08-10,Present,8.5,0.0
11280,562,2025-03-13,Present,9.1,0.0
11281,562,2025-04-23,Present,7.5,0.0
11282,562,23-Mar-2025,Present,9.3,0.0
11283,563,2025-06-25,Present,8.3,0.7
11284,563,2025-07-06,Present,7.4,0.0
11285,563,2025-04-05,Present,7.8,0.0
11286,563,2025-05-08,Absent,0.0,0.0
11287,563,10-10-2025,Present,7.1,0.0
11288,563,2025-09-17,Present,7.8,0.0
11289,563,2025-10-28,Absent,0.0,0.0
11290,563,2025-04-30,Late,4.7,0.0
11291,563,2025-06-24,Present,7.6,0.0
11292,563,2025-01-04,Present,7.7,0.0
11293,563,2025-01-01,Present,9.5,
11294,563,2025-09-09,Present,7.6,0.0
11295,563,2025-12-01,Present,7.6,0.0
11296,563,2025-04-16,absent,0.0,0.0
11297,563,2025-05-18,Absent,0.0,0.0
11298,563,05-06-2025,Present,8.7,0.0
11299,563,2025-12-01,Late,7.1,0.0
11300,563,2025-06-15,Present,8.0,0.0
11301,563,2025-05-17,Present,9.2,0.0
11302,563,2025-08-16,Present,7.9,0.0
11303,563,2025-01-15,Present,7.5,0.0
11304,563,07-Aug-2025,Absent,0.0,0.0
11305,563,2025-09-13,Present,7.8,0.0
11306,563,2025-05-23,Present,8.5,0.0
11307,563,2025-08-16, Absent,0.0,0.0
11308,563,01-27-2025,Present,7.9,0.0
11309,563,2025-02-10,Present,8.7,0.0
11310,563,08/06/2025,Present,7.6,0.0
11311,563,2025-07-18,Present,8.8,1.7
11312,563,2025-11-23,Present,8.1,0.0
11313,563,2025-05-03,Present,8.4,0.0
11314,563,2025-08-12,Late,6.6,1.3
11315,563,2025-07-03,Present,9.1,0.0
11316,563,2025-06-04,present,8.8,0.0
11317,563,2025-05-11,Present,7.6,0.0
11318,563,2025-08-12,Present,9.4,0.0
11319,563,2025-05-29,Present,8.7,0.0
11320,564,2025-06-07,Absent,0.0,0.0
11321,564,29/03/2025,Late,5.9,0.0
11322,564,30/04/2025,Present,7.4,0.0
11323,564,2025-11-06,Late,6.1,0.0
11324,564,2025-08-03,absent,0.0,0.0
11325,564,2025-05-13,Present,7.4,0.0
11326,564,2025-11-21,Absent,0.0,0.0
11327,564,2025-04-15,Present,8.1,0.0
11328,564,2025-10-27,Present,8.0,0.0
11329,564,2025-03-23,Absent,0.0,0.0
11330,564,16/10/2025,PRESENT,8.8,1.2
11331,564,24-Dec-2025,Present,9.1,0.0
11332,564,2025-03-12,Present,7.8,2.1
11333,564,2025-05-20,Present,,0.0
11334,564,2025-06-29,Absent,0.0,0.0
11335,564,2025-09-05,Absent,0.0,0.0
11336,564,2025-12-08,ABSENT,0.0,0.0
11337,564,08-26-2025,Present,8.6,0.0
11338,564,2025-01-04,absent,0.0,0.0
11339,564,2025-08-02,Late,,0.0
11340,564,2025-10-23,Absent,0.0,0.0
11341,564,2025-02-20,Absent,0.0,0.0
11342,564,2025-06-08,Absent,0.0,0.0
11343,564,2025-12-01,ABSENT,0.0,0.0
11344,564,2025-12-08,Present,8.0,0.0
11345,564,24/07/2025,Present,7.8,0.0
11346,564,2025-08-10,Absent,0.0,0.0
11347,564,2025-05-09,Absent,0.0,0.0
11348,564,2025-07-21,Absent,0.0,0.0
11349,564,2025-06-30,Absent,,0.0
11350,565,2025-09-14,Present,8.5,0.0
11351,565,2025-11-25, Absent,0.0,0.0
11352,565,2025-08-12,Present,7.8,0.0
11353,565,2025-04-05,Absent,0.0,0.0
11354,565,2025-07-06,Absent,0.0,0.0
11355,565,2025-10-21,Present,8.8,0.0
11356,565,28-Sep-2025,Absent,0.0,0.0
11357,565,2025-10-13,Present,8.4,0.0
11358,565,2025-08-28,Present,-8.0,0.0
11359,565,2025-03-14,Late,5.4,0.0
11360,565,2025-12-18, Present,7.6,0.0
11361,565,2025-01-21,present,8.0,0.0
11362,565,2025-11-01,Present,8.3,0.0
11363,565,2025-12-14,Leave,0.0,0.0
11364,565,2025-09-27,Present,8.3,0.0
11365,565,18-Jan-2025, Absent,0.0,0.0
11366,565,2025-09-03,Absent,0.0,0.0
11367,565,2025-08-01,Present,8.9,0.0
11368,565,2025-10-27,Absent,0.0,0.0
11369,565,2025-03-25,Present,7.5,3.8
11370,565,2025-05-07,Absent,0.0,0.0
11371,565,2025-02-15,Present,7.9,0.0
11372,565,2025-10-18,Present,7.8,0.0
11373,565,2025-01-11,Present,8.7,3.3
11374,565,2025-02-27,Present,7.9,0.0
11375,565,2025-12-09,Absent,0.0,0.0
11376,565,2025-07-01,PRESENT,8.9,0.0
11377,565,2025-06-25,Present,9.2,0.0
11378,565,2025-03-10,Present,8.9,0.0
11379,565,19/10/2025,Present,7.1,0.0
11380,565,2025-05-22,Late,7.0,0.0
11381,565,2025-05-10,Present,8.9,0.0
11382,565,2025-09-25,Late,6.5,3.2
11383,565,2025-08-20,Present,,0.0
11384,565,13-Apr-2025,Present,8.1,0.0
11385,566,2025-02-15,Present,7.2,0.0
11386,566,23-Jul-2025,Present,,0.0
11387,566,2025-08-10,Present,7.1,0.0
11388,566,2025-04-15,Present,7.7,0.0
11389,566,2025-10-22,Absent,0.0,0.0
11390,566,2025-10-03,Late,6.3,0.0
11391,566,2025-08-26,Present,7.8,0.0
11392,566,2025-06-17,Present,8.7,0.0
11393,566,2025-01-24,PRESENT,9.1,0.0
11394,566,10-26-2025,Present,8.1,0.0
11395,566,2025-08-10,Absent,0.0,0.0
11396,566,2025-08-06,Present,9.3,0.0
11397,566,2025-08-29,Late,4.7,0.0
11398,566,2025-10-31,Absent,0.0,0.0
11399,566,2025-12-17, Present,9.1,0.0
11400,566,2025-08-09,Present,9.1,0.0
11401,566,2025-03-01,Late,5.5,0.0
11402,566,2025-04-08,Late,5.4,
11403,566,11-07-2025,Present,7.8,3.3
11404,566,2025-01-03,Absent,0.0,0.0
11405,566,2025-09-11,Present,9.1,0.0
11406,566,2025-01-30,Present,7.8,0.0
11407,566,2025-06-10,Present,8.5,0.0
11408,566,2025-03-07,Present,7.3,0.0
11409,566,2025-12-05,Late,5.9,4.0
11410,566,2025-03-07,Absent,0.0,0.0
11411,567,2025-07-07,Present,7.4,0.0
11412,567,11-21-2025,late,7.3,0.0
11413,567,07-15-2025,Absent,0.0,0.0
11414,567,2025-06-06,Present,9.1,0.0
11415,567,02/08/2025,Present,9.4,0.0
11416,567,2025-02-18,Present,7.4,0.0
11417,567,2025-04-22,Present,7.5,0.0
11418,567,19/04/2025,Present,7.0,0.0
11419,567,2025-09-25,Absent,0.0,0.0
11420,567,2025-04-07,Present,8.8,0.0
11421,567,2025-06-15,Late,6.4,0.0
11422,567,2025-05-22,Absent,0.0,0.0
11423,567,01-28-2025,Present,7.4,0.0
11424,567,2025-11-01,Present,9.0,0.0
11425,567,2025-02-03,Present,7.7,0.0
11426,567,2025-02-01,Absent,0.0,
11427,567,05-25-2025,Present,7.3,0.0
11428,567,2025-06-27,Absent,0.0,0.0
11429,568,2025-05-24,present,8.1,0.0
11430,568,2025-11-04,Present,7.2,0.0
11431,568,2025-04-05,Present,7.7,0.0
11432,568,2025-11-24,Present,7.9,0.0
11433,568,2025-08-27,Absent,0.0,0.0
11434,568,16-May-2025,Present,9.1,0.0
11435,568,2025-04-14,Absent,0.0,0.0
11436,568,2025-11-14, Absent,0.0,0.0
11437,568,2025-09-05,Absent,0.0,0.0
11438,568,2025-10-13,Late,6.9,0.0
11439,568,2025-12-26,PRESENT,8.1,0.0
11440,568,2025-03-08,Present,8.8,0.0
11441,568,2025-11-19,Present,8.4,0.0
11442,568,2025-07-01,Present,7.9,0.0
11443,568,2025-02-03,Present,8.8,0.0
11444,568,2025-09-01,Present,8.7,0.0
11445,568,2025-06-08,Present,8.5,2.7
11446,568,2025-08-28,Present,8.7,0.0
11447,568,2025-07-19,present,8.0,3.5
11448,568,2025-12-16,Present,7.4,0.0
11449,568,2025-10-23,Present,9.2,1.7
11450,568,2025-05-17,Late,4.9,0.0
11451,568,2025-03-13,Present,8.5,0.0
11452,568,25/11/2025,Absent,0.0,0.0
11453,568,2025-05-11,Present,7.9,0.0
11454,568,2025-05-08,Present,9.0,0.0
11455,569,2025-08-30,Present,8.1,0.0
11456,569,2025-11-10,Present,8.7,
11457,569,03/04/2025,Present,7.8,0.0
11458,569,2025-08-31,Absent,0.0,0.0
11459,569,2025-12-27,Present,7.5,0.0
11460,569,09-Mar-2025,Present,8.0,0.0
11461,569,2025-01-23,Absent,0.0,0.0
11462,569,2025-02-27,Present,8.5,2.8
11463,569,15-Aug-2025,Present,8.4,0.0
11464,569,2025-12-23,Present,9.5,0.0
11465,569,08-Dec-2025,Present,8.7,0.0
11466,569,2025-04-03,Absent,0.0,0.0
11467,569,2025-02-15,present,9.3,
11468,569,2025-04-01,Absent,0.0,0.0
11469,569,12-28-2025,Present,7.3,0.0
11470,569,2025-12-11,Leave,0.0,0.0
11471,569,15-Feb-2025,Absent,0.0,0.0
11472,570,2025-05-22,Present,7.2,0.0
11473,570,2025-05-09,Present,7.8,0.0
11474,570,2025-05-29,LATE,4.9,0.0
11475,570,2025-10-16,Present,8.3,0.0
11476,570,2025-02-17,LATE,6.1,
11477,570,2025-12-29,Absent,0.0,0.0
11478,570,2025-01-29,Present,8.4,0.0
11479,570,2025-08-15,Present,8.9,0.0
11480,570,13-Jun-2025,Absent,0.0,0.0
11481,570,2025-09-18,Absent,0.0,0.0
11482,570,2025-11-18,Present,9.4,0.0
11483,570,2025-08-17,Present,9.2,0.0
11484,570,2025-09-04,Absent,0.0,0.0
11485,570,2025-11-05,Present,7.3,
11486,570,2025-07-10,Late,5.5,1.4
11487,570,2025-10-29,Absent,0.0,0.0
11488,570,2025-01-31,Present,7.4,0.0
11489,570,2025-03-13,Present,8.4,0.0
11490,570,06-Aug-2025,Present,8.4,0.0
11491,570,2025-08-17,Present,,0.0
11492,570,2025-07-09,Present,8.8,3.1
11493,570,2025-03-26,Present,7.1,0.0
11494,570,2025-08-25,Present,8.0,0.0
11495,570,2025-05-21,Present,9.2,0.0
11496,570,04-23-2025,Absent,0.0,0.0
11497,570,2025-05-27,Present,8.3,0.0
11498,570,2025-12-10,Present,7.9,0.0
11499,570,2025-05-26,Present,7.6,0.0
11500,571,2025-06-21,Present,7.6,0.0
11501,571,2025-04-13,Present,7.2,0.0
11502,571,2025-09-11,Present,9.0,0.0
11503,571,2025-02-04,Present,7.2,0.0
11504,571,2025-02-25,Present,7.7,0.0
11505,571,2025-09-13,Present,7.1,0.0
11506,571,2025-07-03,Present,9.0,0.0
11507,571,2025-10-24,Present,7.1,0.0
11508,571,07-Jan-2025,Absent,0.0,0.0
11509,571,2025-11-24,Present,7.8,0.0
11510,571,2025-04-28,Present,8.4,0.0
11511,571,2025-06-11,Leave,0.0,0.0
11512,571,2025-10-19,Present,8.0,0.0
11513,571,2025-09-22,Present,7.7,1.5
11514,571,05-Jan-2025,Present,9.0,0.0
11515,571,2025-03-07,Present,9.4,0.0
11516,571,06-23-2025,Present,7.9,0.0
11517,571,2025-11-21,Present,7.1,0.0
11518,571,2025-08-21,Present,7.1,0.0
11519,571,2025-07-23,Present,8.9,0.0
11520,571,2025-05-26,leave,0.0,0.0
11521,571,2025-08-08,Present,8.4,3.2
11522,571,13-Nov-2025,Present,8.7,3.7
11523,572,2025-02-09,Absent,0.0,0.0
11524,572,2025-09-07,Absent,0.0,0.0
11525,572,2025-10-30,Present,9.2,3.3
11526,572,2025-11-14,Present,8.2,0.0
11527,572,2025-03-18,Absent,0.0,0.0
11528,572,10/12/2025,absent,0.0,0.0
11529,572,2025-03-20,Absent,0.0,0.0
11530,572,23/11/2025,Late,5.4,2.3
11531,572,2025-12-11,Present,8.3,
11532,572,2025-10-18,Late,6.3,1.2
11533,572,2025-05-14,Absent,0.0,0.0
11534,572,2025-08-10,Present,8.6,0.0
11535,572,18/06/2025,Absent,0.0,
11536,572,2025-01-28,Present,,0.0
11537,572,2025-04-19,Present,8.6,0.0
11538,572,2025-09-13,Late,5.2,
11539,572,2025-01-13,Absent,,0.0
11540,572,2025-08-13,Present,8.1,0.0
11541,572,24-Jul-2025,Leave,0.0,0.0
11542,572,2025-07-20,Late,5.1,0.0
11543,572,2025-10-15,Absent,0.0,0.0
11544,572,2025-12-17,Present,9.2,0.0
11545,572,2025-10-17,Present,8.2,0.0
11546,572,07-29-2025,Present,,0.0
11547,572,2025-07-02,Present,7.1,2.9
11548,572,2025-06-17,Absent,0.0,0.0
11549,572,2025-04-03,Absent,0.0,0.0
11550,572,2025-11-21,Leave,0.0,0.0
11551,572,10-20-2025,Present,7.5,0.0
11552,573,2025-07-14,Present,9.5,0.0
11553,573,2025-04-18,Present,8.3,0.0
11554,573,2025-06-17,Present,7.7,0.0
11555,573,2025-09-07,Absent,0.0,0.0
11556,573,2025-06-05,Present,8.6,0.0
11557,573,2025-10-04,Present,7.7,0.0
11558,573,2025-03-26,Present,9.1,1.6
11559,573,2025-12-16,Late,7.5,0.0
11560,573,2025-12-11,Present,8.5,0.0
11561,573,2025-05-09,Present,9.1,0.0
11562,573,02/08/2025,Present,,1.7
11563,573,2025-02-21,Present,8.8,0.0
11564,573,2025-07-17,Absent,0.0,0.0
11565,574,2025-01-25,Present,8.6,0.0
11566,574,2025-07-22,Absent,0.0,0.0
11567,574,2025-10-09,Absent,0.0,0.0
11568,575,2025-09-24,Present,7.5,0.0
11569,575,2025-11-12,Present,7.9,0.0
11570,575,2025-05-09,Present,7.7,0.0
11571,575,2025-01-10,Present,8.5,0.0
11572,575,2025-11-29,Present,7.9,0.0
11573,575,2025-02-12,Present,7.8,0.0
11574,575,2025-12-29,Present,7.5,0.0
11575,575,2025-04-28,Present,8.0,0.0
11576,575,2025-10-15,Present,7.5,0.0
11577,575,2025-12-02,Late,7.4,1.0
11578,575,2025-05-07,Present,9.3,2.0
11579,575,2025-10-24,Present,7.9,0.0
11580,575,2025-08-04,Present,7.6,0.0
11581,575,2025-11-27,Present,8.6,0.0
11582,575,2025-09-10,Present,8.7,0.0
11583,575,2025-05-07,Present,8.2,0.0
11584,575,2025-01-02,Absent,0.0,0.0
11585,575,2025-12-11,Present,7.1,0.0
11586,576,2025-01-15,Absent,0.0,0.0
11587,576,2025-04-21,Late,7.3,0.0
11588,576,2025-04-03,Absent,0.0,0.0
11589,576,18-Nov-2025,Late,,0.0
11590,576,2025-07-06,Late,5.8,2.6
11591,576,2025-04-10,Present,8.1,0.0
11592,576,2025-11-23,Present,7.8,0.0
11593,576,04/02/2025,Present,7.2,2.1
11594,576,2025-10-11,Leave,0.0,0.0
11595,576,27/03/2025,present,9.0,0.0
11596,576,2025-03-04,Present,7.0,0.0
11597,576,09-05-2025,Leave,0.0,0.0
11598,576,2025-02-27,Leave,0.0,
11599,576,2025-06-28,Present,8.5,0.0
11600,576,2025-05-06,late,7.1,0.0
11601,576,2025-09-06,Present,7.5,0.0
11602,576,2025-10-22,Present,7.5,3.2
11603,576,2025-12-24,Absent,0.0,0.0
11604,576,2025-02-23,Present,7.6,0.0
11605,576,2025-02-10,Present,7.5,0.0
11606,576,2025-06-25,Present,7.9,0.0
11607,576,2025-03-31,Present,,0.0
11608,576,2025-09-29,Present,9.2,0.0
11609,576,2025-09-19,Present,8.5,0.0
11610,577,2025-07-10,present,8.0,0.0
11611,577,10/09/2025,Present,8.3,0.0
11612,577,2025-02-28,Present,9.4,0.0
11613,577,2025-12-20,present,7.3,1.2
11614,577,2025-09-05,Absent,0.0,0.0
11615,577,2025-04-06,Present,9.4,0.0
11616,577,2025-01-28,Absent,0.0,0.0
11617,577,2025-05-02,Present,9.4,0.0
11618,577,09-24-2025,Absent,0.0,0.0
11619,577,2025-10-07,Present,7.4,0.0
11620,577,2025-11-18,Present,7.4,0.0
11621,577,04-02-2025,Present,8.1,0.0
11622,577,2025-07-14,Present,7.1,2.8
11623,577,2025-07-11,Present,7.2,0.0
11624,577,04-20-2025,Absent,0.0,0.0
11625,577,2025-12-24,absent,0.0,0.0
11626,577,2025-04-30,Absent,0.0,0.0
11627,578,2025-06-29,Late,4.7,0.0
11628,578,24/03/2025,Present,8.2,0.0
11629,578,2025-01-22,Present,9.4,2.0
11630,578,2025-02-27,Absent,0.0,0.0
11631,578,2025-08-28,Present,7.9,
11632,578,2025-03-26,Present,9.5,0.0
11633,578,21/04/2025,Absent,0.0,0.0
11634,578,2025-07-17,Present,8.3,1.8
11635,578,2025-02-12,Present,8.0,0.0
11636,578,2025-02-27,Present,7.5,0.0
11637,578,2025-08-28,Present,8.3,0.0
11638,578,30-Jul-2025,Present,8.1,0.0
11639,578,2025-01-04,Absent,0.0,0.0
11640,578,2025-02-19,Present,7.7,0.0
11641,578,2025-05-12,Present,7.4,0.0
11642,578,2025-04-30,Present,7.8,0.0
11643,578,2025-01-21,Present,8.3,0.0
11644,578,2025-09-05,Present,7.1,0.0
11645,578,06-23-2025,Late,5.0,0.0
11646,579,2025-05-25,Present,9.4,2.4
11647,579,2025-04-12,Absent,0.0,0.0
11648,579,2025-09-25,Present,7.2,2.9
11649,579,07/12/2025,present,7.2,0.0
11650,579,13-Jun-2025,Absent,0.0,0.0
11651,579,2025-05-13,Present,8.8,0.0
11652,579,2025-05-30,Present,8.9,0.0
11653,579,2025-02-01,Present,8.6,0.0
11654,579,2025-05-09,Present,8.8,0.0
11655,579,2025-01-26,Present,7.2,0.0
11656,579,2025-04-27,Present,8.8,
11657,579,2025-07-21,Present,7.3,0.0
11658,579,2025-01-21,Present,7.8,0.0
11659,579,2025-06-14,Present,9.4,0.0
11660,579,2025-02-13,present,8.3,0.0
11661,579,2025-03-27,present,9.4,0.0
11662,579,2025-08-15,Present,7.2,0.0
11663,579,2025-10-08,Late,5.9,0.7
11664,579,2025-12-20,Present,8.6,0.0
11665,579,06-Jan-2025,Present,7.2,1.1
11666,579,2025-03-22,Absent,0.0,0.0
11667,579,2025-04-09,Present,7.6,0.0
11668,579,2025-04-11,Present,8.9,0.0
11669,579,07/02/2025,Present,7.4,0.0
11670,579,2025-07-06,Absent,0.0,0.0
11671,580,2025-06-05,Absent,0.0,0.0
11672,580,2025-06-11,Absent,0.0,0.0
11673,580,2025-12-12,Present,9.1,0.0
11674,580,2025-05-20,Present,7.3,0.0
11675,580,2025-02-09,Present,7.1,0.0
11676,580,2025-12-09,Present,8.0,0.0
11677,580,2025-08-14,Present,9.4,0.0
11678,580,2025-10-12,Present,7.3,0.0
11679,580,2025-12-03,Absent,0.0,0.0
11680,580,2025-05-11,Present,7.3,
11681,580,2025-12-05,Present,8.9,
11682,580,2025-06-02,Present,7.8,3.0
11683,580,2025-05-07,Present,7.5,0.0
11684,580,2025-03-03,Present,8.2,0.0
11685,580,2025-02-21,Present,7.7,0.0
11686,580,21-May-2025,Present,8.1,0.0
11687,580,2025-07-28,Present,8.9,0.0
11688,580,26/08/2025,Present,8.9,0.0
11689,580,2025-10-27,Present,8.3,
11690,580,2025-10-17,Present,7.7,1.3
11691,581,2025-09-05,Absent,0.0,0.0
11692,581,2025-03-20,Present,8.5,0.0
11693,581,2025-06-06,Present,8.6,0.0
11694,581,2025-09-05,PRESENT,7.1,0.0
11695,581,01-21-2025,Absent,0.0,
11696,581,03-20-2025,Present,8.5,0.0
11697,581,2025-05-09,Present,7.9,0.0
11698,581,2025-04-28,Present,8.9,0.0
11699,581,2025-03-25,Present,9.0,0.0
11700,581,2025-06-15,Present,8.4,0.0
11701,581,2025-01-31,Present,7.0,0.0
11702,581,2025-10-29,Present,8.6,0.0
11703,581,2025-05-18,Present,8.9,0.0
11704,581,2025-05-01,Present,7.6,0.0
11705,581,2025-03-31,Present,8.2,0.0
11706,581,2025-11-14,Present,9.4,0.0
11707,581,2025-04-21,Present,7.7,0.0
11708,581,2025-08-30,Present,7.6,0.0
11709,581,25/03/2025,Present,7.5,0.0
11710,581,2025-11-10,Leave,0.0,0.0
11711,582,2025-09-15,Late,6.2,0.0
11712,582,2025-11-07,Present,9.4,0.0
11713,582,2025-07-16,Absent,0.0,0.0
11714,582,2025-05-27,Absent,0.0,0.0
11715,582,2025-12-13,Late,6.3,0.0
11716,582,2025-04-30,Absent,0.0,0.0
11717,582,2025-07-21,Present,7.8,0.0
11718,582,2025-12-30, Absent,0.0,0.0
11719,583,02-09-2025,present,8.6,0.0
11720,583,05/12/2025,Present,8.6,0.0
11721,583,2025-03-21,Present,8.5,0.0
11722,583,2025-04-26,Present,7.4,0.0
11723,583,2025-01-02,Present,8.6,0.0
11724,583,2025-01-29,Present,8.1,0.0
11725,583,2025-04-10,Present,7.0,0.0
11726,583,2025-03-01,Present,8.3,0.0
11727,583,2025-02-17,Present,9.5,0.0
11728,583,11-May-2025,Present,7.9,0.0
11729,583,2025-04-01,Present,9.4,0.0
11730,583,2025-07-25,Present,7.2,0.0
11731,583,2025-10-12,Present,8.8,0.0
11732,584,2025-04-10,Present,7.3,1.5
11733,584,2025-05-22,Present,8.4,0.0
11734,584,02/03/2025,Present,8.5,0.0
11735,584,2025-06-06, Late,6.8,0.0
11736,584,2025-03-17,Absent,0.0,0.0
11737,584,23/02/2025,Present,8.5,0.0
11738,584,22/10/2025,Present,8.5,0.0
11739,584,2025-06-20,present,9.3,0.0
11740,584,11-Feb-2025,Present,8.1,0.0
11741,584,2025-06-03,Late,5.2,0.0
11742,584,2025-06-03,Present,7.4,0.0
11743,584,2025-07-07,Absent,0.0,0.0
11744,584,2025-11-16,Absent,0.0,0.0
11745,584,2025-07-28,Present,8.0,0.0
11746,584,2025-11-09,Late,6.6,0.0
11747,584,2025-07-18, Present,7.1,0.0
11748,585,14-Sep-2025,Present,7.3,0.0
11749,585,2025-08-14,Present,7.3,0.0
11750,585,2025-11-30,Present,8.5,0.0
11751,585,2025-09-11,Absent,0.0,0.0
11752,585,2025-11-27,Present,7.6,1.1
11753,585,2025-05-03,Present,8.5,3.2
11754,585,2025-06-11,Present,7.8,0.0
11755,585,2025-11-30,Absent,0.0,0.0
11756,585,2025-09-28,Absent,0.0,0.0
11757,585,2025-05-23,Late,6.2,0.0
11758,585,2025-12-18,Present,7.2,3.8
11759,585,2025-08-27,Present,7.8,0.0
11760,585,2025-05-14,Absent,0.0,0.0
11761,585,2025-04-11,Present,9.5,3.9
11762,585,2025-09-15,Absent,0.0,0.0
11763,585,2025-05-09,Absent,,0.0
11764,585,2025-06-03,Present,8.9,0.0
11765,585,2025-09-02,Leave,0.0,0.0
11766,585,2025-12-15,Present,7.1,0.0
11767,585,2025-03-28,Absent,0.0,0.0
11768,585,2025-01-25,Present,8.4,0.0
11769,585,2025-05-18,Present,7.2,3.6
11770,585,2025-08-04,Present,9.0,0.0
11771,585,2025-02-28,Present,9.4,0.0
11772,585,2025-11-01,Present,8.5,0.0
11773,585,2025-08-17,Present,8.3,0.0
11774,585,2025-03-17,Present,8.3,0.0
11775,585,2025-09-23,Present,8.0,0.0
11776,585,2025-12-25,Present,8.2,0.0
11777,586,2025-01-05,Present,8.6,0.0
11778,586,2025-05-17,Present,9.3,0.0
11779,586,2025-01-05,Late,,0.0
11780,586,2025-06-13,Absent,0.0,0.0
11781,586,2025-04-08,Late,7.1,3.5
11782,586,2025-05-11,Present,8.3,0.0
11783,586,2025-09-04,Present,7.9,0.0
11784,586,2025-11-14,present,8.6,0.0
11785,586,2025-09-19,Present,8.1,0.0
11786,586,2025-02-27,Present,7.2,1.8
11787,586,2025-07-20, Present,9.5,0.0
11788,586,2025-12-26,Present,7.1,0.0
11789,586,2025-07-10,Absent,0.0,0.0
11790,587,2025-08-25,Absent,0.0,0.0
11791,587,2025-07-14,Absent,0.0,0.0
11792,587,11-22-2025,Leave,0.0,0.0
11793,587,2025-08-20,Absent,0.0,0.0
11794,587,2025-05-14,Absent,0.0,0.0
11795,587,2025-02-01,Absent,0.0,0.0
11796,587,2025-05-27,Absent,0.0,0.0
11797,587,2025-05-19,Absent,0.0,0.0
11798,587,2025-07-20,Absent,0.0,0.0
11799,587,2025-09-01,Absent,0.0,0.0
11800,587,08/09/2025,Absent,0.0,0.0
11801,587,2025-12-28,Present,8.7,0.0
11802,587,04/02/2025,Late,7.0,0.0
11803,587,2025-07-08,Absent,0.0,0.0
11804,588,27-Dec-2025,Present,8.6,0.0
11805,588,2025-11-03,Present,8.4,0.0
11806,588,2025-08-22,Present,8.8,0.0
11807,588,2025-12-24,Present,8.1,0.0
11808,588,2025-09-08,Present,7.2,0.0
11809,588,2025-03-29,Present,9.4,2.0
11810,588,2025-06-10,Present,8.7,0.0
11811,588,04-Dec-2025,Present,8.3,0.0
11812,588,2025-04-17,Present,7.1,0.0
11813,588,2025-08-29,Late,7.4,0.0
11814,588,2025-01-21,Leave,0.0,0.0
11815,588,2025-04-22,Present,9.0,0.0
11816,588,2025-10-02,Absent,0.0,0.0
11817,588,2025-01-03,Present,7.4,0.0
11818,588,2025-04-28,Present,9.5,0.0
11819,588,2025-06-24,Present,8.8,0.0
11820,588,2025-01-14,Present,8.2,0.0
11821,588,2025-10-10,Present,8.5,0.0
11822,588,2025-07-16,Present,7.3,2.5
11823,588,13/11/2025,Present,7.2,0.0
11824,589,13/12/2025,Present,8.4,0.0
11825,589,2025-01-09,Present,8.4,0.0
11826,589,2025-02-11,Present,9.2,3.0
11827,589,15-Feb-2025,Present,7.6,3.6
11828,589,2025-03-26,Present,8.4,0.0
11829,589,2025-12-02,Present,,1.1
11830,589,2025-01-12,Present,9.1,3.8
11831,589,23-May-2025,Present,8.9,0.0
11832,589,2025-09-14,Present,9.4,0.0
11833,589,2025-11-21,Present,7.8,
11834,589,2025-05-04,Present,9.2,0.0
11835,589,25/11/2025,Present,8.2,0.0
11836,589,2025-10-30,Present,7.4,0.0
11837,589,02/08/2025,Present,8.7,0.0
11838,590,2025-06-15,Present,8.7,0.0
11839,590,2025-05-10,Present,7.7,0.0
11840,590,2025-06-30,Present,7.1,0.0
11841,590,2025-06-19,Absent,0.0,0.0
11842,590,2025-03-29,Present,7.5,0.0
11843,590,2025-10-10,Present,8.0,0.0
11844,590,2025-10-31,Present,7.4,1.2
11845,590,04/12/2025,Present,8.0,0.0
11846,590,2025-03-28,Present,9.4,0.0
11847,590,2025-10-29,Present,8.9,0.0
11848,590,2025-11-15,Late,5.5,0.0
11849,590,2025-08-08,Present,9.4,0.0
11850,590,2025-11-16,Present,8.6,0.0
11851,590,2025-10-27,Present,8.1,0.0
11852,590,2025-01-28,Absent,0.0,0.0
11853,590,2025-04-25,Present,8.2,0.0
11854,590,2025-01-20,Present,8.0,1.3
11855,590,2025-05-15,Present,8.0,0.0
11856,590,2025-02-12,Present,8.3,0.0
11857,590,2025-08-01,Present,8.3,0.0
11858,590,2025-06-13,Late,6.8,
11859,590,2025-06-24,absent,0.0,0.0
11860,590,2025-04-14,Present,7.9,0.0
11861,590,2025-09-04,Present,8.8,0.0
11862,590,24/03/2025,Present,8.4,0.0
11863,590,2025-06-09,Absent,0.0,0.0
11864,590,2025-08-11,Present,9.4,1.8
11865,591,2025-01-31,Present,9.3,3.4
11866,591,2025-07-23,Present,8.6,0.0
11867,591,07-28-2025,Absent,0.0,0.0
11868,591,2025-09-27,Present,8.6,0.0
11869,591,2025-04-07,Present,7.2,0.0
11870,591,2025-11-30,Present,9.4,0.0
11871,591,2025-11-05,Present,,0.0
11872,591,22-Apr-2025,Present,8.4,1.7
11873,591,2025-02-22,Present,8.1,0.0
11874,591,04/09/2025, Absent,0.0,0.0
11875,591,2025-07-16,Absent,0.0,0.0
11876,591,2025-05-06,Leave,0.0,0.0
11877,591,2025-12-13,Present,8.5,0.0
11878,591,2025-07-11,Present,,2.1
11879,591,2025-11-29,Present,9.5,0.0
11880,591,2025-08-09,Absent,0.0,0.0
11881,591,04-03-2025,Present,8.5,0.0
11882,591,2025-04-12,Absent,0.0,0.0
11883,591,2025-08-30,Present,7.4,0.0
11884,591,23/03/2025,Present,7.5,3.0
11885,591,2025-10-25,Present,7.1,0.0
11886,591,2025-07-31,Present,8.2,0.0
11887,591,2025-08-26,Present,7.4,0.0
11888,591,2025-06-25,Present,8.1,0.0
11889,591,06-09-2025,Present,8.9,0.0
11890,591,2025-11-13,Present,8.1,0.0
11891,591,2025-09-16,Late,5.0,0.0
11892,591,2025-12-23,Present,7.6,0.0
11893,592,26/02/2025,Late,5.6,0.7
11894,592,2025-07-15,Present,8.5,0.0
11895,592,2025-07-10,Present,8.5,0.0
11896,592,03/10/2025,Present,7.2,0.0
11897,592,2025-04-09,Present,8.0,0.0
11898,592,2025-02-12,present,8.0,0.0
11899,592,2025-02-05,Present,7.8,0.0
11900,592,2025-06-11,Present,8.4,0.0
11901,592,2025-08-26,Absent,0.0,0.0
11902,592,2025-07-12,Present,7.9,0.0
11903,592,2025-08-05,Absent,0.0,0.0
11904,592,2025-08-14,Present,8.0,3.3
11905,592,2025-11-20,Present,7.4,0.0
11906,592,02/06/2025,Present,8.5,0.0
11907,592,2025-08-12,Late,6.0,0.0
11908,593,2025-08-04,Present,7.8,0.0
11909,593,2025-05-06,Present,8.8,0.0
11910,593,2025-03-11,Present,8.4,0.0
11911,593,2025-10-24,Present,8.2,2.8
11912,593,2025-10-26,Late,6.9,0.0
11913,593,2025-06-17,Present,9.4,0.0
11914,593,2025-06-26,Absent,0.0,0.0
11915,593,01-18-2025,Absent,0.0,
11916,593,2025-07-04,Present,8.6,0.0
11917,593,2025-08-25,Present,9.2,0.0
11918,593,2025-10-07,Absent,0.0,0.0
11919,593,2025-05-16,Present,,0.0
11920,593,2025-11-05,Present,8.3,0.0
11921,593,2025-10-29,Present,7.5,0.0
11922,593,2025-11-05,Present,7.2,
11923,593,14/12/2025,Present,8.9,
11924,593,02-04-2025,Present,8.0,0.0
11925,593,2025-05-22,Leave,0.0,0.0
11926,593,21-Jul-2025,Present,8.7,0.0
11927,593,2025-06-02,Present,8.2,0.0
11928,594,03-15-2025,Present,8.1,0.0
11929,594,2025-01-16,Present,7.7,0.0
11930,594,2025-03-28,PRESENT,8.0,0.0
11931,594,2025-09-27,Present,7.9,0.0
11932,594,2025-06-19,PRESENT,8.6,0.0
11933,594,2025-02-05,Present,7.3,0.0
11934,594,2025-09-07,Present,7.2,0.0
11935,594,2025-01-24,Present,8.7,0.0
11936,594,2025-07-12,Present,8.4,2.0
11937,594,2025-11-12,PRESENT,7.4,0.0
11938,594,2025-09-08,present,8.0,0.0
11939,594,2025-06-25,Present,9.0,0.0
11940,594,2025-09-15,Present,9.2,3.0
11941,594,2025-12-20,Present,7.1,2.8
11942,595,2025-09-05,Present,7.6,1.6
11943,595,11-22-2025,Present,7.5,0.0
11944,595,2025-08-05,Late,6.8,0.0
11945,595,31/07/2025,Late,6.4,0.0
11946,595,2025-01-07,Present,8.5,0.0
11947,595,2025-03-07,Present,8.7,0.0
11948,595,2025-07-17,Present,7.6,0.0
11949,595,2025-06-15,Present,8.1,0.0
11950,595,2025-05-28,Present,8.6,0.0
11951,595,2025-12-31,Present,8.6,0.0
11952,595,2025-03-06,Present,9.0,0.0
11953,595,2025-09-08,Present,7.7,0.0
11954,595,2025-02-16,Present,8.9,0.0
11955,595,2025-08-05,PRESENT,8.1,0.0
11956,595,2025-09-18,Late,6.5,0.0
11957,595,28-Aug-2025,leave,0.0,0.0
11958,595,2025-06-16,Present,8.1,0.0
11959,595,2025-08-02,Late,7.3,0.0
11960,595,2025-10-14,Present,7.4,0.0
11961,595,2025-01-23,Present,8.7,0.0
11962,595,2025-05-03,Present,8.4,0.0
11963,596,2025-01-08,Present,7.4,0.0
11964,596,2025-06-10,Absent,0.0,0.0
11965,596,07-31-2025,Absent,0.0,0.0
11966,596,2025-02-06,Absent,0.0,0.0
11967,596,2025-10-28,Leave,0.0,0.0
11968,596,2025-04-07,Absent,0.0,0.0
11969,596,2025-05-14,Present,7.2,0.0
11970,596,2025-09-19,Absent,0.0,0.0
11971,596,2025-07-22,Present,9.0,1.1
11972,596,07-Mar-2025,Absent,0.0,0.0
11973,596,2025-03-16,Present,7.5,0.0
11974,596,2025-10-18,Present,9.4,0.0
11975,596,2025-06-09,Present,8.8,0.0
11976,597,18-Jul-2025,Present,7.6,0.0
11977,597,2025-09-27,Present,8.5,0.0
11978,597,2025-09-17,Present,8.3,0.0
11979,597,2025-04-12,Absent,0.0,0.0
11980,597,2025-08-06,Present,9.1,3.1
11981,597,24/03/2025,Present,9.1,1.2
11982,597,2025-12-29,Present,8.6,
11983,597,2025-04-04,Leave,0.0,
11984,597,2025-06-27,Present,7.1,0.0
11985,597,2025-08-05,Present,7.2,0.0
11986,597,03-03-2025,Late,6.6,0.0
11987,597,2025-10-28,Present,,0.0
11988,597,2025-02-26,Present,8.4,0.0
11989,597,2025-02-25,Present,9.1,1.8
11990,597,15-Sep-2025,Present,7.1,0.0
11991,597,2025-12-16,Present,8.8,0.0
11992,597,2025-07-05,Present,9.3,0.0
11993,597,2025-07-18,Absent,0.0,0.0
11994,597,2025-03-18,Late,6.7,2.5
11995,597,2025-04-07,PRESENT,7.6,0.0
11996,597,2025-11-25,Present,7.0,0.0
11997,597,2025-07-11,Present,8.7,0.0
11998,597,2025-03-27,Present,7.6,0.0
11999,597,02-03-2025,Absent,0.0,0.0
12000,597,2025-06-02,PRESENT,9.1,0.0
12001,597,2025-12-30,Absent,0.0,0.0
12002,597,2025-03-23,Present,8.2,2.4
12003,597,2025-03-07,Present,8.9,0.0
12004,597,2025-12-30,Present,8.9,0.0
12005,597,2025-07-15,Present,8.6,0.0
12006,597,2025-03-07,Present,9.3,0.0
12007,598,2025-06-24,Present,9.5,3.8
12008,598,13/10/2025,PRESENT,9.1,0.0
12009,598,07-Jan-2025,Present,8.8,0.0
12010,598,2025-10-04,Absent,0.0,0.0
12011,598,08/08/2025,Present,8.7,0.0
12012,598,2025-10-26,Late,4.8,0.0
12013,598,31/07/2025,Present,7.7,0.0
12014,598,2025-10-15,Late,4.5,0.0
12015,598,2025-12-07,Present,7.3,0.0
12016,598,2025-02-18,Present,8.1,0.0
12017,598,2025-02-10,Present,7.4,0.0
12018,598,2025-01-16,PRESENT,9.3,0.0
12019,598,2025-07-20,Present,,0.0
12020,598,2025-07-20,Present,7.2,0.0
12021,598,2025-06-05,Present,7.6,0.0
12022,598,2025-11-29,ABSENT,0.0,0.0
12023,599,2025-08-01,Present,9.0,0.0
12024,599,2025-09-21,Present,9.0,3.8
12025,599,2025-04-13,Present,9.5,0.0
12026,599,2025-01-26,Present,9.4,0.0
12027,599,2025-11-04,Present,8.0,0.0
12028,599,2025-04-26,Present,7.6,0.0
12029,599,2025-11-21,Present,8.9,0.0
12030,599,2025-02-25,Present,7.7,0.0
12031,599,2025-05-09,Present,9.0,2.4
12032,599,2025-12-19,Present,9.0,0.0
12033,599,2025-08-01,Present,7.7,2.3
12034,599,2025-11-20,Present,8.4,0.0
12035,599,2025-05-08,Absent,0.0,0.0
12036,599,2025-07-26,Present,,0.0
12037,599,2025-08-22,Present,7.7,3.8
12038,599,2025-07-23,Present,9.0,0.0
12039,599,15-Nov-2025,Present,8.8,0.0
12040,599,2025-02-06,Present,9.0,0.0
12041,599,2025-11-03,Present,8.5,0.0
12042,599,2025-09-15,Present,7.6,0.0
12043,599,2025-02-07,Present,7.5,0.0
12044,599,08-28-2025,Present,9.2,0.0
12045,599,2025-10-22,Absent,0.0,0.0
12046,599,24-Jul-2025,Present,8.8,0.0
12047,600,2025-06-30,Present,7.5,0.0
12048,600,12/03/2025,Present,,
12049,600,2025-03-10,Present,8.1,0.0
12050,600,2025-07-18,Late,5.0,0.0
12051,600,2025-06-17,Present,8.3,0.0
12052,600,10-16-2025,Present,7.7,0.8
12053,600,2025-03-09,Present,8.2,0.0
12054,600,2025-05-15,Present,8.5,0.0
12055,600,2025-12-10,Present,7.1,0.0
12056,600,2025-06-13,Present,8.0,0.0
12057,600,2025-07-29,Present,7.6,0.6
12058,600,2025-05-02,Present,7.3,0.0
12059,600,2025-08-12,Present,7.3,0.0
12060,600,2025-01-18,Present,7.5,0.0
12061,600,2025-02-16,Present,9.0,0.0
12062,600,2025-07-24,Present,8.1,0.0
12063,600,2025-03-14,Present,7.4,0.0
12064,600,2025-11-30,Present,7.3,
12065,600,2025-07-06,Present,7.7,0.0
12066,601,2025-04-07,Leave,0.0,0.0
12067,601,2025-01-08,Present,9.0,0.0
12068,601,2025-05-26,Absent,0.0,0.0
12069,601,11-23-2025,Present,,0.0
12070,601,2025-02-24,Present,7.4,0.0
12071,601,2025-04-28,Present,8.0,0.0
12072,601,2025-09-10,PRESENT,8.4,0.0
12073,601,2025-08-13,Absent,0.0,0.0
12074,601,2025-12-09,Absent,0.0,0.0
12075,601,2025-04-25,Present,7.1,0.0
12076,601,2025-10-09,Present,8.6,1.9
12077,601,2025-02-04,Absent,0.0,
12078,601,23-Oct-2025,Present,7.0,0.0
12079,601,2025-09-02,Present,8.7,0.0
12080,601,2025-03-25,Present,8.8,0.0
12081,601,2025-08-16,ABSENT,0.0,0.0
12082,601,2025-05-09,Present,8.6,0.0
12083,601,2025-07-12,Late,5.5,0.0
12084,601,24-Aug-2025,Present,8.3,0.0
12085,601,2025-12-23,Absent,0.0,0.0
12086,601,2025-07-27,Present,8.0,0.0
12087,601,2025-05-27,Present,8.8,0.0
12088,601,2025-10-29,Present,8.5,0.0
12089,601,2025-06-12,Absent,0.0,0.0
12090,601,2025-08-19,Absent,0.0,0.0
12091,601,2025-05-05,Absent,0.0,0.0
12092,601,2025-05-09,Present,7.2,2.8
12093,601,2025-06-24,Absent,0.0,0.0
12094,601,2025-08-06,Present,8.7,0.0
12095,601,2025-09-11,Present,7.9,0.0
12096,601,05/12/2025,Absent,0.0,0.0
12097,601,2025-07-01,Present,9.2,0.0
12098,601,2025-10-01,Absent,0.0,0.0
12099,601,2025-03-24,Late,7.0,0.0
12100,601,2025-03-11,Present,7.4,0.0
12101,601,2025-08-05,Present,9.3,0.0
12102,601,2025-06-11,Absent,0.0,0.0
12103,601,2025-09-11,Present,8.1,0.0
12104,601,2025-12-18,Absent,0.0,
12105,601,2025-06-17,Present,8.8,0.0
12106,601,2025-02-16,Present,9.0,0.0
12107,601,2025-06-11,Present,8.3,0.0
12108,601,01-07-2025,Absent,0.0,0.0
12109,601,2025-02-06,Present,8.0,0.0
12110,601,18/01/2025,Present,9.3,0.0
12111,601,2025-06-13,Absent,0.0,0.0
12112,601,2025-08-14,Present,7.6,0.0
12113,602,2025-11-19, Present,7.6,0.0
12114,602,2025-05-05,Present,7.9,0.0
12115,602,2025-04-29,Present,9.1,0.0
12116,602,2025-01-17,Present,9.3,0.0
12117,602,2025-04-18,Absent,0.0,0.0
12118,602,2025-09-29,Present,7.6,0.0
12119,602,2025-09-12,Absent,0.0,0.0
12120,602,2025-04-23,Absent,0.0,0.0
12121,602,2025-04-13,Present,9.2,0.0
12122,602,2025-03-06,Present,7.6,0.0
12123,602,05-10-2025,Present,9.4,0.0
12124,602,2025-07-03,Present,8.5,0.5
12125,603,2025-10-26,Absent,0.0,0.0
12126,603,2025-04-11,Late,4.6,0.0
12127,603,2025-01-08,Absent,0.0,0.0
12128,603,2025-03-27,Absent,0.0,0.0
12129,603,2025-05-25,Absent,0.0,0.0
12130,603,2025-04-03,Absent,0.0,0.0
12131,603,2025-08-18,Absent,0.0,0.0
12132,603,2025-10-29,Absent,0.0,0.0
12133,603,2025-12-16,Absent,0.0,0.0
12134,604,13/03/2025,Present,7.4,0.0
12135,604,2025-08-18,Present,7.5,0.0
12136,604,19/07/2025,Present,8.9,
12137,604,2025-11-20,Present,9.4,0.0
12138,604,2025-09-26,Present,8.6,0.0
12139,604,2025-02-06,Present,8.7,0.0
12140,604,2025-06-08,Absent,0.0,0.0
12141,604,2025-04-19,Present,7.5,0.0
12142,604,2025-08-29,PRESENT,9.2,0.0
12143,604,2025-05-27,Present,8.7,0.0
12144,604,2025-04-10,absent,0.0,0.0
12145,604,2025-02-21,Present,9.2,0.0
12146,604,2025-03-24,Present,9.4,0.0
12147,604,2025-04-15,Present,7.3,0.0
12148,604,18/08/2025,Present,7.2,0.0
12149,604,15/07/2025,Present,9.0,0.0
12150,604,2025-01-03,Present,9.2,0.0
12151,604,2025-06-08,Present,8.5,0.0
12152,604,2025-03-02,Present,7.9,
12153,604,2025-02-23,absent,0.0,0.0
12154,604,29-Aug-2025,Present,8.6,1.6
12155,604,08-13-2025,Present,7.6,0.0
12156,604,2025-08-20,Present,8.2,0.0
12157,604,2025-12-27,Present,7.5,0.0
12158,605,2025-10-14,Present,8.2,3.8
12159,605,2025-01-18,Present,9.1,3.8
12160,605,2025-03-21,Present,9.0,0.0
12161,605,2025-08-16,Present,7.9,0.0
12162,605,2025-01-18,Present,9.0,0.0
12163,605,04-06-2025,Present,9.3,0.0
12164,605,18/04/2025,Present,9.4,0.0
12165,605,2025-09-08,Present,8.7,1.2
12166,605,2025-11-26,Present,7.1,0.0
12167,605,2025-08-30,Present,7.4,0.0
12168,605,2025-06-15,Present,9.4,0.0
12169,605,2025-02-02,Present,8.2,0.0
12170,605,2025-10-23,Present,9.1,0.0
12171,605,2025-05-13,Present,8.2,2.8
12172,605,2025-06-08,PRESENT,7.1,0.0
12173,605,2025-04-01,PRESENT,7.6,0.0
12174,605,2025-06-02,Present,8.1,0.0
12175,605,09-23-2025,Present,8.6,0.0
12176,605,15/06/2025,Present,7.4,0.0
12177,605,2025-11-06,Present,8.9,1.8
12178,606,27-Feb-2025,Present,9.0,0.0
12179,606,2025-02-23,Present,7.2,2.9
12180,606,27-Feb-2025,Absent,0.0,0.0
12181,606,2025-08-10,Late,5.4,0.0
12182,606,2025-04-29,Present,9.0,0.0
12183,606,13/06/2025,Late,5.7,0.0
12184,607,04-Aug-2025,Present,8.7,3.8
12185,607,2025-07-08,Absent,0.0,0.0
12186,607,2025-07-31,Present,7.1,0.0
12187,607,2025-09-30,Absent,0.0,0.0
12188,607,2025-11-08,Present,7.0,0.0
12189,607,2025-04-18,Present,8.9,0.0
12190,607,25/04/2025,Present,8.6,0.0
12191,607,2025-01-31,Late,5.4,0.0
12192,607,2025-09-18,Present,8.2,0.6
12193,607,2025-11-17,Present,7.5,0.0
12194,607,2025-06-26,Present,8.1,0.0
12195,607,16-Apr-2025,Present,9.1,0.0
12196,607,2025-05-06,Present,8.2,0.0
12197,607,2025-07-04,Late,6.3,0.0
12198,607,20-Aug-2025,Absent,0.0,0.0
12199,607,2025-02-09,Present,9.2,0.0
12200,607,2025-06-22,Present,7.8,0.0
12201,607,11-23-2025,Late,6.6,0.0
12202,607,2025-10-06,Absent,0.0,0.0
12203,607,2025-11-24,Late,7.1,0.0
12204,607,18/05/2025,Present,7.5,0.0
12205,607,2025-03-16,Present,7.9,0.0
12206,607,2025-12-07,Present,9.4,0.0
12207,607,2025-03-24,Present,9.5,0.0
12208,607,2025-11-20,Present,7.6,0.0
12209,607,2025-05-09,Present,7.2,0.0
12210,608,03-Apr-2025,Present,7.7,0.0
12211,608,2025-11-20,Present,8.0,0.0
12212,608,2025-10-12,Present,8.1,0.0
12213,608,2025-08-29,Present,8.5,0.0
12214,608,12-22-2025,Present,9.2,0.0
12215,608,2025-10-20,Present,7.8,0.0
12216,608,2025-03-04,Present,9.1,0.0
12217,608,2025-10-20,Present,7.2,0.6
12218,608,2025-12-31, Present,8.3,0.0
12219,608,2025-12-26,Present,7.1,0.0
12220,608,2025-12-23,Absent,0.0,0.0
12221,608,2025-07-20,Present,8.0,0.0
12222,608,2025-10-24,PRESENT,9.2,0.0
12223,608,09-14-2025,Present,7.6,0.0
12224,608,2025-05-23,Late,6.6,0.0
12225,608,2025-03-26,Present,7.8,0.0
12226,608,03/05/2025, Late,4.6,0.0
12227,608,2025-01-27,PRESENT,8.4,0.0
12228,609,2025-04-26,Absent,0.0,0.0
12229,609,03-23-2025,Present,9.1,0.0
12230,609,04-08-2025,Present,8.0,0.0
12231,609,2025-11-10,Absent,0.0,0.0
12232,609,2025-08-17,Present,8.5,0.0
12233,609,2025-07-14,Present,9.3,3.3
12234,609,2025-09-15,Present,7.5,0.0
12235,609,2025-03-13,Absent,0.0,0.0
12236,609,2025-03-17,Present,8.8,0.0
12237,609,2025-01-31,Present,,0.0
12238,609,2025-10-04,Present,8.9,0.0
12239,609,2025-07-17,Late,6.0,0.0
12240,609,2025-06-02,Present,7.3,2.5
12241,609,2025-12-15,Present,8.2,0.0
12242,609,2025-10-03,Absent,0.0,0.0
12243,609,2025-01-11,Present,8.3,0.0
12244,609,2025-10-06,Present,9.2,0.0
12245,609,30/11/2025,Present,9.2,0.0
12246,609,2025-12-07,Absent,0.0,0.0
12247,609,2025-04-18,Absent,0.0,0.0
12248,609,2025-04-14,Late,5.9,0.0
12249,610,2025-05-31,Present,8.1,2.3
12250,610,22/03/2025,Present,8.3,0.0
12251,610,2025-03-19,Present,9.4,2.8
12252,610,2025-04-17,Present,7.7,0.0
12253,610,2025-11-08,Absent,0.0,0.0
12254,610,2025-05-26,Present,8.3,0.0
12255,610,2025-05-25,Present,8.6,0.0
12256,610,2025-08-10,Present,8.6,0.0
12257,610,2025-11-30,Present,8.5,0.0
12258,610,2025-12-15,Absent,0.0,0.0
12259,610,2025-02-18,Absent,0.0,0.0
12260,610,2025-12-20,Absent,0.0,0.0
12261,610,2025-07-30,Late,5.0,0.0
12262,610,2025-04-02,Present,7.1,0.0
12263,610,2025-09-26,Leave,0.0,0.0
12264,610,06-12-2025,Present,7.8,0.0
12265,610,2025-01-02,Present,8.1,0.0
12266,610,12/11/2025,Present,7.2,0.0
12267,610,2025-07-13,Absent,0.0,0.0
12268,610,22/10/2025,Present,9.0,0.0
12269,610,2025-02-23,Present,7.9,0.0
12270,610,2025-09-27,Present,9.3,1.0
12271,611,2025-08-01,Present,7.1,0.0
12272,611,2025-01-31,Late,5.9,0.0
12273,611,2025-01-04,Present,7.5,0.0
12274,611,2025-11-23,Absent,0.0,0.0
12275,611,2025-05-15,PRESENT,9.3,0.0
12276,611,2025-09-19,Present,7.0,0.0
12277,611,2025-07-14,Present,8.0,3.7
12278,611,2025-06-09,Present,8.0,0.0
12279,611,02/08/2025,Present,7.2,0.0
12280,611,2025-10-06,Present,7.8,0.0
12281,611,2025-04-24,Present,8.2,1.1
12282,611,2025-02-08,Present,8.2,3.4
12283,611,2025-04-01,PRESENT,9.2,0.0
12284,611,19/04/2025,Present,7.1,0.0
12285,611,2025-06-27,PRESENT,7.4,0.0
12286,612,2025-01-08,Present,,0.0
12287,612,25/11/2025,Present,8.5,0.0
12288,612,2025-03-29,Present,7.9,0.0
12289,612,03-28-2025,Absent,0.0,0.0
12290,612,2025-12-04,Absent,0.0,0.0
12291,612,2025-06-27,Present,9.1,0.0
12292,612,2025-08-06,Present,8.8,0.9
12293,612,2025-10-04,Late,6.4,0.0
12294,612,2025-12-03,Absent,0.0,0.0
12295,612,2025-03-04,Present,7.3,1.4
12296,612,2025-08-22,Present,7.4,0.0
12297,612,2025-05-11,Present,7.4,2.7
12298,612,2025-10-16,Present,8.4,0.0
12299,612,2025-12-22,absent,0.0,0.0
12300,612,24-Oct-2025,Absent,0.0,0.0
12301,612,2025-01-03,Present,,0.0
12302,612,2025-12-10,PRESENT,9.5,2.0
12303,612,2025-12-01,Absent,0.0,0.0
12304,612,2025-09-18,Present,7.2,0.0
12305,612,2025-07-01,Absent,0.0,0.0
12306,612,2025-08-14,Present,7.3,0.0
12307,612,03-03-2025,Present,8.5,0.0
12308,612,2025-11-07,Present,9.4,0.0
12309,612,2025-01-24,Present,8.4,0.0
12310,612,02-Sep-2025,Present,9.4,0.0
12311,612,2025-03-11,Late,5.8,0.0
12312,612,2025-02-02,Absent,0.0,0.0
12313,612,2025-11-04,Late,5.8,2.3
12314,612,2025-12-19,Present,8.7,0.0
12315,612,2025-03-28, Present,7.9,0.0
12316,612,2025-03-19,Present,9.2,0.0
12317,612,2025-04-28,present,7.1,0.0
12318,612,25-Jan-2025,present,8.1,0.0
12319,612,2025-12-14,Present,8.3,0.0
12320,612,2025-07-21,Leave,0.0,
12321,612,2025-04-18,Present,8.5,0.0
12322,612,2025-03-21,Present,7.7,0.0
12323,612,2025-07-02,Present,8.1,2.2
12324,613,2025-04-26,Present,,0.0
12325,613,2025-11-24,Present,8.9,3.1
12326,613,10-12-2025,Present,7.9,0.0
12327,613,2025-03-07,Present,9.5,3.5
12328,613,2025-06-13,Present,7.7,0.0
12329,613,2025-01-30,Present,7.5,
12330,613,2025-12-10,Present,7.8,0.0
12331,613,2025-02-24,Present,8.1,3.5
12332,613,2025-06-11,Absent,0.0,0.0
12333,613,2025-03-06,Present,8.9,0.0
12334,613,2025-03-29,Absent,0.0,0.0
12335,613,2025-11-11,Absent,0.0,0.0
12336,613,2025-05-10,Present,9.1,0.0
12337,613,20-Dec-2025,Present,7.7,2.6
12338,613,2025-02-06,Present,7.7,0.0
12339,613,2025-05-09,Present,7.3,2.9
12340,614,13/04/2025,Present,7.4,
12341,614,2025-09-28,Present,8.7,0.0
12342,614,2025-05-22,PRESENT,8.6,0.0
12343,614,2025-06-18,PRESENT,9.0,0.0
12344,614,2025-04-17,Present,7.3,0.0
12345,614,03/11/2025,Late,6.9,0.0
12346,614,2025-01-03,Late,7.5,0.0
12347,614,2025-07-13,Present,9.1,0.0
12348,614,2025-08-29,Absent,0.0,0.0
12349,614,2025-03-17,Absent,0.0,0.0
12350,614,2025-02-24,Present,8.9,0.0
12351,614,2025-09-22,Present,8.7,0.0
12352,614,2025-03-20,Absent,0.0,0.0
12353,614,2025-03-09,Present,8.1,0.0
12354,614,2025-10-27,Present,8.8,3.0
12355,614,21/04/2025,PRESENT,8.6,0.0
12356,614,2025-03-01,Late,6.9,
12357,615,2025-11-08,Present,7.3,0.0
12358,615,2025-08-14,Present,8.4,0.0
12359,615,2025-08-09,Present,7.7,0.0
12360,615,2025-10-14,Present,8.0,0.0
12361,615,2025-02-20,Present,7.0,0.0
12362,615,2025-09-25,Absent,0.0,0.0
12363,615,2025-06-11,Absent,0.0,0.0
12364,615,2025-11-28,Present,8.0,0.0
12365,615,2025-05-05,Present,9.0,0.0
12366,615,03-22-2025,Present,8.4,0.0
12367,615,21-Sep-2025,Absent,0.0,0.0
12368,615,2025-11-10,Absent,0.0,0.0
12369,615,2025-04-18,Present,7.0,0.0
12370,615,2025-07-03,Late,5.9,0.0
12371,615,2025-12-24,Present,7.7,0.0
12372,615,2025-09-25,Present,8.2,
12373,615,2025-04-07,absent,0.0,0.0
12374,615,2025-10-14, Present,8.0,0.0
12375,615,29/05/2025,Present,9.3,0.6
12376,615,2025-02-13,Late,6.6,0.0
12377,615,2025-09-08,Present,9.1,0.0
12378,615,2025-06-18,Late,7.4,0.0
12379,615,2025-12-11,Present,7.4,0.0
12380,615,2025-08-26,Absent,0.0,0.0
12381,615,2025-10-29,Present,8.3,0.7
12382,616,2025-08-02,Present,8.2,0.9
12383,616,2025-06-08,Present,9.1,0.0
12384,616,2025-06-22,Present,7.3,0.0
12385,616,2025-04-30,Present,8.3,2.3
12386,616,2025-01-17,Present,,0.0
12387,616,2025-05-09,Absent,0.0,0.0
12388,616,2025-08-29,Present,8.6,0.0
12389,616,2025-10-05,Present,7.7,0.0
12390,616,2025-02-19,Present,7.6,0.0
12391,616,2025-01-11,Present,7.3,3.1
12392,616,2025-12-12,Present,8.7,0.0
12393,616,2025-08-08,Present,8.5,0.0
12394,616,04-20-2025,Absent,0.0,0.0
12395,616,2025-03-24,Present,7.1,0.0
12396,616,15-Sep-2025,Present,8.9,0.0
12397,616,2025-12-05,Present,8.6,3.9
12398,616,2025-08-06,Present,8.5,0.0
12399,616,2025-02-21,Present,,0.0
12400,616,2025-04-03,Present,8.0,0.0
12401,616,2025-02-05,Late,5.0,0.0
12402,616,2025-06-19,Present,8.8,0.0
12403,616,2025-08-03,Present,8.8,0.0
12404,617,16/03/2025,Present,7.5,0.0
12405,617,2025-12-22,Absent,0.0,0.0
12406,617,2025-02-04,Present,,
12407,617,10-28-2025,Present,9.3,0.0
12408,617,2025-09-09,Present,7.6,0.0
12409,617,2025-10-01,Present,,0.0
12410,617,2025-03-26,absent,0.0,0.0
12411,617,2025-12-11,Present,7.7,0.0
12412,617,2025-07-27,Absent,0.0,
12413,617,2025-09-29,Late,5.7,0.0
12414,617,2025-06-28,Present,8.8,0.0
12415,617,2025-06-21,Present,9.2,0.0
12416,617,27-Apr-2025,Absent,0.0,0.0
12417,617,23-May-2025,Absent,0.0,0.0
12418,617,2025-08-02,Absent,0.0,0.0
12419,617,2025-09-29,Late,5.0,0.0
12420,617,10-Sep-2025,Absent,0.0,0.0
12421,617,2025-03-05,present,8.7,0.0
12422,617,2025-05-11,Absent,0.0,0.0
12423,617,2025-12-30,Present,7.9,3.9
12424,617,2025-06-06,Absent,0.0,0.0
12425,617,2025-01-31,Present,,0.0
12426,617,2025-08-16,Leave,0.0,0.0
12427,617,2025-01-24,absent,0.0,0.0
12428,617,04/03/2025,Absent,0.0,0.0
12429,617,2025-08-05,LATE,4.5,0.0
12430,617,2025-08-16,Present,8.3,0.0
12431,618,2025-03-23, Present,7.4,0.0
12432,618,2025-03-24,Late,4.6,0.0
12433,618,2025-12-05,Present,8.7,0.0
12434,618,2025-06-06,Late,6.7,0.0
12435,618,17/05/2025,Present,8.2,0.0
12436,618,2025-09-06,Present,8.7,0.0
12437,618,2025-03-18,Present,8.3,0.0
12438,618,2025-11-25,Present,8.6,0.0
12439,618,2025-04-10,Present,8.5,0.0
12440,618,2025-06-14,Present,8.7,0.0
12441,618,2025-07-07,Present,7.5,0.0
12442,618,10-14-2025,Present,7.7,0.0
12443,618,2025-05-05,Present,8.1,0.0
12444,618,02-04-2025,Present,8.1,0.0
12445,618,15-Jun-2025,Late,6.8,0.0
12446,618,2025-12-23,Late,5.6,0.0
12447,618,2025-10-30,Absent,0.0,0.0
12448,618,2025-08-09,Present,7.4,0.0
12449,618,2025-03-03,Present,7.6,0.0
12450,618,2025-07-25,Absent,0.0,0.0
12451,618,2025-11-22,Absent,0.0,0.0
12452,618,05-29-2025,present,7.5,0.0
12453,618,2025-05-12,Absent,0.0,0.0
12454,618,2025-03-22,Present,8.8,0.0
12455,618,31-Jan-2025,Absent,0.0,0.0
12456,618,2025-03-03,Late,5.9,3.0
12457,618,2025-12-16,Present,8.0,0.0
12458,619,2025-06-30,Absent,0.0,0.0
12459,619,2025-01-01,Absent,0.0,0.0
12460,619,2025-03-21,Present,9.2,0.0
12461,619,2025-12-28,Late,7.5,0.0
12462,619,2025-08-13,Absent,0.0,0.0
12463,619,2025-06-16,Absent,0.0,0.0
12464,619,2025-06-01,Absent,,0.0
12465,619,2025-12-23,Absent,0.0,0.0
12466,619,19-Oct-2025,Late,6.5,0.0
12467,619,2025-12-19,Absent,0.0,0.0
12468,619,2025-09-20,Absent,0.0,0.0
12469,619,2025-02-21,Absent,0.0,0.0
12470,619,2025-07-28,Absent,0.0,0.0
12471,619,2025-03-11,Present,9.2,0.0
12472,619,2025-08-13,Absent,0.0,0.0
12473,619,28-Jun-2025,Absent,0.0,
12474,619,2025-02-06,Absent,0.0,0.0
12475,619,2025-04-29,Absent,0.0,0.0
12476,619,13/06/2025,Absent,0.0,0.0
12477,620,2025-08-04,Present,8.3,0.0
12478,620,2025-06-21, Present,9.3,0.0
12479,620,2025-07-16,Present,9.1,0.0
12480,620,2025-09-20,Late,7.5,0.0
12481,620,2025-12-16,Present,8.6,0.0
12482,620,2025-07-20,Present,8.9,2.4
12483,620,2025-12-30,Present,7.6,0.0
12484,620,2025-12-06,Present,7.9,0.0
12485,620,2025-02-03,Present,9.2,
12486,620,2025-11-16,Present,8.5,0.0
12487,620,02-17-2025,Present,7.9,0.0
12488,620,2025-12-11,Absent,0.0,0.0
12489,620,2025-12-31,Present,8.0,0.0
12490,620,2025-07-27,Present,9.2,0.0
12491,620,2025-01-03,Present,9.1,0.0
12492,620,2025-04-02,Present,8.5,0.0
12493,620,2025-11-30,Late,5.3,0.0
12494,620,2025-10-17,Present,8.2,0.0
12495,620,26-Dec-2025,Late,5.7,0.0
12496,620,2025-08-11,Present,7.9,
12497,620,12-07-2025,Absent,0.0,0.0
12498,620,2025-10-11,Present,7.3,0.0
12499,620,2025-09-23,Absent,0.0,0.0
12500,620,2025-06-20,Present,8.4,0.0
12501,620,2025-04-25,Present,7.8,0.0
12502,620,13-Oct-2025,Present,8.7,0.0
12503,620,2025-10-14,present,7.8,0.0
12504,620,2025-07-10,LATE,5.8,0.7
12505,620,2025-03-03,Absent,0.0,0.0
12506,620,06-Jan-2025,Present,9.5,0.0
12507,620,2025-07-07,Present,8.3,0.6
12508,620,2025-03-22,Present,8.4,0.0
12509,620,2025-10-15,Present,9.2,0.0
12510,621,17-May-2025,Present,8.9,3.0
12511,621,2025-04-08,Present,7.3,
12512,621,2025-10-26,Present,8.6,0.0
12513,621,07/10/2025,Present,8.9,0.0
12514,621,2025-06-12,Present,8.4,0.0
12515,621,2025-07-24,Present,9.2,0.0
12516,621,2025-01-18,Present,7.7,0.0
12517,621,2025-12-07,present,7.6,0.0
12518,621,2025-09-05,Present,9.2,0.0
12519,621,2025-08-17,Present,8.6,0.0
12520,621,2025-10-27,Present,7.0,0.0
12521,621,2025-05-09,Present,7.9,0.0
12522,621,2025-03-30,Present,9.1,0.0
12523,622,2025-05-09,Present,7.1,0.0
12524,622,2025-11-27,Absent,0.0,0.0
12525,622,2025-02-03,Present,7.0,0.0
12526,622,2025-12-19,Late,5.3,
12527,622,2025-05-18,Present,9.3,3.7
12528,622,2025-05-22,Present,8.3,2.4
12529,622,2025-03-18,Present,7.8,0.0
12530,622,2025-08-09,Present,7.6,0.0
12531,622,2025-03-14,Late,6.9,0.0
12532,622,2025-05-14,Present,7.3,0.0
12533,622,21/01/2025,Present,8.2,0.0
12534,622,02/01/2025,Late,6.4,0.0
12535,622,2025-02-25,Late,4.8,0.0
12536,622,2025-02-07,Present,8.3,0.0
12537,622,2025-01-23,Present,8.4,0.0
12538,622,2025-12-04,Present,8.9,0.0
12539,622,2025-06-04,Present,7.6,0.0
12540,622,28/11/2025,Present,7.7,0.0
12541,622,2025-03-03,Present,8.4,0.0
12542,622,2025-09-21, Late,7.4,0.0
12543,622,04/11/2025,Present,7.5,0.0
12544,623,2025-09-24,Present,9.5,0.0
12545,623,05-Oct-2025,Present,8.8,0.0
12546,623,07/01/2025,Present,9.1,0.0
12547,623,2025-09-18,Absent,0.0,0.0
12548,623,2025-03-03,Present,7.2,0.0
12549,623,2025-05-25,Present,7.8,0.7
12550,623,2025-01-18,Present,7.9,0.0
12551,623,12-22-2025,present,9.5,0.9
12552,623,07-12-2025,Present,8.4,0.0
12553,623,2025-06-24,Present,7.0,0.0
12554,623,2025-12-03,Present,8.8,0.0
12555,623,2025-10-30,Absent,0.0,0.0
12556,623,2025-04-05,Present,7.5,0.0
12557,623,05/02/2025,Absent,0.0,0.0
12558,623,2025-12-26,Present,7.3,0.0
12559,623,2025-01-12,Present,7.8,0.0
12560,623,2025-02-08,Late,6.8,
12561,623,2025-05-29,Present,7.3,0.0
12562,623,2025-08-05,Present,7.6,0.5
12563,623,2025-02-28,Late,7.4,0.0
12564,623,2025-06-27,Present,8.5,0.0
12565,623,2025-07-23,Present,8.8,2.8
12566,623,2025-05-17,Present,7.4,0.0
12567,623,2025-05-15,Present,8.5,0.0
12568,623,06-14-2025,Present,7.3,0.0
12569,623,2025-07-19,Absent,0.0,0.0
12570,623,2025-10-24,Late,5.7,0.0
12571,623,2025-02-10,Present,8.4,0.0
12572,624,2025-08-10,Present,8.4,0.0
12573,624,2025-07-01,Present,7.3,0.0
12574,624,2025-03-03,Present,7.1,0.0
12575,624,2025-09-09,Present,9.0,0.0
12576,624,2025-11-20,Absent,0.0,0.0
12577,624,2025-01-12,Present,8.8,0.0
12578,624,26/06/2025,Present,7.2,0.0
12579,624,2025-09-14,Present,7.3,0.0
12580,624,2025-05-29,Present,9.2,0.0
12581,624,2025-06-30,Absent,0.0,0.0
12582,624,2025-07-17,Absent,0.0,0.0
12583,624,2025-12-28,Present,8.9,0.0
12584,624,2025-04-08,Present,9.5,
12585,624,07/03/2025,Present,8.2,1.3
12586,624,2025-03-17,Present,8.6,0.0
12587,624,2025-10-10,Present,7.3,0.0
12588,624,2025-02-18,Present,7.3,0.0
12589,624,2025-04-22,Present,7.2,0.0
12590,624,2025-07-05,Present,8.7,0.0
12591,624,2025-07-23,Absent,0.0,0.0
12592,624,2025-01-07,Present,8.2,0.0
12593,624,13-Apr-2025,Present,8.5,0.0
12594,624,2025-01-19,Present,9.2,0.0
12595,624,2025-11-21,Present,8.9,0.0
12596,624,2025-03-14,present,8.2,0.0
12597,625,2025-09-29,Leave,0.0,0.0
12598,625,2025-10-07,Present,9.5,2.1
12599,625,2025-03-30,Absent,0.0,0.0
12600,625,2025-11-10,Present,7.3,0.0
12601,625,2025-04-11,Absent,0.0,0.0
12602,625,12-07-2025,Present,9.5,0.0
12603,625,2025-03-14,Present,7.1,0.0
12604,625,2025-03-25,Absent,0.0,0.0
12605,625,2025-08-01,Present,8.4,1.6
12606,625,2025-03-31,Present,8.3,0.0
12607,625,2025-05-11,Absent,0.0,0.0
12608,625,16/04/2025,Present,8.4,0.0
12609,625,2025-06-26,Present,7.6,0.0
12610,625,2025-08-29,Present,8.4,0.0
12611,625,2025-01-17,Absent,0.0,0.0
12612,625,2025-03-10,Present,8.9,1.4
12613,626,2025-08-21,Present,8.0,0.0
12614,626,01-14-2025,Present,7.7,0.0
12615,626,2025-07-05,Present,9.1,3.0
12616,626,2025-07-17,Present,9.2,0.0
12617,626,2025-05-17,Present,7.4,0.0
12618,626,2025-12-08,Present,7.2,0.9
12619,626,25-Nov-2025,Present,7.4,0.0
12620,626,2025-02-07,Late,6.1,0.0
12621,626,2025-05-03,Present,9.4,1.8
12622,626,2025-09-28,Present,9.4,0.0
12623,626,07-Aug-2025,Present,7.1,0.0
12624,626,2025-11-23,Late,7.3,0.0
12625,626,2025-11-24,Present,7.5,0.0
12626,626,2025-08-29,Present,9.3,0.0
12627,626,27-Jan-2025,Present,7.1,3.8
12628,626,2025-12-05,Present,7.5,0.0
12629,626,2025-10-10,Present,7.8,0.0
12630,626,28-Aug-2025,present,8.2,0.0
12631,626,2025-01-10,Present,8.0,0.0
12632,626,2025-08-17,PRESENT,8.7,0.0
12633,626,2025-11-14,Present,9.4,0.0
12634,626,2025-04-07,Present,8.5,0.0
12635,626,2025-05-25,Present,8.8,0.0
12636,626,2025-10-30,Present,7.2,0.0
12637,626,2025-03-10,Present,8.6,0.0
12638,626,2025-09-10,Present,8.1,
12639,626,2025-08-22,Present,9.2,0.0
12640,626,2025-12-12,Present,8.0,0.0
12641,626,2025-02-24,Present,8.7,0.0
12642,626,2025-06-26,Present,7.6,1.4
12643,626,2025-05-25,Present,7.9,0.0
12644,626,2025-01-18,Present,7.8,0.0
12645,627,2025-09-29,Present,7.6,0.0
12646,627,2025-12-31,Present,7.1,0.0
12647,627,2025-09-16,Present,9.1,0.0
12648,627,2025-01-09,Present,7.2,0.0
12649,627,2025-05-27,Present,9.2,0.0
12650,627,2025-11-17,Present,7.3,0.0
12651,627,2025-10-14,Present,7.2,0.0
12652,627,2025-11-01,Present,8.4,0.0
12653,627,2025-01-29,Present,8.3,0.0
12654,627,06/05/2025,Present,8.2,0.0
12655,627,2025-06-24,Present,8.4,0.0
12656,627,2025-01-28,Late,5.4,0.0
12657,627,2025-06-12,Present,8.7,2.3
12658,627,2025-08-03,Present,7.8,0.0
12659,627,31/08/2025,Present,9.1,0.0
12660,627,2025-08-16, Present,8.8,0.0
12661,627,04-Feb-2025,Present,8.0,0.0
12662,627,2025-09-22,Present,9.1,0.0
12663,627,2025-08-01,Present,9.3,2.4
12664,627,2025-04-26,Present,7.5,0.0
12665,627,29/05/2025,Present,9.3,0.0
12666,627,27/10/2025,LATE,5.1,0.0
12667,627,2025-02-28,Present,7.1,0.0
12668,627,2025-08-13,Leave,0.0,0.0
12669,628,2025-11-20,Present,7.8,0.0
12670,628,2025-02-14,Present,8.8,0.0
12671,628,2025-09-11,Present,9.3,0.0
12672,628,2025-07-25,Present,8.6,0.0
12673,628,10-26-2025,Present,9.4,0.0
12674,628,2025-05-30,Present,7.2,0.0
12675,628,2025-11-15,Present,7.2,0.0
12676,628,2025-10-19,Absent,0.0,0.0
12677,628,2025-09-03,PRESENT,8.5,0.0
12678,628,2025-03-11,ABSENT,0.0,0.0
12679,628,2025-10-09,Present,9.4,2.3
12680,628,2025-01-16,Absent,0.0,0.0
12681,628,11-May-2025,Absent,0.0,0.0
12682,628,2025-07-28,Present,7.1,0.0
12683,628,07-22-2025,Late,5.2,1.4
12684,628,2025-09-08,Present,7.8,0.0
12685,628,10/05/2025,Present,7.1,0.0
12686,628,2025-01-22,Present,9.3,0.0
12687,628,2025-02-20,Present,8.3,0.0
12688,628,2025-01-08,Present,,0.7
12689,628,2025-05-16,Present,7.1,0.0
12690,628,2025-12-22,Present,8.5,0.0
12691,628,2025-03-22,Present,9.2,0.0
12692,628,11/12/2025,Present,8.3,0.0
12693,628,21/12/2025,Present,9.2,0.0
12694,628,28/06/2025,Present,9.0,0.8
12695,629,2025-06-02,Present,7.5,0.0
12696,629,23-Jan-2025,Present,8.6,0.0
12697,629,2025-08-22,Late,5.8,0.0
12698,629,2025-06-19,Late,5.4,0.0
12699,629,2025-05-12,Present,8.0,0.0
12700,629,17/06/2025,Present,8.1,0.0
12701,629,2025-07-11,Present,9.3,0.0
12702,629,2025-09-12, Present,7.3,0.0
12703,630,03-08-2025,Present,7.7,0.0
12704,630,2025-06-21,Present,8.3,0.0
12705,630,01-25-2025,Absent,0.0,0.0
12706,630,2025-02-05,Absent,0.0,0.0
12707,630,2025-12-29,Present,8.7,0.0
12708,630,17/02/2025,Absent,0.0,0.0
12709,630,2025-08-29,Present,8.6,3.8
12710,630,2025-12-18,Present,9.0,
12711,630,2025-01-16,Present,8.4,0.0
12712,630,2025-12-05,Present,7.5,0.0
12713,630,2025-09-04,Present,8.1,0.0
12714,630,07-21-2025,Present,8.7,0.0
12715,630,06-Nov-2025,Present,9.1,0.0
12716,630,2025-05-20,Present,9.4,0.0
12717,630,02-16-2025,Present,8.5,0.0
12718,630,2025-03-29,Late,6.1,0.0
12719,630,19/07/2025,PRESENT,7.0,0.0
12720,631,2025-05-06,Present,7.2,
12721,631,2025-04-22,Leave,0.0,0.0
12722,631,2025-04-11,Present,7.4,0.0
12723,631,2025-10-21,Present,7.1,1.9
12724,631,2025-07-05,Present,7.8,0.0
12725,631,2025-07-14,Present,8.6,0.0
12726,631,2025-01-06,Present,8.3,0.0
12727,631,2025-02-17,Present,8.5,0.0
12728,631,2025-04-01,PRESENT,8.2,0.0
12729,632,2025-11-01,Present,7.7,0.0
12730,632,2025-07-17,Present,9.4,0.0
12731,632,2025-12-14,Present,7.2,3.8
12732,632,2025-12-15,Present,7.8,0.0
12733,632,2025-12-24,PRESENT,8.3,0.0
12734,632,2025-12-03,Present,7.3,0.0
12735,632,2025-02-24,PRESENT,7.2,0.0
12736,632,2025-08-14,Present,8.1,0.0
12737,632,2025-05-11,present,8.9,
12738,632,2025-01-20,Present,7.7,2.5
12739,632,2025-11-06,Present,7.7,0.0
12740,632,2025-07-25,Present,8.0,3.7
12741,632,2025-11-30,Present,-9.1,0.0
12742,632,2025-12-31,Present,8.3,0.0
12743,632,2025-01-28,Present,7.6,1.2
12744,632,2025-05-13,ABSENT,0.0,0.0
12745,632,2025-09-19,Present,9.4,0.0
12746,633,2025-12-31,present,7.5,
12747,633,2025-06-03,Present,7.9,0.0
12748,633,2025-02-16,PRESENT,9.5,0.0
12749,633,2025-04-11,Present,7.9,0.0
12750,633,2025-09-01,Present,7.9,0.0
12751,633,2025-11-20,Present,8.6,0.0
12752,633,2025-03-23,Present,9.4,
12753,633,2025-03-25,Present,9.4,0.0
12754,633,2025-10-25,Present,8.8,0.0
12755,633,2025-08-24,Present,8.9,2.5
12756,633,07-04-2025,Present,8.9,0.0
12757,633,2025-01-19,Present,9.1,0.0
12758,634,2025-12-22,Present,8.2,0.0
12759,634,2025-11-08,Present,8.5,0.0
12760,634,2025-06-16,Present,8.3,0.0
12761,634,2025-09-02,Absent,0.0,0.0
12762,634,03/12/2025,Leave,0.0,0.0
12763,634,2025-05-07,Present,8.4,0.0
12764,634,2025-02-23,Present,9.2,1.7
12765,635,2025-09-18,Present,7.5,0.0
12766,635,2025-05-15,Leave,0.0,0.0
12767,635,2025-03-22,Absent,0.0,0.0
12768,635,2025-08-11,Present,,0.0
12769,635,2025-05-28,Absent,0.0,0.0
12770,635,2025-09-13,Present,7.5,0.0
12771,635,2025-11-08,Present,8.2,0.0
12772,635,2025-03-30,Present,9.3,0.0
12773,635,2025-02-02,Present,8.5,0.0
12774,635,2025-07-31,Present,9.1,0.0
12775,635,2025-12-08,Present,7.4,0.0
12776,635,2025-10-13,Present,9.3,0.0
12777,635,2025-12-21,Late,6.3,0.0
12778,635,2025-12-20,Present,7.1,0.0
12779,635,2025-12-09,Absent,0.0,0.0
12780,635,12-Aug-2025,Absent,0.0,0.0
12781,635,08/12/2025,Absent,0.0,0.0
12782,635,2025-03-17,Present,8.6,0.0
12783,635,01/04/2025,Present,9.4,0.0
12784,635,2025-05-01,Late,4.7,2.5
12785,635,2025-08-13,Present,9.3,0.0
12786,636,07-11-2025,Present,7.0,0.0
12787,636,03/11/2025,Present,,0.0
12788,636,2025-03-22,Present,8.2,0.0
12789,636,2025-09-13,Leave,0.0,0.0
12790,636,2025-05-22,present,7.9,0.0
12791,636,2025-08-21,Present,8.6,0.0
12792,636,06/05/2025,Absent,0.0,0.0
12793,636,2025-01-06,Present,7.1,3.1
12794,636,2025-10-09,Present,7.0,0.0
12795,636,2025-01-26,Present,7.8,2.3
12796,636,2025-10-04,Present,7.9,0.0
12797,636,2025-06-08,Present,7.8,0.0
12798,636,2025-01-14,Present,9.1,0.0
12799,636,26/02/2025,present,9.3,0.0
12800,636,2025-01-06,Absent,0.0,0.0
12801,636,2025-10-15,Present,9.2,0.0
12802,636,2025-12-15,Present,8.3,0.0
12803,636,2025-09-09,Present,9.2,0.0
12804,636,09-13-2025,Present,9.3,0.0
12805,636,2025-08-17,Present,8.0,0.0
12806,636,08-Oct-2025,Present,7.7,0.0
12807,636,2025-07-16,Present,7.2,0.0
12808,636,2025-06-19,Late,5.9,0.0
12809,636,03-Jun-2025,Present,9.4,0.0
12810,636,21-Oct-2025,Present,8.4,0.0
12811,636,2025-09-03,Present,8.7,0.0
12812,636,2025-03-21,Present,7.3,0.0
12813,636,09/08/2025,Present,7.4,0.0
12814,636,2025-02-28,Present,8.2,3.8
12815,637,2025-01-01,leave,0.0,0.0
12816,637,2025-09-06,present,7.9,0.0
12817,637,2025-11-24,Present,,0.0
12818,637,06-10-2025,Absent,0.0,0.0
12819,637,2025-03-26,Late,4.9,0.0
12820,637,2025-06-13,Present,8.5,2.6
12821,637,2025-08-31,Late,7.1,0.0
12822,637,2025-11-16,Present,7.0,0.0
12823,637,2025-10-16,Present,7.5,0.0
12824,637,19-May-2025,Present,7.5,0.0
12825,637,2025-08-19,Present,9.4,0.0
12826,637,2025-07-13,Absent,0.0,0.0
12827,637,2025-09-30,Present,7.4,0.0
12828,637,2025-10-25,Late,4.6,0.0
12829,637,13/08/2025,Present,8.3,0.0
12830,637,2025-04-29,Present,8.3,0.0
12831,637,2025-11-11,Present,9.1,0.0
12832,637,2025-06-29,Present,9.4,0.0
12833,637,2025-09-17,Present,8.3,0.0
12834,638,2025-06-27,Present,9.3,
12835,638,2025-08-20,Absent,0.0,
12836,638,2025-02-27,Present,8.8,0.0
12837,638,2025-05-10, Present,7.7,0.0
12838,638,2025-11-04,present,9.3,2.8
12839,638,2025-08-11,Absent,0.0,0.0
12840,638,2025-10-17,Late,5.7,0.0
12841,638,2025-05-09, Present,8.7,0.0
12842,638,2025-05-02,Present,8.0,0.0
12843,638,2025-03-14,Absent,0.0,0.0
12844,638,2025-05-21,Present,7.3,0.0
12845,639,16/07/2025,Present,8.8,3.4
12846,639,2025-11-14,Absent,0.0,0.0
12847,639,2025-10-08,Present,8.8,0.0
12848,639,2025-08-29,Absent,0.0,0.0
12849,639,2025-09-10,Absent,0.0,0.0
12850,639,2025-12-09,Absent,0.0,0.0
12851,639,2025-04-24,Absent,0.0,0.0
12852,639,2025-04-06,Present,7.6,3.8
12853,639,2025-01-15,Present,7.1,0.0
12854,640,2025-01-07,Present,7.8,0.0
12855,640,2025-02-28,Present,7.7,0.0
12856,640,2025-10-09,Present,7.1,1.9
12857,640,2025-10-18,absent,0.0,0.0
12858,640,25/04/2025,Present,8.6,0.0
12859,640,2025-05-29,Present,9.2,0.0
12860,640,2025-08-29,Absent,0.0,0.0
12861,640,2025-03-10,Late,7.5,0.0
12862,640,2025-01-29,Present,9.0,0.0
12863,640,2025-06-22,Present,8.2,0.0
12864,640,2025-04-10,Present,8.8,0.0
12865,640,2025-08-30,Present,9.1,0.0
12866,640,2025-10-27,Present,8.2,3.2
12867,640,2025-07-22,Present,8.2,0.0
12868,640,06/04/2025,Present,8.0,2.3
12869,640,2025-07-26,Present,8.7,0.0
12870,640,2025-10-14,Present,,0.0
12871,640,2025-11-21,Present,7.9,0.0
12872,640,2025-10-10,Late,6.2,0.0
12873,640,2025-09-01,Present,9.3,0.0
12874,640,2025-08-06,Present,9.4,0.0
12875,640,2025-08-29,Present,7.6,0.0
12876,640,2025-09-21,Present,7.5,0.0
12877,641,2025-07-17,Late,6.5,0.0
12878,641,2025-12-03,Present,8.0,0.0
12879,641,2025-06-16,present,7.1,0.0
12880,641,2025-01-29,Present,7.9,0.0
12881,641,2025-07-06,Present,9.0,0.0
12882,641,2025-03-13,Present,9.0,0.0
12883,641,2025-11-09,Present,8.2,0.0
12884,641,2025-01-14,Present,8.2,2.5
12885,641,15/08/2025,Present,7.5,0.0
12886,641,20/12/2025,Present,8.3,0.0
12887,641,2025-03-17,Late,4.5,0.0
12888,641,2025-05-29,absent,0.0,0.0
12889,641,09/01/2025,Absent,0.0,0.0
12890,641,2025-06-05,Present,8.2,0.0
12891,641,2025-08-06,PRESENT,7.8,2.9
12892,641,2025-08-15,Absent,0.0,
12893,642,2025-10-27,Present,8.6,0.0
12894,642,2025-08-15,Absent,0.0,
12895,642,23/11/2025,Absent,0.0,0.0
12896,642,16-Feb-2025,Present,8.0,0.0
12897,642,2025-10-11,Present,7.0,1.4
12898,642,2025-09-17,Present,8.6,0.0
12899,642,2025-09-11,Late,4.7,0.0
12900,642,2025-04-13,Present,7.3,0.0
12901,642,06/07/2025,Absent,0.0,0.0
12902,642,2025-07-20,Late,6.4,0.0
12903,642,2025-03-14,Present,8.9,0.0
12904,642,2025-11-14,Present,7.8,2.2
12905,643,2025-08-21,Present,9.4,
12906,643,2025-06-28,Absent,0.0,0.0
12907,643,2025-04-08,Present,9.4,0.0
12908,643,2025-08-01,Present,7.8,3.3
12909,643,07/03/2025,Present,8.5,0.0
12910,643,2025-10-08,Late,7.4,0.0
12911,643,15/01/2025,Present,8.2,0.0
12912,643,09-24-2025,Present,8.9,
12913,643,2025-10-19,Present,8.9,0.0
12914,643,21-Mar-2025,Absent,0.0,0.0
12915,643,2025-10-21,Absent,0.0,0.0
12916,643,2025-02-13,Late,6.0,3.3
12917,643,2025-05-04,Absent,0.0,0.0
12918,643,2025-08-07,Present,7.7,0.0
12919,643,28/09/2025,Present,7.3,0.0
12920,643,2025-07-28,present,8.1,0.0
12921,643,2025-09-14,Late,7.3,0.0
12922,643,2025-09-22,Present,8.3,
12923,643,2025-03-24,Late,6.4,0.0
12924,643,2025-06-22,Present,8.6,1.0
12925,643,2025-07-24,Present,8.0,0.0
12926,643,2025-06-29,Present,8.8,0.0
12927,643,2025-05-05,Present,9.4,0.0
12928,643,2025-06-17,Leave,0.0,
12929,643,2025-01-02,Present,7.4,0.0
12930,643,2025-11-24,Present,8.0,0.0
12931,643,2025-12-04,ABSENT,0.0,0.0
12932,643,2025-01-07,Present,7.2,0.0
12933,643,2025-12-19,Present,7.6,0.0
12934,643,2025-11-30,Present,7.9,0.0
12935,643,2025-02-03,Absent,0.0,0.0
12936,643,2025-10-04,Present,8.4,0.0
12937,643,2025-09-28,Present,7.6,0.0
12938,643,2025-09-06,Present,7.6,0.0
12939,643,2025-08-30,Present,8.9,3.9
12940,643,2025-01-11,Absent,0.0,0.0
12941,643,28/02/2025,Absent,0.0,0.0
12942,643,27/05/2025,Absent,0.0,0.0
12943,644,2025-01-31,Present,7.8,0.0
12944,644,05/06/2025,Present,8.7,1.4
12945,644,2025-07-14,Absent,0.0,0.0
12946,644,2025-12-10,Absent,0.0,0.0
12947,644,2025-12-15,Present,9.3,2.9
12948,644,2025-11-22,PRESENT,9.0,0.0
12949,644,08-12-2025,Absent,0.0,0.0
12950,644,2025-11-28,Present,7.1,0.0
12951,644,08-14-2025,Present,8.5,0.0
12952,644,22/01/2025,Absent,0.0,0.0
12953,644,2025-06-09,Present,8.3,0.0
12954,644,2025-11-25,present,7.7,1.4
12955,644,2025-11-17,Present,8.5,0.0
12956,644,2025-10-20,Present,8.8,0.6
12957,644,2025-11-30,Present,8.4,0.0
12958,644,2025-06-07,Present,7.4,0.0
12959,645,11-29-2025,Absent,0.0,0.0
12960,645,2025-12-23,Present,7.4,0.0
12961,645,2025-09-17,Present,8.6,0.0
12962,645,2025-04-26,Present,7.8,0.0
12963,645,2025-10-15,Absent,0.0,0.0
12964,645,2025-05-30,Absent,0.0,0.0
12965,645,2025-03-26,Absent,0.0,0.0
12966,645,2025-06-16,Present,8.1,0.0
12967,645,2025-02-19,Absent,0.0,0.0
12968,645,2025-09-26,Present,7.9,0.0
12969,645,2025-02-03,Present,8.6,0.0
12970,645,2025-11-26,Leave,0.0,0.0
12971,645,2025-05-14,Absent,0.0,0.0
12972,646,2025-11-22,Present,8.2,0.0
12973,646,2025-12-30,Present,9.4,0.0
12974,646,10-Dec-2025,Present,7.9,0.0
12975,646,2025-01-18,Present,8.9,0.0
12976,646,2025-12-30,present,7.6,0.0
12977,646,2025-10-09,Present,8.3,0.0
12978,646,2025-08-02,Present,8.4,0.0
12979,646,2025-06-11,Late,5.5,2.2
12980,646,2025-10-22,Present,7.7,0.0
12981,646,01-27-2025,Present,7.0,0.0
12982,646,2025-08-18,Present,7.5,0.0
12983,646,01-08-2025,Present,8.8,
12984,646,2025-03-01,Present,8.9,0.0
12985,646,01/10/2025,Present,7.7,1.9
12986,646,2025-01-10,Present,7.1,0.0
12987,647,2025-05-31,Absent,0.0,0.0
12988,647,2025-02-25,Present,7.6,0.0
12989,647,2025-07-06,absent,0.0,0.0
12990,647,2025-07-15,Absent,0.0,
12991,647,2025-05-14,Present,8.9,0.0
12992,647,20-Mar-2025,Absent,0.0,0.0
12993,647,2025-04-29,Absent,0.0,0.0
12994,647,2025-06-28,Absent,0.0,0.0
12995,647,2025-02-25,Absent,0.0,0.0
12996,647,2025-07-26,Present,8.5,0.0
12997,647,2025-03-30,Present,7.5,0.0
12998,647,2025-10-27,Absent,0.0,0.0
12999,647,2025-09-13,Present,7.6,0.0
13000,647,2025-06-08,Late,7.0,0.0
13001,647,10-12-2025,Absent,0.0,0.0
13002,647,2025-10-16,Present,7.5,0.0
13003,647,20-Aug-2025,Absent,0.0,0.0
13004,647,2025-04-29,Present,7.8,2.8
13005,647,2025-06-22,Present,8.4,2.1
13006,647,2025-08-06,ABSENT,0.0,0.0
13007,647,2025-05-23,Absent,0.0,0.0
13008,647,2025-02-12,Absent,0.0,0.0
13009,647,10-May-2025,Late,7.2,0.0
13010,647,2025-06-20,Absent,0.0,0.0
13011,647,2025-05-16,Absent,0.0,0.0
13012,647,2025-02-23,ABSENT,0.0,0.0
13013,648,09-Aug-2025,Present,7.5,0.0
13014,648,2025-12-16,Present,8.9,0.0
13015,648,15/03/2025,Present,7.4,0.0
13016,648,2025-11-02,Present,8.5,0.0
13017,648,12-May-2025,Absent,0.0,0.0
13018,648,2025-12-11,Present,9.2,0.0
13019,648,2025-02-28,Present,8.1,0.0
13020,648,2025-08-26,Present,8.8,0.0
13021,648,17/09/2025,Present,9.1,0.0
13022,648,11/01/2025,Present,7.3,0.0
13023,648,2025-04-09,Present,8.8,0.0
13024,648,2025-06-16,Present,9.3,0.0
13025,648,2025-03-30,Present,8.4,0.0
13026,649,2025-01-02,Present,7.5,0.0
13027,649,2025-12-04,Present,7.3,0.0
13028,649,2025-05-14,present,7.6,0.0
13029,649,2025-01-02,Present,,0.0
13030,649,05-Mar-2025,Leave,0.0,0.0
13031,649,2025-04-08,Present,8.3,0.0
13032,649,2025-06-24,PRESENT,7.2,0.0
13033,649,2025-03-15,Present,7.6,0.0
13034,649,20/03/2025,Present,8.1,0.0
13035,649,2025-05-11,Present,8.2,0.0
13036,649,2025-07-04,Present,8.4,0.0
13037,649,2025-10-22,Present,8.8,0.0
13038,649,2025-03-09, Present,7.1,0.0
13039,649,2025-03-14,Present,7.2,0.0
13040,649,2025-07-08,Present,7.2,0.0
13041,649,2025-11-23,Absent,0.0,0.0
13042,649,21-May-2025,Present,8.1,0.0
13043,649,2025-03-30,Present,7.1,0.0
13044,649,2025-08-30,ABSENT,0.0,0.0
13045,649,2025-07-20,Late,6.7,0.0
13046,649,2025-12-21,Present,7.6,0.0
13047,650,2025-04-19,Present,9.3,0.0
13048,650,2025-05-08,Present,8.2,0.0
13049,650,2025-08-20,Present,8.1,0.0
13050,650,2025-07-29,Leave,0.0,0.0
13051,650,17-Aug-2025,Present,9.0,0.0
13052,650,2025-05-30,Present,8.8,0.0
13053,650,2025-09-17,Present,8.5,0.0
13054,650,2025-10-25,Present,9.3,0.0
13055,650,2025-07-17,Present,8.1,0.0
13056,650,2025-12-28,Present,9.0,0.0
13057,650,2025-12-18,Present,8.0,0.0
13058,650,2025-05-18,Present,9.1,0.0
13059,650,2025-02-07,Present,7.6,0.0
13060,650,11-23-2025,Present,7.7,0.0
13061,650,2025-07-26,Present,8.7,0.0
13062,650,2025-11-06,Present,7.5,1.3
13063,650,18-Dec-2025,Present,7.8,0.0
13064,650,2025-08-05,Present,8.7,0.0
13065,650,2025-04-18,Present,9.2,2.9
13066,650,2025-02-08,Present,9.1,0.0
13067,650,2025-12-31,Present,8.4,0.0
13068,651,2025-09-05,Present,7.2,0.9
13069,651,05/05/2025,Present,8.4,0.0
13070,651,2025-10-11,Present,7.8,0.0
13071,651,2025-04-13,Absent,0.0,0.0
13072,651,2025-06-13,Present,7.6,
13073,651,2025-02-19,Present,8.2,2.8
13074,651,2025-07-26,Present,8.0,0.0
13075,651,2025-03-22,Present,9.0,3.1
13076,651,2025-01-30,Present,8.8,0.0
13077,651,2025-04-24,Present,9.5,0.0
13078,651,11/11/2025,Present,7.7,0.0
13079,651,2025-04-10,Absent,0.0,0.0
13080,651,2025-07-01,Present,8.6,
13081,651,2025-05-04,Present,9.1,0.0
13082,651,02-18-2025,Present,8.4,0.0
13083,651,02-14-2025,Present,9.0,0.0
13084,651,13/02/2025,Absent,0.0,0.0
13085,651,13-Jul-2025,Present,8.0,2.6
13086,651,2025-08-04,Present,7.1,0.0
13087,651,2025-07-14,Present,9.5,0.0
13088,651,2025-01-20,Present,9.0,0.0
13089,651,12-01-2025,Late,7.1,2.9
13090,651,2025-09-11,Present,7.5,0.0
13091,651,2025-03-16,Present,7.1,0.0
13092,651,2025-02-23,Present,9.2,0.0
13093,651,2025-12-23,Late,5.7,0.0
13094,652,2025-08-07,PRESENT,7.7,2.5
13095,652,2025-05-06,Present,8.1,0.0
13096,652,2025-03-06,Late,6.5,0.0
13097,652,2025-01-17,Late,6.0,0.0
13098,652,2025-11-11,PRESENT,8.7,0.0
13099,652,2025-11-30,Absent,0.0,0.0
13100,652,2025-03-11,Present,9.1,0.0
13101,652,2025-02-02,Late,5.1,0.0
13102,652,2025-09-02,Present,7.8,0.0
13103,652,2025-08-05,Present,8.1,0.0
13104,652,11-Jul-2025,Late,7.4,0.0
13105,652,2025-08-03,Present,7.9,0.0
13106,652,2025-10-13,Present,8.0,0.0
13107,652,2025-03-25,Leave,0.0,0.0
13108,652,2025-01-22,Present,8.6,0.0
13109,653,2025-04-11,Absent,0.0,0.0
13110,653,2025-12-18,Present,8.0,3.8
13111,653,2025-05-24,Present,9.2,0.0
13112,653,2025-04-10,Present,8.3,0.0
13113,653,2025-03-21,Absent,,0.0
13114,653,2025-01-27,Absent,0.0,0.0
13115,653,07-Dec-2025,Late,6.4,0.0
13116,653,21-Jan-2025,Present,7.1,0.0
13117,653,2025-11-30,Present,8.7,0.0
13118,653,2025-09-20,PRESENT,8.8,0.0
13119,653,18/08/2025,PRESENT,7.9,0.0
13120,653,2025-09-29,Present,7.5,3.7
13121,653,2025-03-28,Present,8.1,0.0
13122,653,2025-06-19,Present,8.6,0.0
13123,653,2025-04-17,Absent,0.0,0.0
13124,653,2025-10-22,Leave,0.0,0.0
13125,653,2025-12-14,Absent,0.0,0.0
13126,653,2025-06-17,Absent,0.0,0.0
13127,653,2025-02-27,Absent,0.0,0.0
13128,653,12-10-2025,Present,7.1,0.0
13129,654,2025-12-17,Present,8.0,0.0
13130,654,2025-09-08,Present,9.0,0.0
13131,654,2025-05-01,Present,8.0,0.0
13132,654,2025-07-25,Present,8.5,0.0
13133,654,2025-05-18,Present,7.5,2.0
13134,654,09-01-2025,Present,9.3,0.0
13135,654,2025-10-21,Late,6.2,0.0
13136,654,2025-08-08,Leave,0.0,0.0
13137,654,30/07/2025,Present,9.3,0.0
13138,654,2025-05-04,Present,9.3,0.0
13139,654,2025-11-23,Present,9.4,0.0
13140,654,2025-05-24,Present,9.2,0.0
13141,654,2025-05-05,Present,7.0,0.0
13142,655,2025-01-07,Present,9.3,0.0
13143,655,2025-08-26,Present,7.3,0.0
13144,655,2025-01-28,Present,7.1,0.7
13145,655,2025-03-16,Absent,0.0,0.0
13146,655,2025-02-09,Present,7.9,0.0
13147,655,2025-10-28,Present,,1.9
13148,655,04-09-2025,Absent,0.0,0.0
13149,655,2025-02-26,Present,7.1,0.0
13150,655,04/08/2025,Present,8.2,0.0
13151,655,2025-03-01,Absent,0.0,0.0
13152,655,2025-06-09,Present,8.1,3.1
13153,655,2025-11-13,Present,7.7,0.0
13154,655,17-Apr-2025,Late,5.2,1.4
13155,655,2025-08-11,Absent,0.0,0.0
13156,655,03-31-2025,Present,7.8,0.0
13157,655,2025-12-18,Present,8.5,2.2
13158,656,2025-07-18,present,7.8,1.8
13159,656,2025-07-17,Present,7.9,0.0
13160,656,2025-04-29,Absent,0.0,0.0
13161,656,2025-02-18,Present,9.4,0.0
13162,656,2025-03-21,Late,5.2,3.4
13163,656,2025-09-01,Absent,0.0,0.0
13164,656,2025-08-18,Absent,0.0,0.0
13165,656,2025-10-26,Present,8.8,0.0
13166,656,2025-05-09,Absent,0.0,0.0
13167,656,26/02/2025,Present,7.0,0.0
13168,656,2025-07-05,Absent,0.0,0.0
13169,656,2025-02-07,Present,9.5,0.0
13170,656,2025-01-03,Present,8.9,0.0
13171,656,2025-06-20,Present,8.7,0.0
13172,656,2025-04-30,Present,8.0,0.0
13173,656,02-Aug-2025,Present,8.4,0.0
13174,656,08-Jul-2025,Absent,0.0,0.0
13175,656,2025-08-10,Leave,0.0,0.0
13176,656,2025-04-04,Present,7.6,0.0
13177,656,2025-01-15,Absent,0.0,0.0
13178,656,06/04/2025,Present,7.1,0.0
13179,656,2025-07-12,Present,9.1,3.6
13180,656,2025-07-23,Present,7.4,
13181,656,2025-01-12,Late,6.9,0.0
13182,656,2025-04-09,Present,8.9,0.0
13183,656,2025-08-16,Present,7.4,0.0
13184,656,2025-10-24,Absent,0.0,0.0
13185,656,08-30-2025,Absent,0.0,0.0
13186,656,2025-06-22,Late,5.8,
13187,656,2025-09-11,Present,8.9,0.0
13188,656,2025-11-13,Present,9.1,0.0
13189,656,12-13-2025,PRESENT,7.2,0.0
13190,657,2025-03-04,Leave,0.0,0.0
13191,657,2025-08-26,Present,8.4,0.0
13192,657,2025-12-27,Present,8.9,0.0
13193,657,2025-11-01,Present,9.0,1.0
13194,657,2025-10-11,Present,8.3,3.5
13195,657,2025-02-24,Leave,0.0,0.0
13196,657,2025-02-28,Absent,0.0,0.0
13197,657,2025-05-13,Absent,0.0,0.0
13198,657,2025-05-15,Absent,0.0,0.0
13199,657,2025-05-30,Present,7.8,0.0
13200,657,2025-07-06,Present,8.1,0.0
13201,658,14/08/2025,Present,9.0,0.0
13202,658,2025-04-15,Present,7.2,0.0
13203,658,2025-08-29,Present,9.1,0.0
13204,658,2025-05-16,Absent,0.0,0.0
13205,658,2025-01-01,Present,7.8,0.0
13206,658,2025-06-14,Present,7.0,0.0
13207,658,2025-12-02,Absent,0.0,0.0
13208,658,30-Jun-2025,Present,7.6,0.0
13209,658,2025-04-09,Present,7.2,
13210,658,2025-11-29,Present,7.2,2.9
13211,658,2025-09-10,Present,7.5,0.0
13212,658,2025-08-25,Absent,0.0,0.0
13213,658,2025-02-23,Present,9.3,0.0
13214,658,2025-02-28,Late,6.0,2.1
13215,658,2025-04-20,Present,8.1,0.0
13216,658,2025-12-07,Present,8.7,0.0
13217,658,2025-11-29,Absent,0.0,0.0
13218,659,25/03/2025,Absent,0.0,0.0
13219,659,05-06-2025,Present,8.1,0.0
13220,659,2025-07-14,Present,7.3,0.0
13221,659,13-May-2025,Absent,,0.0
13222,659,2025-02-02,Present,9.2,0.0
13223,659,2025-11-29,Present,8.1,0.0
13224,659,05-29-2025,Present,7.2,0.0
13225,659,2025-01-30,Present,8.3,0.0
13226,659,10-11-2025,Present,8.6,1.5
13227,659,2025-05-29,Absent,0.0,0.0
13228,659,2025-08-04,Present,9.0,
13229,659,2025-12-19,Late,6.5,0.0
13230,659,2025-12-29,Present,8.6,2.0
13231,659,2025-03-04,Present,9.4,0.0
13232,659,12/06/2025,Present,7.7,0.0
13233,659,2025-08-12,Late,6.2,0.0
13234,660,09-28-2025,Leave,0.0,0.0
13235,660,2025-04-28,Present,7.8,3.1
13236,660,2025-08-06,Present,7.1,0.0
13237,660,2025-03-06,Present,7.1,0.0
13238,660,2025-08-05,Present,9.0,0.0
13239,660,2025-01-29,Present,8.1,0.0
13240,660,2025-11-02,Present,7.9,2.6
13241,660,2025-12-26,Present,8.8,1.2
13242,660,2025-05-23,Present,7.5,
13243,660,2025-06-13,Leave,0.0,0.0
13244,660,2025-09-11,Present,9.4,0.0
13245,660,2025-04-07,Present,8.5,0.0
13246,660,2025-08-10,Present,,0.0
13247,660,2025-06-11,Absent,0.0,0.0
13248,660,2025-01-18,Present,9.0,0.0
13249,660,2025-05-28,Late,6.1,
13250,660,2025-04-20,Present,7.6,0.0
13251,660,2025-12-01,Late,5.1,0.0
13252,661,2025-12-12,Absent,0.0,0.0
13253,661,2025-08-06,Present,8.0,0.0
13254,661,2025-11-20,Absent,0.0,0.0
13255,661,2025-12-17,Absent,0.0,0.0
13256,661,2025-09-12,Present,9.1,0.0
13257,661,2025-01-24,Present,7.2,0.0
13258,661,2025-10-23,Present,-7.5,0.0
13259,661,2025-08-20,Present,9.2,0.9
13260,661,13/10/2025,Present,,
13261,661,2025-01-08,Absent,0.0,0.0
13262,661,2025-12-23,Present,7.5,0.0
13263,661,2025-05-23,Present,8.5,0.0
13264,662,2025-09-13,Present,8.0,0.0
13265,662,04-25-2025,Present,7.3,0.0
13266,662,2025-12-01,Present,8.5,0.0
13267,662,10-Aug-2025,Present,8.7,0.0
13268,662,2025-02-18,present,8.7,0.0
13269,662,04-Jul-2025,late,6.4,0.0
13270,662,2025-05-04,Absent,0.0,0.0
13271,662,2025-12-26,PRESENT,8.3,0.0
13272,662,2025-01-25,Present,8.3,2.7
13273,662,2025-10-16,Present,8.7,2.8
13274,662,01/03/2025,Present,8.5,0.0
13275,662,2025-10-13,Present,,0.0
13276,662,2025-11-26,Absent,0.0,
13277,663,2025-11-14,Late,5.1,0.0
13278,663,2025-06-17,Present,7.7,0.0
13279,663,2025-07-01,Absent,0.0,0.0
13280,663,2025-06-29,Present,9.3,0.0
13281,663,15-Sep-2025,Absent,0.0,0.0
13282,663,2025-05-17,Present,8.9,0.0
13283,663,2025-07-23,Present,8.4,0.0
13284,663,2025-04-16,Present,7.6,0.0
13285,663,2025-11-22,Present,7.3,0.0
13286,663,2025-08-07,Present,9.2,3.6
13287,663,2025-11-02,Late,4.8,0.0
13288,663,2025-12-20,Present,9.0,0.0
13289,663,2025-11-22,Present,8.1,0.0
13290,663,2025-04-01,Present,7.8,0.0
13291,663,10/11/2025,Absent,0.0,
13292,663,2025-09-30,Present,8.8,0.0
13293,663,01-28-2025,Present,8.5,0.0
13294,663,2025-02-15,Present,9.0,0.0
13295,663,12-08-2025,Present,7.2,0.0
13296,663,2025-10-26,Late,5.5,1.6
13297,663,2025-10-11,Absent,0.0,
13298,664,2025-03-24,late,5.5,0.0
13299,664,2025-04-05,Present,8.3,0.0
13300,664,2025-03-12,Present,7.7,0.0
13301,664,29/12/2025,present,8.1,0.0
13302,664,2025-06-26,Present,7.9,0.0
13303,664,2025-03-05,Present,8.8,0.0
13304,664,2025-12-25,Absent,0.0,0.0
13305,664,2025-05-14,Absent,0.0,0.0
13306,664,2025-05-23,PRESENT,8.5,0.0
13307,664,2025-12-29,Present,8.6,
13308,664,2025-06-11,Present,7.8,0.0
13309,664,2025-09-08,Present,7.1,0.0
13310,664,2025-02-21,Present,7.3,0.0
13311,664,2025-03-19,Absent,0.0,0.0
13312,664,05-10-2025,Late,5.3,
13313,664,2025-05-03,Present,7.2,0.0
13314,664,2025-07-09,Present,8.5,0.0
13315,664,2025-11-13,Present,9.5,0.0
13316,664,25-Jun-2025,Absent,0.0,0.0
13317,664,2025-12-06,Present,7.3,0.0
13318,664,2025-12-06,Present,9.1,0.0
13319,664,2025-04-26,Present,7.3,0.0
13320,664,2025-01-02,Present,8.7,0.0
13321,665,2025-07-03,Present,8.6,0.0
13322,665,08-Oct-2025,Present,9.3,0.0
13323,665,2025-12-28,Present,7.3,0.0
13324,665,2025-12-10,present,7.8,0.0
13325,665,08-24-2025,Present,7.2,0.0
13326,665,2025-04-24,Present,8.0,0.0
13327,665,2025-08-05,Present,9.3,0.0
13328,665,06/02/2025,Present,9.0,3.0
13329,665,05-03-2025,Present,8.3,3.6
13330,665,2025-11-22,Late,5.8,0.0
13331,665,2025-01-26,Leave,-0.0,0.0
13332,665,2025-09-01,Present,7.4,0.0
13333,665,2025-12-13,Late,7.0,0.0
13334,665,2025-07-27,Present,7.7,0.0
13335,665,2025-09-26,Present,7.1,0.0
13336,665,2025-12-31, Present,7.3,2.6
13337,665,2025-04-19,Present,8.5,0.0
13338,665,2025-04-03,Present,7.7,0.0
13339,665,2025-01-18,Present,8.8,0.0
13340,665,09-26-2025,Present,8.9,0.0
13341,665,2025-08-31,Late,7.3,0.0
13342,665,2025-10-22,Present,8.5,0.0
13343,665,2025-02-23,Present,8.9,3.1
13344,665,27-Sep-2025,Present,7.6,0.0
13345,665,2025-08-14,Present,7.8,0.0
13346,666,2025-11-13,Absent,0.0,0.0
13347,666,26/04/2025,Present,8.2,0.6
13348,666,2025-10-11,Absent,0.0,0.0
13349,666,2025-07-12,Present,7.7,0.0
13350,666,2025-11-13,Present,8.2,0.0
13351,666,2025-08-17,Absent,,0.0
13352,666,2025-02-24,Present,7.3,0.9
13353,666,2025-08-18,Present,8.2,0.0
13354,666,2025-11-03,Present,8.8,0.0
13355,666,07/05/2025,Present,,0.0
13356,666,11-23-2025,Absent,0.0,0.0
13357,666,2025-11-29,Leave,0.0,0.0
13358,666,2025-04-29,Present,8.4,2.2
13359,666,2025-04-17,Leave,0.0,0.0
13360,666,2025-12-10,Absent,0.0,0.0
13361,666,2025-05-17,Late,5.7,0.0
13362,666,2025-07-07,Absent,0.0,0.0
13363,666,16/01/2025,Leave,0.0,0.0
13364,666,2025-09-07,Present,7.5,1.0
13365,666,2025-06-14,Present,9.0,0.0
13366,666,2025-06-14,Present,8.2,0.0
13367,667,2025-03-08,Present,9.0,0.0
13368,667,2025-10-10,Present,8.8,0.0
13369,667,2025-09-19,Absent,0.0,0.0
13370,667,2025-10-12,Present,7.5,0.0
13371,667,2025-04-29,Present,8.3,0.0
13372,667,2025-03-11,Present,8.1,0.0
13373,667,2025-09-09,Present,8.1,0.0
13374,667,2025-03-26,Present,8.4,0.0
13375,667,01-Jul-2025,Late,7.4,3.3
13376,667,2025-07-10,Present,9.3,0.0
13377,667,2025-06-14,Present,7.1,0.0
13378,667,2025-05-01,Late,4.9,0.8
13379,667,09-Jan-2025,Present,7.7,
13380,667,2025-09-10,Absent,0.0,0.0
13381,667,06/12/2025,Present,8.1,
13382,667,2025-04-30,Absent,0.0,0.0
13383,667,2025-10-21,Present,8.6,2.3
13384,667,2025-08-09,Present,9.3,0.0
13385,667,30/10/2025,Present,9.3,0.0
13386,667,2025-01-14,Present,7.4,0.0
13387,667,2025-02-28,Present,9.1,0.0
13388,667,2025-01-30,Late,5.9,0.0
13389,667,2025-02-09,Present,8.1,3.2
13390,667,2025-04-21,Present,7.2,0.0
13391,667,04-19-2025,Absent,0.0,0.0
13392,667,2025-02-19,Present,9.2,0.0
13393,667,27/01/2025,Present,8.7,0.0
13394,667,2025-07-09,present,9.2,4.0
13395,667,2025-03-15,Present,8.3,
13396,667,2025-05-19,Present,7.2,
13397,668,2025-03-07,Absent,0.0,0.0
13398,668,2025-10-14,Absent,0.0,0.0
13399,668,2025-09-02,Absent,0.0,0.0
13400,668,2025-07-04,Present,7.4,0.0
13401,668,2025-02-01,Present,7.8,0.0
13402,668,2025-03-10,Present,7.3,0.0
13403,668,2025-06-21,Present,9.0,0.0
13404,668,2025-08-14,PRESENT,7.7,3.9
13405,668,13/01/2025,Present,8.8,0.0
13406,669,2025-01-18,Present,7.4,0.0
13407,669,2025-12-05,Present,8.2,2.1
13408,669,2025-04-30,Present,8.2,
13409,669,2025-06-14,Absent,0.0,0.0
13410,669,2025-10-03,Absent,0.0,0.0
13411,669,2025-11-06,Present,8.3,0.0
13412,669,2025-08-01,Present,7.1,0.0
13413,669,2025-05-15,Present,8.7,0.0
13414,669,2025-12-27,Present,8.2,0.0
13415,669,2025-12-23,Present,9.0,0.0
13416,670,2025-08-17,Present,9.0,0.0
13417,670,2025-01-18,Present,7.6,0.0
13418,670,2025-11-22,Present,7.1,3.0
13419,670,07-09-2025,Present,9.4,0.0
13420,670,2025-08-03,Present,8.1,0.0
13421,670,2025-01-05,Present,7.6,0.0
13422,670,2025-03-01,Present,7.4,0.0
13423,670,11/06/2025,Present,7.7,0.0
13424,670,2025-05-05,Absent,0.0,0.0
13425,670,2025-01-13,Absent,0.0,0.0
13426,670,2025-05-12,Present,7.8,2.0
13427,670,2025-01-18,Present,8.6,0.0
13428,670,2025-01-27,Present,7.7,0.0
13429,670,20/10/2025,Absent,0.0,0.0
13430,670,2025-05-11,Present,7.1,0.0
13431,670,2025-08-10,Present,7.9,0.0
13432,670,03/01/2025,Present,9.1,2.2
13433,670,31/05/2025,Absent,0.0,0.0
13434,670,30-May-2025,Present,9.4,0.0
13435,670,2025-07-03,PRESENT,8.3,0.0
13436,670,2025-09-28,Present,7.7,0.0
13437,670,2025-10-02,Present,7.5,0.0
13438,670,2025-07-04,Present,8.7,0.0
13439,670,2025-10-10,Present,8.3,2.6
13440,670,2025-05-25,PRESENT,8.9,3.0
13441,670,2025-08-16,Present,7.1,3.3
13442,670,2025-04-09,Present,8.3,0.0
13443,670,2025-11-05,Present,8.0,2.4
13444,670,2025-09-17,Late,6.3,0.0
13445,670,2025-02-24,Present,7.4,0.0
13446,671,2025-04-01,Present,8.0,0.0
13447,671,2025-10-13,Present,7.8,0.0
13448,671,2025-06-18,present,,0.0
13449,671,2025-02-25,Absent,0.0,
13450,671,2025-01-12,Absent,0.0,0.0
13451,671,2025-02-06,Present,7.2,0.0
13452,671,2025-11-20,Absent,0.0,0.0
13453,671,21/05/2025,Late,5.0,0.0
13454,671,2025-12-05,Absent,0.0,0.0
13455,671,2025-04-07,Present,7.4,0.0
13456,671,2025-02-21,Present,7.9,0.0
13457,671,2025-04-28,Present,9.2,0.0
13458,671,07-May-2025,Absent,0.0,0.0
13459,671,2025-08-23,Absent,0.0,0.0
13460,671,2025-01-30,Absent,0.0,0.0
13461,671,2025-06-07,Present,7.5,2.0
13462,671,2025-09-19,Absent,0.0,0.0
13463,671,30/05/2025,Absent,0.0,0.0
13464,672,2025-10-31,Present,7.8,0.0
13465,672,2025-11-26,Present,9.0,0.0
13466,672,2025-04-03,Present,7.1,0.0
13467,672,2025-12-07,Present,7.5,0.0
13468,672,2025-02-04,Present,7.5,0.0
13469,672,04/05/2025,Present,9.5,0.0
13470,672,2025-05-20,Present,8.4,0.0
13471,672,2025-05-23,present,7.3,0.0
13472,672,2025-11-01,Present,7.7,0.0
13473,672,2025-10-24,Present,7.4,0.0
13474,672,2025-10-22,Late,4.9,0.0
13475,672,03-Jun-2025,Present,9.0,0.0
13476,672,2025-10-22,Present,8.2,2.7
13477,672,2025-01-03,Present,7.8,0.0
13478,672,2025-06-23,Present,8.4,0.0
13479,673,2025-05-11,Present,7.6,0.0
13480,673,24/10/2025,Absent,0.0,0.0
13481,673,29/05/2025,Present,7.8,0.0
13482,673,2025-09-15,Present,8.6,1.0
13483,673,02/09/2025,Present,8.5,0.0
13484,673,08-Dec-2025,Present,9.1,0.0
13485,673,2025-08-03,PRESENT,7.3,0.0
13486,673,2025-08-29,Present,9.2,0.0
13487,673,2025-01-24,Present,7.2,0.0
13488,673,2025-03-17,PRESENT,7.9,0.0
13489,673,2025-10-03,Present,8.5,0.0
13490,673,2025-10-03,PRESENT,8.4,0.0
13491,674,2025-08-11,Present,7.2,0.0
13492,674,2025-12-22,present,9.0,
13493,674,2025-12-21,Present,9.4,0.0
13494,674,2025-11-04,Late,5.0,0.0
13495,674,2025-07-14,Present,9.2,2.4
13496,674,2025-10-23,PRESENT,9.3,0.0
13497,674,2025-02-27,Present,7.4,0.0
13498,674,2025-09-12,Present,9.0,0.0
13499,674,2025-09-29,Present,7.1,0.0
13500,674,2025-08-18,Present,9.2,2.9
13501,674,2025-11-18,Present,7.9,0.0
13502,674,2025-04-19,Present,7.5,0.0
13503,674,2025-11-30,Present,9.0,0.0
13504,674,2025-09-06,Absent,0.0,0.0
13505,674,2025-06-05,Present,8.5,0.0
13506,674,02-Sep-2025,Present,7.9,0.0
13507,674,2025-02-26,Leave,0.0,0.0
13508,674,2025-07-01,Present,8.1,0.0
13509,674,2025-08-28,Present,9.1,1.7
13510,674,2025-07-06,Present,7.2,0.0
13511,674,12-23-2025,Absent,0.0,0.0
13512,674,2025-07-08,Present,9.3,0.0
13513,674,25/05/2025,Absent,0.0,0.0
13514,674,2025-11-14,Present,8.0,0.0
13515,674,2025-06-14,Present,7.9,0.0
13516,674,2025-07-09,Present,7.5,0.0
13517,674,2025-09-09,Late,7.2,0.0
13518,674,2025-10-09,Leave,0.0,0.0
13519,674,2025-06-22,Present,7.5,0.0
13520,675,2025-12-02,Present,8.6,0.0
13521,675,2025-12-11,Present,9.2,0.0
13522,675,2025-06-23,Present,7.1,0.0
13523,675,2025-01-02,Present,9.1,0.0
13524,675,2025-01-14,Present,8.0,0.0
13525,675,2025-04-21,PRESENT,8.6,0.0
13526,675,2025-03-24, Present,,0.0
13527,675,2025-03-08,Present,8.7,0.0
13528,675,2025-03-15,Present,7.6,0.0
13529,675,2025-12-11,Present,7.1,0.0
13530,675,2025-01-31,Present,9.4,
13531,675,20/05/2025,Present,7.0,0.0
13532,675,2025-11-27,PRESENT,9.1,0.0
13533,675,2025-01-12,Present,7.4,0.0
13534,675,2025-11-09,Present,8.0,0.0
13535,675,2025-04-06,Present,9.1,0.0
13536,675,2025-06-06,Present,7.5,0.0
13537,675,2025-11-04,Present,9.2,0.0
13538,675,2025-05-27,Present,8.2,0.0
13539,675,2025-01-29,Present,7.9,0.0
13540,676,2025-07-23,Present,8.7,0.0
13541,676,2025-04-25,Present,7.9,0.0
13542,676,2025-08-28,Present,7.9,0.0
13543,676,2025-05-23,Present,8.8,0.0
13544,676,2025-05-28,Present,7.8,1.2
13545,676,27/02/2025,Present,9.0,0.0
13546,676,2025-08-08,Present,9.0,2.2
13547,676,2025-12-18,Present,8.3,0.0
13548,676,2025-11-07,late,,2.3
13549,676,2025-07-18,Present,,0.0
13550,676,2025-11-10,Present,9.5,1.0
13551,676,2025-11-16,Present,8.5,0.0
13552,676,2025-09-02,Present,9.2,2.9
13553,676,02-02-2025,Late,7.1,0.0
13554,676,2025-06-07, Present,7.8,0.0
13555,677,2025-03-14,Present,7.7,0.0
13556,677,2025-06-03,Present,9.1,0.0
13557,677,2025-08-10,Present,8.0,0.0
13558,677,2025-05-23,Present,8.8,1.0
13559,677,2025-01-02,Late,6.8,0.0
13560,677,2025-10-23,Present,8.4,0.0
13561,677,2025-11-10,Late,5.3,0.0
13562,677,2025-03-31,Present,8.2,0.0
13563,677,2025-05-15,Absent,0.0,0.0
13564,677,2025-02-04,Present,8.7,0.0
13565,677,2025-10-11,Present,7.0,0.0
13566,677,2025-02-18,Present,8.6,0.0
13567,677,2025-10-30,Present,8.4,0.0
13568,677,2025-12-01,Leave,0.0,0.0
13569,677,2025-04-07,Present,7.6,0.0
13570,677,2025-01-31,Present,8.9,0.0
13571,677,2025-07-17, Present,7.8,0.0
13572,677,2025-11-27,Present,7.7,0.0
13573,677,10-21-2025,Present,8.2,0.0
13574,677,2025-04-07,Present,8.7,0.0
13575,678,04/09/2025,Absent,0.0,0.0
13576,678,2025-12-13,Present,9.3,0.0
13577,678,2025-03-23,Late,4.9,
13578,678,2025-05-05,Absent,0.0,0.0
13579,678,2025-09-03,Absent,0.0,0.0
13580,678,2025-11-18,Late,5.7,0.0
13581,678,2025-01-28,Present,7.2,3.2
13582,678,2025-04-02,Present,,0.0
13583,678,11/03/2025,Present,8.8,1.6
13584,678,2025-08-21,Leave,0.0,0.0
13585,679,2025-02-08,Present,9.1,
13586,679,2025-06-18,Present,8.3,0.0
13587,679,16-Aug-2025,Present,9.4,0.8
13588,679,2025-12-02,Present,8.3,
13589,679,2025-12-26,Present,8.9,0.0
13590,679,15/03/2025,Present,8.5,0.0
13591,679,2025-08-25,Present,7.1,
13592,679,2025-05-04,Present,9.4,0.0
13593,679,27-Sep-2025,Present,7.7,0.0
13594,679,2025-11-01,Absent,0.0,0.0
13595,679,2025-03-29,Present,7.6,0.0
13596,679,2025-08-15,Absent,0.0,0.0
13597,679,2025-09-07,Present,8.2,0.0
13598,679,2025-10-03,Present,,0.0
13599,679,01-27-2025,leave,0.0,0.0
13600,679,2025-08-15,Present,8.9,0.0
13601,679,2025-03-26,Present,8.0,0.0
13602,679,2025-07-15,Present,8.1,0.0
13603,679,2025-05-25,Absent,0.0,0.0
13604,679,2025-06-12,Present,8.3,1.9
13605,679,21/09/2025,Absent,0.0,0.0
13606,679,2025-01-10,leave,0.0,0.0
13607,679,2025-05-16,Absent,0.0,0.0
13608,679,05-Jan-2025,Present,9.3,3.5
13609,679,2025-02-05,Absent,0.0,0.0
13610,679,2025-05-24,Late,5.9,0.0
13611,679,2025-08-22,Absent,0.0,0.0
13612,679,2025-04-03,Present,7.0,0.0
13613,679,2025-02-21,Leave,0.0,0.0
13614,680,2025-07-22,Late,7.2,0.0
13615,680,2025-01-16,absent,0.0,0.0
13616,680,18/04/2025,Present,7.3,0.0
13617,680,2025-12-05,Absent,0.0,0.0
13618,680,02-28-2025,Present,7.6,0.0
13619,680,09-Jul-2025,Present,7.4,0.0
13620,680,2025-02-16,Present,7.4,0.0
13621,680,2025-12-22,absent,0.0,0.0
13622,680,2025-12-24,Present,9.0,0.0
13623,680,2025-12-21,Present,8.4,0.0
13624,680,2025-02-17,Present,9.4,0.0
13625,680,01/08/2025,Present,7.6,0.0
13626,680,2025-04-30,Absent,0.0,0.0
13627,680,23-Feb-2025,Present,8.2,0.0
13628,680,16/08/2025,Late,7.4,0.0
13629,680,2025-11-01,Present,9.1,0.0
13630,680,2025-01-23,Absent,0.0,0.0
13631,680,2025-01-03,Absent,0.0,0.0
13632,680,2025-05-29,Present,8.8,0.0
13633,680,2025-02-09,Present,7.5,0.0
13634,680,2025-11-12,Present,8.9,0.0
13635,680,2025-03-23,Present,7.9,0.0
13636,680,14/05/2025,Absent,0.0,0.0
13637,680,2025-01-01,Present,8.3,0.0
13638,681,2025-07-15,Present,8.5,0.0
13639,681,31/10/2025,Present,8.5,0.0
13640,681,2025-03-29,Present,8.8,0.0
13641,681,2025-02-13,Present,8.7,0.0
13642,681,2025-06-24,Present,7.2,2.1
13643,681,2025-05-22,Present,8.7,1.5
13644,681,2025-10-13,Present,7.8,0.9
13645,681,2025-01-17,Present,8.0,0.0
13646,681,2025-02-12,Present,9.5,
13647,681,2025-02-05,Present,7.7,0.0
13648,681,2025-06-17,Present,8.3,0.0
13649,681,2025-11-18,Present,8.9,0.0
13650,681,2025-03-19,Present,7.0,0.0
13651,682,08/04/2025,Present,9.3,0.0
13652,682,2025-05-21,present,8.0,0.0
13653,682,2025-09-11,Present,9.2,0.0
13654,682,2025-08-02,Absent,0.0,0.0
13655,682,2025-06-17,Late,4.6,0.0
13656,682,2025-06-20, Present,7.4,0.0
13657,682,2025-06-29,Absent,0.0,0.0
13658,682,2025-05-20,Absent,0.0,0.0
13659,682,2025-06-08,Present,7.8,0.0
13660,682,2025-01-30,Present,7.9,0.0
13661,682,2025-12-06,Present,,0.0
13662,682,2025-02-26,Present,7.0,0.0
13663,682,2025-06-22,Present,8.6,0.0
13664,682,23/09/2025,Absent,0.0,
13665,682,2025-09-13,Absent,0.0,
13666,682,2025-03-01,Late,4.9,0.0
13667,682,19-Feb-2025,Present,9.1,0.0
13668,682,2025-10-12,ABSENT,0.0,0.0
13669,682,2025-02-08,Present,8.9,0.0
13670,682,2025-06-19,Present,8.2,0.0
13671,682,2025-10-13,Absent,0.0,0.0
13672,682,2025-09-09,PRESENT,7.5,0.0
13673,682,2025-06-16,Present,8.6,0.0
13674,682,05-29-2025,Absent,0.0,0.0
13675,682,06-03-2025,Present,7.4,0.0
13676,682,2025-03-12,Present,7.5,0.0
13677,682,2025-03-16,Present,8.6,0.0
13678,682,2025-11-19,Absent,0.0,0.0
13679,683,2025-10-03,Late,7.5,0.0
13680,683,2025-01-23,late,7.2,0.0
13681,683,2025-04-27,Present,8.5,0.0
13682,683,01/08/2025,Present,8.3,0.0
13683,683,2025-07-30,Present,9.5,0.0
13684,683,2025-08-16,Absent,0.0,0.0
13685,683,2025-03-15,present,8.4,0.0
13686,683,2025-10-16,Present,8.1,3.7
13687,683,18/03/2025,Present,7.6,0.0
13688,683,2025-08-16,Present,7.2,0.0
13689,683,2025-02-10,Present,8.6,0.8
13690,683,08/08/2025,Present,7.9,0.0
13691,683,2025-04-23,Present,8.1,0.0
13692,683,2025-03-20,Present,8.4,0.0
13693,683,2025-11-30,Present,9.5,0.0
13694,683,2025-02-23,Present,7.6,0.0
13695,683,2025-03-04,Present,7.9,0.0
13696,683,2025-06-15,Absent,0.0,0.0
13697,683,2025-09-11,Present,7.3,2.6
13698,684,23/08/2025,Present,8.8,0.0
13699,684,2025-12-30,Present,8.2,0.0
13700,684,2025-01-03,Present,7.6,0.0
13701,684,2025-10-11,Present,8.6,0.0
13702,684,2025-07-08,Present,8.3,0.0
13703,684,2025-09-29,Present,7.4,0.0
13704,684,2025-09-04,Present,8.0,0.0
13705,685,09-07-2025,Late,5.8,3.9
13706,685,2025-03-23,Present,9.1,0.0
13707,685,2025-04-30,Present,8.8,0.0
13708,685,2025-05-13,Present,9.2,0.0
13709,685,2025-10-31,Present,8.8,3.7
13710,685,03-23-2025,Present,7.1,0.0
13711,685,2025-07-06,Present,8.1,
13712,685,2025-04-11,Present,8.9,0.0
13713,685,2025-05-24,Present,8.5,1.1
13714,685,26/09/2025,Present,7.9,1.6
13715,685,2025-12-18,Present,7.7,0.0
13716,685,27-Oct-2025,Present,7.9,0.0
13717,685,2025-12-19,Present,8.3,0.0
13718,685,2025-07-20,Present,,0.0
13719,685,2025-10-04,Absent,0.0,0.0
13720,685,2025-04-01,Present,8.9,0.0
13721,685,2025-07-27,Present,9.1,3.6
13722,685,21/04/2025,Present,8.0,0.0
13723,685,2025-10-14,PRESENT,7.9,0.7
13724,685,2025-09-09,Present,9.3,0.7
13725,685,2025-02-05,Present,8.9,0.0
13726,685,2025-03-28,Present,7.9,0.0
13727,685,2025-07-23,Present,9.4,0.0
13728,685,2025-04-26,Present,8.0,0.0
13729,685,2025-11-13,Present,9.0,0.0
13730,685,2025-02-24,Present,7.7,0.0
13731,685,13-Jul-2025,Present,7.7,0.0
13732,685,2025-07-31,Late,6.3,0.0
13733,685,06-27-2025,Present,9.5,0.0
13734,685,04-09-2025,Present,8.3,0.0
13735,685,2025-03-09,Present,9.3,0.0
13736,686,2025-07-12,Present,9.0,0.0
13737,686,2025-03-15,Present,9.0,0.0
13738,686,2025-04-02,Present,8.1,0.0
13739,686,2025-01-24,Present,8.0,0.0
13740,686,2025-01-11,Present,7.5,0.0
13741,686,2025-11-10,Present,9.4,0.0
13742,686,2025-08-26,Present,9.4,0.0
13743,686,2025-11-29,Present,8.9,0.0
13744,686,2025-02-19,Present,7.7,0.0
13745,687,2025-04-13,Present,7.6,0.0
13746,687,2025-03-02,Present,9.5,0.0
13747,687,2025-11-24,Absent,0.0,0.0
13748,687,2025-07-19,Present,7.2,0.0
13749,687,28-May-2025,Present,9.1,0.0
13750,687,2025-05-04,Present,7.9,0.0
13751,687,2025-10-16,Present,8.0,3.4
13752,687,2025-01-03,Present,7.2,1.7
13753,687,2025-12-26,Present,9.4,0.0
13754,687,2025-08-01,Absent,0.0,0.0
13755,687,2025-10-01,Present,8.7,0.0
13756,687,18-Nov-2025,Present,8.9,3.2
13757,687,2025-05-22,Present,7.2,0.0
13758,687,06-May-2025,Present,7.5,0.0
13759,687,2025-01-03,Present,8.2,0.0
13760,687,09-Nov-2025,Present,7.9,0.0
13761,687,2025-06-11,Present,8.0,0.0
13762,687,2025-01-30,Present,9.0,0.6
13763,687,2025-09-08,Present,8.7,0.0
13764,687,2025-03-23,Present,7.0,0.0
13765,687,07-08-2025, Late,4.7,0.0
13766,687,18/12/2025,PRESENT,8.0,3.4
13767,687,2025-11-19,Present,7.4,0.0
13768,687,2025-03-02,Present,8.4,0.0
13769,688,2025-06-17,Present,8.7,0.0
13770,688,2025-09-04,Late,5.2,0.0
13771,688,2025-01-01,PRESENT,8.3,0.0
13772,688,2025-06-07,Absent,0.0,0.0
13773,688,2025-03-23,Present,9.3,0.0
13774,688,2025-01-02,Present,8.3,0.0
13775,688,2025-04-25,late,5.0,0.0
13776,688,2025-03-13,Present,8.6,0.0
13777,688,2025-06-13,PRESENT,8.5,0.0
13778,688,2025-03-01,Late,4.6,0.0
13779,688,2025-08-28,Absent,0.0,0.0
13780,689,2025-08-13, Present,7.2,0.0
13781,689,2025-06-26,Absent,0.0,0.0
13782,689,2025-07-05,Absent,0.0,0.0
13783,689,2025-11-15,PRESENT,7.4,1.0
13784,689,2025-09-29,Present,7.6,2.1
13785,689,2025-01-13,Present,7.9,3.6
13786,689,2025-05-29,Absent,0.0,0.0
13787,689,12-Jan-2025,Present,8.5,0.0
13788,689,02/01/2025,Present,9.2,0.0
13789,689,2025-01-22,present,8.3,0.0
13790,689,2025-07-11,Absent,0.0,0.0
13791,689,2025-08-08,Present,7.2,0.0
13792,689,2025-04-19,Absent,0.0,0.0
13793,689,2025-03-20,Present,8.2,0.0
13794,689,2025-03-16,Present,9.1,0.0
13795,689,2025-10-20,Present,7.5,0.0
13796,689,2025-08-18,Absent,0.0,0.0
13797,689,2025-08-27,Present,7.2,0.0
13798,689,2025-10-18,Present,7.8,0.0
13799,689,2025-04-02,Present,8.0,0.0
13800,689,07-12-2025,Present,7.8,
13801,689,2025-04-12,Present,7.3,1.4
13802,690,2025-02-11,Present,8.7,0.0
13803,690,05-Mar-2025,Present,8.0,0.0
13804,690,2025-06-02,Present,8.6,2.4
13805,690,2025-06-10,Present,8.4,0.0
13806,690,2025-10-18,Present,7.6,0.0
13807,690,2025-10-24,Present,8.3,0.0
13808,690,2025-06-02,Present,7.1,0.0
13809,691,2025-12-14,Present,8.1,2.5
13810,691,2025-06-06,Present,7.5,0.0
13811,691,2025-12-21,Present,7.6,0.0
13812,691,2025-05-24,Present,7.5,0.0
13813,691,2025-03-02,Present,7.2,0.0
13814,691,2025-10-26,Late,5.5,3.9
13815,691,2025-05-31,Present,7.9,0.0
13816,691,2025-12-01,Present,8.2,2.8
13817,691,2025-08-18,Present,8.6,0.0
13818,691,2025-07-30,Present,9.4,0.0
13819,691,2025-12-11,Present,9.1,3.3
13820,691,2025-01-05,late,7.4,0.0
13821,691,2025-04-18,Absent,0.0,0.0
13822,691,2025-04-24,PRESENT,7.6,0.0
13823,691,2025-05-03,Absent,0.0,0.0
13824,691,2025-10-19,Present,8.5,0.0
13825,691,16-Jun-2025,Absent,0.0,0.0
13826,691,2025-12-04,Absent,0.0,0.0
13827,692,01-09-2025,Absent,0.0,0.0
13828,692,2025-01-13,PRESENT,9.2,0.0
13829,692,2025-10-07,Present,8.6,0.0
13830,692,2025-08-08,Present,9.4,0.0
13831,692,2025-09-13,Present,7.3,0.0
13832,692,2025-03-24,Present,8.1,0.0
13833,692,2025-09-17,Present,9.4,0.0
13834,692,2025-04-14,Present,7.9,3.1
13835,692,2025-04-16,Present,7.1,0.0
13836,692,2025-09-29,Absent,0.0,0.0
13837,692,2025-10-12,Present,8.7,0.0
13838,692,03-17-2025,Absent,0.0,0.0
13839,692,2025-01-23,Present,9.3,1.8
13840,692,2025-11-08,Present,7.1,0.0
13841,692,28/03/2025,Late,,
13842,692,2025-11-20,Present,9.2,0.0
13843,692,2025-09-26,Present,8.8,0.0
13844,692,23-Feb-2025,Absent,0.0,0.0
13845,692,2025-09-17,Present,7.3,0.0
13846,692,2025-12-02, Present,7.1,0.0
13847,692,2025-04-07,Present,9.0,0.0
13848,692,2025-12-18,Absent,0.0,0.0
13849,692,2025-11-29,Present,9.0,0.0
13850,692,2025-10-06,Present,7.3,0.0
13851,692,2025-01-08,Leave,0.0,0.0
13852,692,2025-07-24,Present,7.8,0.0
13853,692,2025-09-26,Absent,0.0,0.0
13854,692,2025-03-23,Present,9.0,2.3
13855,692,25-Mar-2025,Late,7.4,0.0
13856,692,2025-05-17,Leave,0.0,0.0
13857,692,2025-09-15,Present,8.2,0.0
13858,692,2025-02-08,Present,8.7,
13859,692,03-22-2025,Present,8.3,3.8
13860,692,2025-11-09,Present,8.0,0.0
13861,692,2025-11-06,Present,7.6,0.0
13862,692,2025-01-22,Present,7.8,0.0
13863,692,2025-05-16,Present,9.1,2.2
13864,692,2025-10-07,Present,7.9,0.0
13865,693,05-13-2025,Absent,0.0,0.0
13866,693,2025-09-29,Present,8.4,0.0
13867,693,2025-01-23,Present,7.3,0.0
13868,693,2025-05-20,PRESENT,7.0,0.0
13869,693,2025-04-09,Absent,0.0,
13870,693,2025-06-12,Present,7.7,0.0
13871,693,23/08/2025,Present,8.5,0.0
13872,693,2025-07-18,Absent,0.0,0.0
13873,693,2025-02-21,Absent,0.0,0.0
13874,693,2025-12-10,Present,8.8,0.0
13875,693,2025-08-05,Present,9.1,
13876,693,01-Aug-2025,Absent,0.0,0.0
13877,693,2025-06-13,Present,9.3,0.0
13878,693,2025-10-23,Present,8.0,0.0
13879,693,2025-04-24,Present,8.9,0.0
13880,693,2025-10-12,Absent,0.0,0.0
13881,693,2025-12-26,Absent,0.0,0.0
13882,694,26-Sep-2025,Absent,0.0,0.0
13883,694,2025-11-25,Present,7.2,0.0
13884,694,2025-05-04,Present,7.1,0.9
13885,694,2025-09-27,Present,8.1,1.2
13886,694,2025-02-11,Absent,0.0,0.0
13887,694,2025-06-13,Present,7.7,0.0
13888,694,2025-02-20,Absent,0.0,0.0
13889,694,2025-08-14,Absent,0.0,0.0
13890,694,2025-02-09,Absent,0.0,0.0
13891,695,2025-03-27,Present,8.6,1.8
13892,695,02/09/2025,Present,8.4,0.0
13893,695,2025-03-12,Present,8.0,0.0
13894,695,2025-05-22,Present,7.4,0.0
13895,695,2025-04-11,Present,7.2,0.0
13896,695,2025-10-06,Late,5.2,0.0
13897,695,2025-01-20,Present,7.1,0.0
13898,695,2025-09-02,Present,8.5,3.3
13899,695,28/09/2025,Present,7.8,1.9
13900,695,14/08/2025,Present,9.0,0.0
13901,695,2025-07-25,Present,7.6,0.9
13902,695,28-Feb-2025,Present,8.3,0.0
13903,695,2025-07-28,Present,8.6,2.6
13904,696,2025-11-04,Present,8.8,0.0
13905,696,2025-12-06,Present,7.1,0.0
13906,696,2025-11-20,Late,5.8,0.0
13907,696,06/12/2025,PRESENT,7.6,3.2
13908,696,2025-06-21,Present,9.2,0.0
13909,696,08-21-2025,Late,5.3,0.0
13910,696,11-07-2025,Absent,0.0,0.0
13911,696,26/08/2025,Late,4.8,0.0
13912,696,2025-08-04,Present,7.6,0.0
13913,696,2025-08-10,Present,7.3,1.6
13914,696,2025-05-14,Absent,0.0,0.0
13915,696,2025-09-22,Late,6.1,0.0
13916,696,2025-04-30,Present,9.4,0.0
13917,696,2025-09-27,Present,8.0,0.0
13918,696,2025-03-11,Present,7.6,0.0
13919,696,2025-12-08,Present,7.4,0.0
13920,696,2025-03-12,Late,5.0,0.0
13921,696,2025-05-10,Present,7.5,0.0
13922,696,2025-08-04,Late,6.8,0.0
13923,696,09/08/2025,Present,7.2,4.0
13924,696,2025-07-04,Present,,0.0
13925,696,2025-11-25,present,8.4,0.0
13926,696,2025-06-09,Leave,0.0,0.0
13927,696,2025-11-30,Present,7.9,0.0
13928,696,2025-10-24,Late,6.6,2.2
13929,696,29/04/2025,Present,7.8,
13930,697,2025-07-24,Absent,0.0,0.0
13931,697,09-Feb-2025,Absent,0.0,0.0
13932,697,2025-08-08,Present,9.3,0.0
13933,697,2025-07-19,Present,7.7,2.0
13934,697,08-11-2025,Absent,0.0,0.0
13935,697,2025-11-06,Present,7.9,0.0
13936,697,2025-02-12,Absent,0.0,0.0
13937,697,2025-11-02,Absent,0.0,
13938,697,2025-07-20,Present,7.2,0.0
13939,697,2025-06-15,Present,7.5,0.0
13940,697,2025-05-08,Absent,0.0,0.0
13941,697,2025-02-19,Present,7.5,0.0
13942,697,2025-05-18,PRESENT,8.7,1.9
13943,697,2025-09-09,Present,9.0,0.0
13944,697,2025-11-30,Present,8.8,
13945,697,2025-01-03,Present,7.5,0.0
13946,697,08/03/2025,Present,,0.0
13947,697,2025-10-20,Present,,0.0
13948,697,12-18-2025,Present,8.6,0.0
13949,697,2025-09-13,Present,8.5,0.0
13950,697,2025-02-25,Present,8.8,0.0
13951,697,2025-07-24,Present,7.1,3.1
13952,697,18-Aug-2025,Absent,0.0,0.0
13953,697,2025-09-30,Present,7.7,0.0
13954,697,2025-02-03,Present,8.4,0.0
13955,697,2025-02-17,Late,5.2,0.0
13956,697,2025-01-01,Present,9.1,0.0
13957,697,12-Jan-2025,Present,8.2,0.0
13958,697,2025-08-23,Present,8.6,0.0
13959,697,12/05/2025,Leave,0.0,0.0
13960,698,2025-10-22,PRESENT,9.0,0.0
13961,698,31-Jul-2025,Present,9.2,0.0
13962,698,2025-12-11,Present,8.8,0.0
13963,698,2025-06-13,Present,7.4,0.0
13964,698,2025-09-09,Present,9.1,0.0
13965,698,2025-02-11,Present,8.5,2.6
13966,698,2025-09-18,Present,9.3,0.0
13967,698,2025-06-30,Absent,0.0,0.0
13968,698,2025-10-09,Present,7.6,0.0
13969,698,2025-07-03,Present,7.6,0.0
13970,698,10-Sep-2025,Present,8.3,0.0
13971,698,2025-04-06,Absent,0.0,0.0
13972,698,05/02/2025,Present,8.9,0.0
13973,698,2025-03-25,Present,8.1,0.0
13974,699,26-Mar-2025,Present,8.6,2.1
13975,699,2025-02-20,Leave,0.0,
13976,699,2025-05-21,Present,8.5,3.4
13977,699,2025-12-04,Absent,0.0,0.0
13978,699,2025-03-10,Present,7.5,0.0
13979,699,2025-12-27,Absent,0.0,0.0
13980,699,11-26-2025,Present,8.7,0.0
13981,699,2025-03-16, Present,9.0,0.0
13982,699,2025-12-14,Present,8.1,0.0
13983,699,2025-09-13,Present,7.8,0.0
13984,699,12-29-2025,Absent,0.0,0.0
13985,699,30-Aug-2025,Present,7.0,3.3
13986,699,11-22-2025,Present,7.8,0.0
13987,699,2025-05-21,Present,7.9,0.0
13988,700,2025-09-19,Present,7.8,0.0
13989,700,22-Feb-2025,Present,8.2,3.0
13990,700,2025-08-19,Present,8.9,0.0
13991,700,2025-02-08,Absent,0.0,0.0
13992,700,2025-11-02,Present,8.0,0.0
13993,700,2025-05-30,Present,8.7,0.0
13994,700,2025-03-26,Present,8.8,0.0
13995,700,2025-07-14,PRESENT,7.7,0.8
13996,700,2025-03-07,Present,9.2,0.0
13997,700,2025-09-17,Present,8.7,0.0
13998,700,2025-01-26,Present,-8.6,0.0
13999,700,2025-04-03,Present,7.1,0.0
14000,700,2025-01-01,present,9.0,0.0
14001,700,2025-10-16,Present,8.4,3.5
14002,700,2025-09-28,Present,9.4,0.0
14003,700,14-Dec-2025,Present,9.4,0.0
14004,700,29/06/2025,Present,9.1,0.0
14005,701,2025-04-25,Present,7.0,0.0
14006,701,2025-05-21,Absent,0.0,0.0
14007,701,2025-08-28,Present,9.2,0.0
14008,701,2025-01-11,Present,7.2,0.0
14009,701,2025-02-06,Present,9.1,0.0
14010,701,18-Jun-2025,Present,7.7,0.0
14011,701,2025-06-15,Present,8.5,0.0
14012,701,2025-12-02,Present,7.1,0.0
14013,701,2025-11-14,Absent,0.0,0.0
14014,701,08-30-2025,Late,6.8,0.0
14015,701,2025-03-05,Absent,0.0,0.0
14016,701,2025-03-25,Absent,0.0,0.0
14017,701,2025-02-21,Present,7.3,0.0
14018,701,2025-06-07,Present,8.0,3.4
14019,701,04/12/2025,Present,8.7,0.0
14020,701,2025-05-15,Present,7.0,0.0
14021,701,2025-09-16,Present,8.0,0.0
14022,701,2025-11-22,Present,7.1,2.9
14023,701,2025-01-30,Present,9.4,2.8
14024,701,2025-01-13,Present,7.6,0.0
14025,702,2025-01-11,PRESENT,7.9,0.0
14026,702,2025-07-17,PRESENT,9.4,0.0
14027,702,2025-07-27,Late,5.2,0.0
14028,702,2025-12-03,Present,8.4,0.0
14029,702,2025-04-14,Absent,0.0,0.0
14030,702,2025-06-21,Present,8.0,3.2
14031,702,11-Sep-2025,Present,9.2,1.7
14032,702,2025-09-09,Absent,0.0,0.0
14033,702,2025-09-20,Present,8.7,0.0
14034,702,11-25-2025,Leave,0.0,0.0
14035,702,11-06-2025,Present,8.4,0.0
14036,702,2025-12-06,Present,7.7,0.0
14037,702,2025-11-30,Late,5.3,0.0
14038,702,2025-08-11,Present,8.3,0.0
14039,702,2025-10-17,Present,7.4,0.0
14040,702,03/06/2025,Present,9.0,0.0
14041,702,2025-12-14,Present,7.2,0.0
14042,702,25/04/2025,Present,7.2,0.0
14043,702,2025-08-20,PRESENT,7.9,0.0
14044,702,2025-03-20,Present,7.3,0.0
14045,702,2025-03-17,Present,8.2,1.9
14046,702,2025-08-03,Present,8.8,0.0
14047,702,2025-06-11,Present,9.4,0.0
14048,703,2025-03-26,PRESENT,8.9,0.0
14049,703,2025-10-06,Present,7.4,0.0
14050,703,2025-02-20,Present,9.3,0.0
14051,703,2025-04-25,Late,5.7,0.0
14052,703,2025-11-28,Present,8.2,0.0
14053,703,2025-04-27,Absent,0.0,
14054,703,2025-12-07,Late,5.8,0.0
14055,703,2025-09-11,Present,7.7,0.0
14056,703,2025-02-02,Present,9.2,0.0
14057,703,2025-02-18,Present,7.8,0.0
14058,703,2025-11-19,Absent,0.0,0.0
14059,703,2025-02-27,Present,8.4,0.0
14060,703,2025-01-23,Absent,0.0,0.0
14061,703,28/09/2025,Present,7.6,0.0
14062,703,2025-10-16,Present,9.0,0.0
14063,703,2025-09-25,Present,8.9,0.0
14064,703,2025-08-26,Absent,0.0,0.0
14065,703,2025-01-03,Present,7.7,0.0
14066,703,2025-06-16,Late,6.5,0.0
14067,703,2025-01-28,Present,8.8,0.0
14068,703,2025-04-09,Absent,0.0,0.0
14069,703,2025-12-25,Absent,0.0,0.0
14070,703,2025-04-21,Present,8.4,0.0
14071,703,16-Jul-2025,Present,8.5,0.0
14072,703,2025-10-12,Present,8.4,0.0
14073,703,17/12/2025,Absent,0.0,0.0
14074,703,2025-09-12,Present,7.2,0.0
14075,704,2025-07-17,Present,8.7,0.0
14076,704,2025-09-21,Present,8.2,0.0
14077,704,2025-04-10,ABSENT,0.0,0.0
14078,704,2025-06-28,Late,5.8,0.0
14079,704,2025-04-16,Present,9.1,0.6
14080,704,2025-12-03,Absent,0.0,0.0
14081,704,2025-06-16,Present,7.6,0.0
14082,704,2025-02-19,Present,7.3,0.0
14083,704,05-09-2025,Present,7.1,0.0
14084,704,2025-02-28,present,7.7,0.0
14085,705,2025-12-04,Present,9.5,0.0
14086,705,2025-10-22,Present,7.7,0.0
14087,705,30/11/2025,Present,8.7,
14088,705,2025-12-09,Present,7.3,0.0
14089,705,2025-10-22,Present,8.5,0.0
14090,705,2025-03-14,present,9.5,0.0
14091,705,2025-12-07,Absent,0.0,0.0
14092,705,01/07/2025,Present,7.7,0.0
14093,705,07/12/2025,Present,9.1,0.0
14094,705,2025-01-03,Present,9.5,2.6
14095,705,2025-12-12,Late,5.4,0.0
14096,705,28/06/2025,Late,6.5,0.0
14097,705,2025-01-16,Present,9.1,1.1
14098,706,2025-09-30,PRESENT,8.1,1.6
14099,706,2025-01-10,Present,7.7,0.0
14100,706,2025-05-21,Late,7.1,0.0
14101,706,08-01-2025,Present,8.1,0.0
14102,706,2025-11-14,Present,7.8,0.0
14103,706,2025-08-24,Present,8.5,0.0
14104,706,2025-02-17,Present,7.5,1.3
14105,706,2025-05-19,Late,6.1,0.0
14106,706,02-11-2025,Absent,0.0,0.0
14107,706,2025-04-05,Present,8.0,0.0
14108,706,2025-08-21,Present,7.7,0.0
14109,706,2025-07-09,Present,7.1,0.0
14110,706,2025-07-22,Present,8.3,0.0
14111,706,2025-04-09,Present,9.0,
14112,706,2025-09-02,Present,9.1,0.0
14113,706,2025-01-31,Present,7.6,0.0
14114,706,16/06/2025,Present,8.5,0.0
14115,706,2025-03-19,Late,7.1,1.9
14116,706,2025-06-02,Present,9.3,0.0
14117,706,2025-12-26,Absent,0.0,0.0
14118,706,2025-06-09,Present,,0.0
14119,706,2025-08-03,Present,7.5,0.0
14120,706,2025-06-21,Late,5.3,0.0
14121,706,2025-08-25,Late,5.0,0.0
14122,706,2025-01-07,Present,7.5,0.0
14123,706,2025-06-01,Absent,0.0,0.0
14124,706,2025-11-02,Absent,0.0,0.0
14125,706,2025-09-09,Present,9.3,3.8
14126,707,2025-08-02,Absent,0.0,0.0
14127,707,2025-04-14,Absent,0.0,0.0
14128,707,22/10/2025,Present,7.1,0.0
14129,707,2025-06-30,Present,8.5,0.0
14130,707,2025-01-26,Present,8.4,1.9
14131,707,2025-11-06,Absent,0.0,0.0
14132,707,2025-08-10,Present,8.6,0.0
14133,707,2025-06-19,Present,9.4,0.0
14134,707,2025-03-03,Present,7.4,0.0
14135,707,2025-11-24,Present,7.3,0.0
14136,707,2025-11-08,Present,7.1,0.0
14137,707,2025-11-01,Present,7.9,0.0
14138,707,2025-08-15,Absent,0.0,
14139,708,2025-11-15,Present,7.8,2.0
14140,708,25-Aug-2025,Late,6.0,0.0
14141,708,05/02/2025,PRESENT,8.9,1.9
14142,708,09-19-2025,Late,5.5,0.0
14143,708,2025-09-08,Present,9.1,0.0
14144,708,2025-08-29,PRESENT,9.1,0.0
14145,708,2025-09-18,Present,7.6,0.0
14146,708,2025-04-21,Present,7.8,0.0
14147,708,2025-09-29,Present,9.1,0.0
14148,708,2025-08-09,Present,,0.0
14149,708,10/05/2025,Present,7.8,0.0
14150,708,2025-12-23,Late,5.8,0.0
14151,708,2025-01-19,Present,7.5,0.0
14152,708,2025-06-16,Late,5.0,0.0
14153,708,2025-10-30,Present,8.1,3.1
14154,709,2025-04-10,present,9.1,
14155,709,2025-04-21,Present,9.4,
14156,709,03-Dec-2025,Absent,0.0,0.0
14157,709,17/06/2025,Present,7.2,0.0
14158,709,2025-09-25,Present,7.5,0.0
14159,709,2025-10-02,Late,6.8,0.0
14160,709,2025-05-31,Present,8.4,0.0
14161,709,2025-11-08,Present,7.8,0.0
14162,709,2025-03-02,Present,7.5,0.0
14163,709,2025-08-04,Present,7.7,2.0
14164,709,2025-05-23,Present,7.4,0.0
14165,709,2025-04-21, Present,9.4,0.0
14166,709,2025-10-19,Present,7.3,0.0
14167,709,2025-10-03,Absent,0.0,0.0
14168,709,2025-04-25,Late,7.5,0.0
14169,709,2025-11-09,Absent,0.0,0.0
14170,709,2025-02-24,Present,9.1,2.0
14171,709,2025-05-04,Present,8.8,0.0
14172,710,2025-01-12,Absent,0.0,0.0
14173,710,08-14-2025,PRESENT,8.7,0.0
14174,710,2025-06-06,Present,7.5,0.0
14175,710,2025-06-27,Present,7.8,0.0
14176,710,2025-06-18,Absent,0.0,0.0
14177,710,2025-04-25,Present,8.3,0.0
14178,710,2025-09-11,Present,8.6,0.0
14179,710,2025-12-27,Present,8.4,2.2
14180,710,2025-12-18,Late,5.8,0.0
14181,710,2025-10-01,Present,8.2,2.0
14182,710,2025-09-14,Present,8.4,0.0
14183,710,2025-12-14,Absent,0.0,0.0
14184,710,08-05-2025,Present,9.2,0.0
14185,710,30-May-2025,Present,8.6,3.0
14186,710,2025-11-24,Present,8.5,0.0
14187,710,2025-02-19,Absent,0.0,
14188,710,2025-08-27,Present,8.6,0.0
14189,710,2025-05-23,Late,6.2,0.6
14190,710,2025-08-29,Absent,0.0,0.0
14191,710,2025-01-16,Present,9.5,0.0
14192,710,2025-06-26,Present,7.1,0.0
14193,710,2025-12-14,Absent,0.0,0.0
14194,710,2025-11-16,Present,8.0,0.0
14195,710,2025-12-17,Present,7.3,0.0
14196,710,2025-12-26,Present,7.2,0.0
14197,711,01-04-2025,Late,6.9,2.0
14198,711,2025-02-12,Present,9.0,0.0
14199,711,09-24-2025,Present,7.7,1.4
14200,711,2025-06-27, Present,7.6,0.0
14201,711,04-02-2025,Present,8.5,0.0
14202,711,2025-11-09,Present,9.0,0.0
14203,711,2025-08-03,Present,8.1,0.0
14204,711,09/11/2025,Present,7.9,0.0
14205,711,2025-06-27,Present,9.4,0.0
14206,711,03/04/2025, Present,7.3,2.2
14207,711,2025-10-21,Late,5.7,0.8
14208,711,2025-07-26,Present,7.7,0.0
14209,711,15-Nov-2025,Present,7.1,0.0
14210,711,15/08/2025,Present,9.2,0.0
14211,711,2025-08-31,Late,6.3,0.0
14212,711,2025-06-06,Present,9.0,0.0
14213,711,2025-09-17,Present,8.3,
14214,711,2025-07-04,Present,8.5,0.0
14215,711,2025-12-22,Present,8.8,0.0
14216,711,2025-04-04,Late,7.2,0.0
14217,711,2025-01-03,Present,7.2,0.0
14218,711,2025-06-23,Present,7.8,0.0
14219,711,2025-02-21,Present,8.8,0.0
14220,711,2025-02-22,Present,9.4,0.0
14221,712,2025-07-05,Present,9.5,0.0
14222,712,08/05/2025,Late,6.4,0.0
14223,712,2025-08-29,Present,7.5,0.0
14224,712,04-21-2025,Present,7.3,0.0
14225,712,2025-08-25,Present,9.4,0.0
14226,712,2025-06-13,Late,5.8,0.0
14227,712,2025-04-23,Late,5.1,0.0
14228,712,2025-12-24,Late,7.3,0.0
14229,712,2025-10-19,Present,,0.0
14230,712,2025-10-22,Present,8.8,0.0
14231,712,2025-08-12,Leave,0.0,0.0
14232,712,2025-01-04,Present,8.6,0.0
14233,712,2025-07-11,Absent,0.0,0.0
14234,712,2025-08-04,Present,7.2,0.0
14235,712,2025-06-16,Present,7.8,0.0
14236,712,2025-01-23,Present,7.4,0.0
14237,712,2025-09-23,Leave,0.0,0.0
14238,712,2025-05-30,Absent,0.0,0.0
14239,712,2025-12-14,Present,,0.0
14240,712,2025-04-06,Present,8.2,0.0
14241,712,14-Aug-2025,Present,7.0,0.0
14242,712,2025-08-20,Absent,0.0,0.0
14243,713,08-Aug-2025,PRESENT,9.4,0.0
14244,713,2025-11-24,Present,7.9,0.0
14245,713,2025-08-26,Present,7.6,0.0
14246,713,2025-09-26,Late,5.2,0.0
14247,713,2025-03-10,Present,7.4,4.0
14248,713,2025-03-15,Present,7.7,0.0
14249,713,12-07-2025,Late,5.7,0.0
14250,713,2025-08-24,Present,9.2,2.7
14251,713,2025-02-13,Present,,0.0
14252,713,2025-11-22,Present,9.2,0.0
14253,713,2025-04-21,Present,8.9,0.0
14254,713,2025-05-27,Present,7.6,0.0
14255,713,2025-06-22,Present,8.6,0.0
14256,713,2025-10-06,Present,9.3,0.0
14257,713,2025-04-19,Present,8.2,3.1
14258,713,08-14-2025,Present,9.4,0.0
14259,713,2025-08-30,Absent,0.0,0.0
14260,713,2025-01-16,Present,8.7,0.0
14261,713,2025-06-20,Present,7.3,0.0
14262,713,2025-10-26,Present,7.6,0.0
14263,713,01/04/2025,Present,8.5,0.0
14264,713,2025-04-25,PRESENT,7.7,0.0
14265,714,2025-07-19,Present,9.4,0.0
14266,714,2025-12-19,Present,8.0,0.0
14267,714,27/11/2025,PRESENT,8.1,0.0
14268,714,2025-05-19,Present,8.8,0.0
14269,714,2025-03-23,Present,8.3,0.0
14270,714,2025-03-21,Present,8.0,0.0
14271,714,05/10/2025,Present,7.2,0.0
14272,714,2025-05-24,Present,8.5,0.0
14273,714,2025-12-13,absent,0.0,0.0
14274,714,2025-03-09,Present,9.2,0.0
14275,714,2025-07-17,Absent,0.0,0.0
14276,714,2025-09-23,Absent,0.0,0.0
14277,714,2025-02-08,Present,8.7,0.0
14278,715,2025-07-12,Absent,0.0,0.0
14279,715,2025-08-10,present,8.0,0.0
14280,715,2025-04-14,Present,7.3,0.0
14281,715,02-08-2025,Absent,0.0,0.0
14282,715,2025-07-16,present,9.0,0.0
14283,715,2025-09-23,Present,9.4,0.0
14284,715,2025-02-06,Present,8.0,0.0
14285,715,2025-09-22,Present,8.8,0.0
14286,715,2025-06-06,Present,8.0,0.0
14287,715,2025-07-11,Present,8.3,0.0
14288,715,02-24-2025,Present,9.1,0.0
14289,715,30-Nov-2025,Leave,0.0,
14290,715,2025-01-07,Present,7.2,0.0
14291,715,2025-11-30,Present,8.3,0.0
14292,715,01/04/2025,Present,7.5,1.7
14293,715,2025-10-25,Present,8.6,0.0
14294,715,2025-03-13,Present,7.1,0.0
14295,715,2025-09-28,Present,8.5,0.0
14296,715,01/01/2025,Present,7.7,0.0
14297,715,2025-09-21,Present,8.7,0.0
14298,715,2025-07-16,Present,7.4,0.0
14299,715,2025-02-16,Present,8.8,2.8
14300,715,2025-02-20,Present,9.4,0.0
14301,715,2025-04-15,Present,9.3,1.5
14302,716,2025-07-31,Present,7.1,0.0
14303,716,2025-06-20,Present,8.6,0.0
14304,716,2025-05-27,Late,6.3,0.0
14305,716,2025-04-18,PRESENT,7.1,0.0
14306,716,2025-02-27,Present,,0.0
14307,716,2025-12-30,Present,8.5,0.0
14308,716,08-02-2025,Late,7.2,0.0
14309,716,2025-04-25,Present,9.3,1.0
14310,716,2025-10-28,ABSENT,0.0,0.0
14311,716,16/09/2025,Absent,0.0,0.0
14312,716,06-05-2025,Late,5.7,0.0
14313,716,2025-12-24,Late,4.6,0.0
14314,716,2025-08-29,Present,8.2,0.0
14315,716,2025-07-12,Present,8.9,0.0
14316,716,2025-04-01,Absent,0.0,0.0
14317,716,2025-03-04,Present,9.0,0.0
14318,716,2025-02-03,Present,8.2,0.0
14319,716,2025-08-30,Late,4.8,0.0
14320,716,16-Feb-2025,PRESENT,8.0,0.0
14321,716,2025-04-27,Absent,0.0,0.0
14322,716,2025-03-23,present,9.3,0.0
14323,716,12-21-2025,Present,7.6,0.0
14324,716,22-Apr-2025,Absent,0.0,0.0
14325,716,2025-12-18,Late,5.5,3.1
14326,716,2025-09-08,Present,8.8,0.0
14327,716,2025-01-09,Present,9.3,0.0
14328,716,2025-03-13,Present,8.0,0.0
14329,716,06/10/2025,PRESENT,8.3,0.0
14330,716,09-30-2025,Present,8.2,0.0
14331,716,2025-01-13,Present,9.3,3.2
14332,717,2025-05-14,Absent,0.0,0.0
14333,717,2025-06-26,Absent,0.0,0.0
14334,717,2025-08-21,Late,7.0,0.0
14335,717,2025-10-11,Present,7.3,3.3
14336,717,22-Oct-2025,Present,8.1,
14337,717,2025-01-22,Absent,0.0,0.0
14338,717,2025-02-05,Present,7.2,0.0
14339,717,2025-04-03,Present,8.7,1.8
14340,717,2025-07-23,Present,9.2,0.0
14341,717,2025-04-10,Present,8.8,0.6
14342,717,2025-04-21,Present,8.7,0.0
14343,717,2025-04-01,Absent,0.0,0.0
14344,717,10-17-2025,Present,7.5,
14345,717,2025-02-16,Present,8.1,0.0
14346,717,2025-02-08,Present,8.6,0.0
14347,717,2025-07-18,Present,9.2,2.1
14348,717,27-Dec-2025,Leave,0.0,0.0
14349,717,2025-07-26,Absent,0.0,0.0
14350,717,2025-08-27,Present,9.0,0.0
14351,717,2025-03-22,Absent,0.0,0.0
14352,718,2025-05-25,Present,9.0,0.0
14353,718,2025-10-20,Present,8.0,2.3
14354,718,15/04/2025,Present,8.8,0.0
14355,718,2025-06-29,Late,4.6,0.0
14356,718,2025-07-05,Absent,0.0,0.0
14357,718,2025-07-25,Present,9.2,0.0
14358,718,2025-06-16,Present,8.9,1.4
14359,718,2025-10-23,Present,9.5,0.0
14360,719,2025-09-06,Present,7.4,0.0
14361,719,05/07/2025,Present,9.3,0.0
14362,719,2025-06-23,Late,5.5,0.0
14363,719,06/03/2025,Absent,0.0,0.0
14364,719,2025-07-22,Present,8.9,2.1
14365,719,28/10/2025,Present,8.8,0.0
14366,719,2025-03-18,Present,7.4,1.4
14367,719,2025-06-08,Late,4.8,0.0
14368,719,23/06/2025,Present,9.2,0.0
14369,719,2025-08-01,Present,7.7,0.0
14370,719,01-26-2025,Present,8.7,0.0
14371,719,2025-12-05,Present,9.1,0.0
14372,719,2025-07-05,Present,9.3,0.0
14373,719,2025-11-06,Late,4.8,0.0
14374,719,2025-09-16,absent,0.0,0.0
14375,719,2025-01-06,Absent,0.0,0.0
14376,719,2025-10-10,Present,9.2,0.0
14377,719,2025-12-16,Present,7.5,0.0
14378,719,17/02/2025,Present,8.8,0.0
14379,719,2025-05-04,Present,8.8,
14380,719,2025-07-05,Absent,0.0,0.0
14381,719,2025-01-10,Present,7.0,0.0
14382,719,21-Nov-2025,Present,7.6,0.0
14383,719,07-04-2025,Present,8.2,0.0
14384,719,2025-05-29,Present,8.1,0.0
14385,720,2025-11-26,Late,7.3,1.8
14386,720,2025-02-24,Present,9.3,0.0
14387,720,2025-01-11,Late,5.9,0.0
14388,720,2025-02-18,Present,9.4,0.0
14389,720,2025-11-04,Present,8.8,0.0
14390,720,2025-01-04,Present,9.1,0.9
14391,720,2025-11-01,Absent,0.0,0.0
14392,720,2025-09-07,Present,8.5,1.0
14393,720,2025-06-25,Late,5.4,0.0
14394,720,2025-10-24,Present,8.6,0.0
14395,720,2025-08-25,Present,8.8,0.0
14396,720,2025-01-11,Present,7.1,2.4
14397,720,2025-07-20,Present,8.4,0.0
14398,720,2025-12-11,Present,7.2,0.0
14399,721,2025-05-26,Present,8.3,0.0
14400,721,2025-12-12,Late,6.6,
14401,721,2025-11-22, Present,7.1,0.0
14402,721,2025-09-13,Present,8.9,0.0
14403,721,2025-03-14,Present,8.4,0.0
14404,721,12/10/2025,Present,9.1,1.3
14405,721,16/01/2025,Present,9.1,0.0
14406,721,2025-12-11,Absent,0.0,0.0
14407,721,2025-05-26,Present,7.2,0.0
14408,721,2025-02-15,Absent,0.0,0.0
14409,721,2025-03-15,Present,8.0,0.0
14410,721,29-Aug-2025,Absent,0.0,0.0
14411,721,26-Oct-2025,Present,7.5,0.0
14412,721,2025-06-22,Absent,0.0,0.0
14413,722,2025-06-01,Late,7.1,0.0
14414,722,2025-01-08,Present,8.8,0.0
14415,722,01-26-2025,absent,0.0,0.0
14416,722,2025-11-13,Present,7.1,0.0
14417,722,2025-10-26,Late,4.5,0.0
14418,722,06-11-2025,Present,7.7,0.0
14419,722,11/03/2025,Present,7.4,0.0
14420,722,2025-10-31,Absent,0.0,0.0
14421,722,2025-07-31,Present,8.6,2.8
14422,722,2025-11-09,Absent,0.0,0.0
14423,722,2025-09-24,Present,9.4,0.0
14424,722,2025-01-30,Present,9.4,2.8
14425,722,2025-12-30,Present,7.0,
14426,722,2025-01-22,Absent,0.0,0.0
14427,723,2025-04-12,Late,5.6,0.0
14428,723,2025-02-27,Late,6.0,0.0
14429,723,2025-01-07,Absent,0.0,0.0
14430,723,05/07/2025,Absent,0.0,0.0
14431,723,2025-06-15,Present,8.2,0.0
14432,723,04/12/2025,Absent,0.0,0.0
14433,723,11-May-2025,Present,8.5,0.0
14434,723,04-06-2025,Present,9.4,0.0
14435,723,2025-10-22,Absent,,0.0
14436,723,2025-02-05,Late,7.2,0.0
14437,723,2025-01-17,Absent,0.0,0.0
14438,723,2025-05-07,Present,7.3,0.0
14439,723,2025-01-19,Absent,0.0,0.0
14440,723,2025-10-09,Absent,,0.0
14441,723,2025-03-26,Present,7.7,0.0
14442,724,2025-11-11,Absent,0.0,0.0
14443,724,2025-11-09,Present,9.1,0.0
14444,724,2025-02-22,Absent,0.0,0.0
14445,724,2025-10-06,Absent,0.0,0.0
14446,724,27/10/2025,Absent,0.0,0.0
14447,724,2025-12-05, Present,9.1,0.0
14448,724,2025-02-25,Absent,0.0,0.0
14449,724,2025-02-01,Present,7.7,0.0
14450,724,2025-05-26,Absent,0.0,0.0
14451,724,2025-07-29,Present,8.8,0.0
14452,724,2025-07-12,Absent,0.0,0.0
14453,724,2025-10-12,Present,8.7,0.0
14454,724,2025-06-19,Present,8.2,0.0
14455,724,2025-06-30,Absent,0.0,0.0
14456,724,2025-12-15,Absent,0.0,0.0
14457,724,2025-06-06,Absent,0.0,0.0
14458,724,2025-10-21,Present,7.5,
14459,724,28/08/2025,Present,9.2,0.0
14460,724,2025-10-24,Present,8.7,0.0
14461,724,2025-03-03,Absent,0.0,0.0
14462,725,2025-09-24,Present,7.4,
14463,725,2025-02-24,Leave,0.0,0.0
14464,725,2025-09-28,Present,8.8,0.0
14465,725,2025-12-16,Present,8.9,3.6
14466,725,2025-04-06,Present,7.6,
14467,725,2025-10-05,Present,9.5,0.0
14468,725,16-Oct-2025,Absent,0.0,0.0
14469,725,2025-03-04,Present,7.4,
14470,725,2025-09-28,Absent,0.0,0.0
14471,725,28-Jun-2025,Late,6.3,0.0
14472,725,2025-11-06,Present,8.6,0.0
14473,725,2025-06-23,Late,5.8,0.0
14474,725,08-Sep-2025,Late,5.9,3.6
14475,725,2025-12-10,Present,8.6,0.0
14476,725,2025-04-27,Present,8.2,0.0
14477,725,2025-01-10,Absent,0.0,0.0
14478,725,09/08/2025,Present,7.3,0.0
14479,725,07-25-2025,Present,7.0,0.0
14480,725,2025-02-03,Present,7.3,0.0
14481,725,2025-01-09,Present,,0.0
14482,725,2025-02-21,Present,8.9,3.9
14483,725,2025-07-01,Present,7.1,
14484,725,2025-06-06,Present,8.7,0.0
14485,725,2025-01-13,Present,7.1,0.0
14486,725,2025-03-01,Present,9.0,0.0
14487,725,2025-08-21,Present,8.0,0.0
14488,725,2025-10-10,Present,7.2,0.0
14489,725,21/12/2025,Present,8.4,0.0
14490,725,2025-07-10,Present,7.7,0.0
14491,725,2025-06-11,Present,8.6,0.0
14492,725,2025-03-25,Present,8.6,0.0
14493,725,29/07/2025,Late,6.6,0.0
14494,726,2025-04-22,Absent,0.0,0.0
14495,726,2025-05-16,Present,9.5,0.0
14496,726,2025-01-22,Absent,0.0,0.0
14497,726,2025-11-21,Present,8.0,0.0
14498,726,01-21-2025,Present,8.2,0.0
14499,726,2025-06-14,Present,9.0,0.0
14500,726,16-May-2025,Absent,0.0,0.0
14501,726,2025-04-30,Leave,0.0,0.0
14502,726,2025-01-11,Present,8.4,0.0
14503,726,30/11/2025,Present,7.1,0.0
14504,726,2025-10-23,Present,9.1,0.0
14505,727,2025-12-22,Present,7.1,0.0
14506,727,2025-08-09,Absent,0.0,0.0
14507,727,01-Jul-2025,Present,7.4,0.0
14508,727,2025-10-26,Absent,0.0,0.0
14509,727,2025-01-04,Late,4.8,0.0
14510,727,2025-05-02,Present,7.2,0.0
14511,727,2025-05-09,Present,7.1,0.0
14512,727,2025-05-08,Present,7.1,2.0
14513,727,2025-02-08,Present,7.6,0.0
14514,727,2025-05-28,Absent,0.0,0.0
14515,727,26/06/2025,Present,7.3,0.0
14516,727,2025-03-03,Present,8.6,0.0
14517,727,2025-03-15,Present,7.6,0.6
14518,727,27-May-2025,PRESENT,8.0,0.0
14519,727,2025-03-29,Absent,0.0,0.0
14520,727,04-15-2025,Present,7.8,0.0
14521,727,04-28-2025,Present,7.8,0.0
14522,727,2025-05-24,present,8.1,0.0
14523,727,28/06/2025,Present,8.7,0.0
14524,727,2025-06-06,Present,8.5,0.0
14525,727,2025-04-10,Absent,0.0,
14526,727,2025-02-20,Present,9.3,
14527,727,2025-06-17,Present,8.3,0.0
14528,727,2025-04-29,Present,8.2,0.0
14529,727,08/01/2025,Present,7.5,0.0
14530,727,2025-11-06,Present,8.9,0.0
14531,728,2025-01-24,Absent,0.0,0.0
14532,728,2025-10-08,Present,7.4,0.0
14533,728,2025-02-23,Present,8.2,0.0
14534,728,2025-01-06,Present,8.1,0.0
14535,728,2025-12-14,Present,8.6,0.0
14536,728,2025-02-05,Present,9.3,0.0
14537,728,2025-12-10,Absent,0.0,0.0
14538,728,2025-05-26,Present,9.4,0.0
14539,728,2025-04-05,Present,7.4,0.0
14540,728,2025-08-10,Absent,0.0,0.0
14541,728,04-16-2025,Leave,0.0,0.0
14542,728,2025-07-13,Absent,0.0,
14543,728,07/10/2025,Present,7.7,0.0
14544,728,11/08/2025,Present,9.0,2.3
14545,728,2025-10-16,Late,5.9,3.0
14546,728,2025-02-13,Late,6.3,0.0
14547,728,2025-03-19,Present,9.4,0.0
14548,728,04-Jan-2025,Present,8.5,2.1
14549,729,2025-04-28,Absent,0.0,0.0
14550,729,2025-11-25,Present,8.4,0.0
14551,729,2025-05-22,Present,,0.0
14552,729,2025-07-25,Late,6.3,0.0
14553,729,2025-10-25,Absent,0.0,0.0
14554,729,02/09/2025,Absent,0.0,0.0
14555,729,2025-12-20,Present,8.6,0.0
14556,729,2025-02-19,Absent,0.0,0.0
14557,729,2025-04-30,Present,9.4,0.0
14558,729,2025-03-09,Present,8.5,0.0
14559,729,2025-09-07,Present,8.0,0.0
14560,729,02-22-2025,Present,8.7,0.0
14561,729,2025-04-17,Present,8.6,0.0
14562,729,2025-12-19,Present,7.0,0.0
14563,729,2025-03-31,Absent,0.0,0.0
14564,729,2025-07-23,Present,8.2,0.0
14565,729,2025-11-30,Late,6.7,0.0
14566,729,2025-02-07,Present,8.2,0.0
14567,729,2025-09-24,Present,8.9,2.1
14568,729,2025-09-19,Present,9.5,0.0
14569,729,08/01/2025,Present,7.7,0.0
14570,729,2025-12-20,Present,7.2,0.0
14571,729,2025-02-06,Absent,0.0,
14572,729,2025-12-22,Absent,0.0,0.0
14573,729,2025-10-28,Absent,0.0,0.0
14574,729,2025-09-04,Present,8.1,0.0
14575,729,2025-09-19,Present,8.4,0.0
14576,729,2025-11-21,Late,5.5,0.0
14577,729,2025-06-18,Present,7.6,0.0
14578,730,2025-01-30,Present,8.7,0.0
14579,730,2025-04-05,Present,7.9,0.0
14580,730,2025-09-22,absent,,0.0
14581,730,2025-08-06,Present,8.6,0.0
14582,730,2025-06-12,Absent,0.0,0.0
14583,730,2025-08-04,Present,8.9,0.0
14584,730,2025-05-05,Present,8.9,0.0
14585,730,2025-01-22,Present,,0.0
14586,730,2025-09-19,Present,8.4,0.0
14587,730,13/02/2025,Late,5.8,0.0
14588,730,2025-12-11,Present,9.2,0.0
14589,730,2025-03-23,Absent,0.0,0.0
14590,730,2025-01-27,Present,9.2,0.0
14591,730,2025-10-10, Absent,0.0,0.0
14592,730,2025-12-14,Present,7.9,0.0
14593,730,2025-01-20,Present,7.2,0.0
14594,730,2025-02-09,Present,7.4,0.0
14595,730,2025-01-01,Absent,0.0,0.0
14596,730,2025-08-13,Absent,0.0,0.0
14597,730,2025-03-23,Absent,0.0,0.0
14598,730,2025-10-15,Absent,0.0,0.0
14599,730,03-Aug-2025,Absent,0.0,0.0
14600,730,08-Oct-2025,Present,7.9,0.0
14601,730,2025-07-26,absent,0.0,0.0
14602,730,2025-08-18,Present,8.4,
14603,730,2025-08-06,Present,8.6,0.0
14604,731,2025-04-24,Present,7.8,2.8
14605,731,2025-08-20,present,9.3,0.0
14606,731,12-27-2025,Late,6.5,0.0
14607,731,2025-11-09,Present,7.4,0.0
14608,731,11-24-2025,Absent,0.0,0.0
14609,731,2025-05-03,Late,6.2,0.0
14610,731,2025-10-26,Absent,0.0,0.0
14611,731,2025-07-04,Present,8.4,0.0
14612,731,2025-12-24,Late,7.1,0.0
14613,731,2025-11-26,Absent,0.0,0.0
14614,731,2025-08-01,Late,5.6,0.0
14615,731,2025-12-12,Absent,0.0,0.0
14616,731,2025-07-10,Late,5.8,2.6
14617,732,2025-09-17,Present,8.3,0.0
14618,732,2025-09-04,Present,8.8,0.0
14619,732,2025-09-26,Present,7.1,2.5
14620,732,2025-11-09,Present,7.3,
14621,732,2025-04-30,Present,7.8,0.0
14622,732,2025-12-15,Present,8.7,0.0
14623,732,2025-12-24,Late,5.0,0.0
14624,732,2025-10-05,Present,7.8,0.0
14625,732,2025-04-08,Present,8.8,0.0
14626,732,2025-07-13,Absent,0.0,0.0
14627,732,2025-03-08,PRESENT,8.6,0.0
14628,732,2025-04-04,PRESENT,7.2,0.0
14629,732,2025-09-12,Present,8.4,
14630,732,03-Sep-2025,Present,7.4,0.0
14631,732,2025-06-20,present,7.6,0.0
14632,732,07-Oct-2025,Present,8.1,0.0
14633,733,25/02/2025,Present,7.3,0.0
14634,733,2025-08-13,Present,9.5,0.0
14635,733,2025-03-24,Present,7.4,3.2
14636,733,18/09/2025,Present,9.1,0.0
14637,733,2025-01-16,Present,9.5,0.0
14638,733,02-16-2025,Present,8.1,0.0
14639,733,2025-10-09,Present,9.2,0.0
14640,733,2025-07-12,Present,9.4,0.0
14641,733,2025-01-08,Present,7.4,0.0
14642,733,2025-02-22,Present,8.2,0.0
14643,733,2025-01-02,Present,7.2,0.0
14644,733,15-Sep-2025,Late,6.4,0.0
14645,733,12-14-2025,Absent,0.0,0.0
14646,733,2025-03-07,Present,8.5,1.2
14647,733,13-Dec-2025,Present,9.0,0.0
14648,733,29-May-2025,Absent,0.0,0.0
14649,733,2025-01-22,Absent,0.0,0.0
14650,733,2025-07-26,Present,7.1,0.0
14651,733,2025-06-13,Present,9.0,0.0
14652,733,2025-04-19,PRESENT,7.1,0.0
14653,733,2025-01-06,Present,8.6,0.0
14654,733,2025-12-09,Present,7.2,1.4
14655,733,2025-06-24,Present,8.8,0.0
14656,733,06-22-2025,Present,7.7,0.0
14657,734,2025-09-25,Present,8.3,0.0
14658,734,2025-05-26,Absent,0.0,0.0
14659,734,2025-10-20,Present,9.3,
14660,734,09/08/2025,Present,7.1,0.0
14661,734,28/07/2025,Present,9.0,
14662,734,2025-02-04,Present,7.2,0.0
14663,734,2025-02-10,Present,7.3,0.0
14664,734,2025-12-21,Late,4.9,0.0
14665,734,2025-07-11,Present,9.5,0.0
14666,734,2025-10-30,Absent,0.0,0.0
14667,734,2025-02-13,Present,7.5,0.0
14668,734,2025-12-20,Present,9.2,0.0
14669,734,14/11/2025,Present,9.5,0.0
14670,734,20-Jun-2025,Present,8.0,0.0
14671,734,2025-07-21,Present,8.6,0.0
14672,734,2025-04-08,Present,8.9,0.0
14673,734,2025-08-02,Absent,0.0,0.0
14674,735,2025-04-10,Late,5.7,0.0
14675,735,22/03/2025,Present,7.4,0.0
14676,735,2025-12-27,Present,8.1,0.0
14677,735,2025-07-24,Present,8.9,3.2
14678,735,2025-12-27,Present,7.6,0.0
14679,735,2025-12-17,Absent,0.0,0.0
14680,735,2025-08-27,Present,7.4,
14681,735,2025-01-19,Leave,0.0,0.0
14682,735,2025-05-29,Present,9.3,0.0
14683,735,2025-04-25,Present,7.1,0.0
14684,735,2025-05-14,Present,8.8,
14685,735,2025-07-19,Absent,0.0,0.0
14686,735,2025-10-16,Present,9.1,0.0
14687,735,2025-11-10,Absent,0.0,0.0
14688,735,2025-03-26,Absent,0.0,0.0
14689,735,2025-11-07,Late,7.2,
14690,735,28/11/2025,Present,7.2,0.0
14691,735,2025-02-05,Present,8.2,1.5
14692,735,04-12-2025,Leave,0.0,0.0
14693,735,2025-06-15,Present,8.0,0.0
14694,735,2025-11-09,Present,8.7,0.0
14695,735,2025-09-01,Absent,0.0,0.0
14696,735,2025-07-25,Present,7.5,0.0
14697,735,2025-10-13,Present,7.9,0.0
14698,735,01-30-2025,Present,9.0,0.0
14699,735,2025-08-03,Present,8.6,0.0
14700,735,2025-04-12,Present,7.8,2.8
14701,736,2025-12-15,Present,8.9,0.0
14702,736,2025-01-27,Present,8.5,0.0
14703,736,2025-09-06,Present,7.6,0.0
14704,736,2025-09-07,Present,7.0,0.0
14705,736,03/12/2025,Present,9.0,0.0
14706,736,2025-03-07,Present,,2.9
14707,736,2025-11-04,Present,7.2,0.0
14708,736,10-Feb-2025,Present,8.5,0.0
14709,736,06-18-2025,Present,9.1,0.0
14710,736,02-Mar-2025,PRESENT,8.0,1.2
14711,736,2025-11-06,Present,8.5,0.0
14712,736,2025-01-13,Present,9.1,0.0
14713,736,2025-11-16,Present,7.1,0.0
14714,736,2025-06-02,Late,6.3,0.0
14715,736,2025-09-28,Absent,0.0,0.0
14716,736,2025-10-29,Present,8.6,0.0
14717,736,2025-03-03,Leave,0.0,0.0
14718,736,2025-07-18,Present,8.5,0.0
14719,736,07-Oct-2025,Present,8.6,0.0
14720,736,11-06-2025,Present,8.6,0.0
14721,737,2025-01-05,Present,7.3,0.0
14722,737,2025-08-06,Absent,0.0,0.0
14723,737,2025-02-10,Present,7.6,0.0
14724,737,2025-10-04,Present,8.5,0.0
14725,737,2025-01-20,Present,7.0,0.0
14726,737,2025-05-27,Present,8.6,0.0
14727,737,05-30-2025,Late,6.5,0.0
14728,737,23/08/2025,Absent,0.0,0.0
14729,737,2025-03-12,Present,7.6,0.0
14730,737,19/03/2025,Present,8.5,0.0
14731,737,2025-02-01,Present,8.3,0.0
14732,737,2025-11-29,Absent,0.0,0.0
14733,737,2025-09-01,Late,5.3,2.1
14734,737,2025-06-12,Present,9.3,0.0
14735,738,2025-05-06,Present,8.1,0.0
14736,738,2025-07-15,Present,8.6,0.0
14737,738,2025-10-07,Leave,0.0,0.0
14738,738,14-Oct-2025,Present,,0.8
14739,738,2025-06-10,Present,7.2,
14740,738,2025-11-08,Present,8.9,0.0
14741,738,2025-01-10,Present,7.9,0.0
14742,738,2025-10-01,Present,7.6,0.0
14743,738,2025-08-29,Present,8.9,1.1
14744,738,2025-10-22,Present,7.6,0.0
14745,738,2025-11-04,Present,8.1,0.0
14746,738,2025-07-21,Present,7.8,0.0
14747,738,2025-11-10,Present,8.5,0.0
14748,738,2025-09-02,Present,7.8,0.0
14749,738,2025-12-13,Present,8.0,0.0
14750,738,2025-02-17,Present,9.2,0.0
14751,739,2025-09-04,Absent,0.0,0.0
14752,739,07-26-2025,Late,7.2,0.0
14753,739,2025-08-14,Present,9.1,0.0
14754,739,2025-07-30,Absent,0.0,0.0
14755,739,2025-04-30,Present,9.2,0.0
14756,739,2025-07-20,Present,8.4,0.0
14757,739,05-04-2025,Absent,0.0,0.0
14758,739,2025-04-12,LATE,6.4,0.0
14759,739,2025-03-08,Present,8.4,0.0
14760,739,2025-09-22,Present,9.0,2.4
14761,739,2025-05-10,Present,7.3,0.0
14762,739,2025-05-22,Present,9.0,0.0
14763,739,2025-06-10,Present,8.9,0.0
14764,740,2025-05-08,Present,,0.0
14765,740,2025-11-29,Late,5.1,
14766,740,2025-02-25,Present,7.7,0.0
14767,740,2025-01-25,Present,8.3,0.0
14768,741,2025-02-09,Present,,
14769,741,2025-11-12,Late,5.7,0.0
14770,741,17-Sep-2025,Absent,0.0,0.0
14771,741,2025-01-05,Present,7.5,0.0
14772,741,10-29-2025,Absent,0.0,0.0
14773,741,2025-01-10,Present,7.7,0.0
14774,741,2025-06-14,Absent,0.0,0.0
14775,741,2025-11-21,Present,8.8,0.0
14776,741,2025-11-13,Present,9.1,0.6
14777,741,10/02/2025,Present,8.4,0.0
14778,741,2025-04-07,Absent,0.0,
14779,741,2025-06-11,Absent,0.0,0.0
14780,741,2025-06-03,Absent,0.0,0.0
14781,742,20/05/2025,Present,7.1,0.8
14782,742,2025-06-10,Present,8.8,0.0
14783,742,2025-12-20,Present,8.8,0.0
14784,742,25/08/2025,Present,9.0,0.0
14785,742,2025-02-17,Present,8.2,0.0
14786,742,2025-08-18,Present,9.1,0.0
14787,742,2025-10-20,Present,7.4,0.0
14788,742,2025-05-04,Present,7.6,
14789,742,2025-08-12,Present,7.3,0.0
14790,742,2025-03-21,Absent,0.0,0.0
14791,742,2025-10-10,Present,9.0,0.0
14792,742,18-Aug-2025,Present,7.6,0.0
14793,742,01/08/2025,PRESENT,7.4,0.0
14794,742,2025-03-31,Present,8.6,0.0
14795,742,2025-07-06,Absent,0.0,0.0
14796,742,2025-08-01,Present,7.2,
14797,742,2025-02-09,Present,7.3,0.5
14798,742,2025-11-30,Present,8.7,0.0
14799,743,2025-05-06,Present,8.4,0.0
14800,743,08-Jul-2025,Present,7.5,0.0
14801,743,11-21-2025,Present,7.6,0.0
14802,743,2025-07-05,Absent,0.0,0.0
14803,743,2025-02-02,Absent,0.0,0.0
14804,743,2025-12-04,Present,9.0,0.0
14805,743,2025-10-05,Absent,0.0,0.0
14806,743,2025-07-30,Late,6.0,0.0
14807,743,2025-05-14,Absent,0.0,0.0
14808,743,2025-01-27,Absent,0.0,0.0
14809,743,05/11/2025,Present,8.7,0.0
14810,743,13/11/2025,Absent,0.0,0.0
14811,743,2025-09-19,Present,8.1,1.3
14812,743,03-Jun-2025,Present,9.4,0.0
14813,743,2025-04-19,Absent,0.0,0.0
14814,743,2025-11-24, Absent,0.0,0.0
14815,743,2025-04-03,Absent,0.0,0.0
14816,743,2025-08-09,Absent,0.0,0.0
14817,743,2025-09-30,Present,8.4,
14818,743,2025-11-28,absent,0.0,0.0
14819,743,2025-12-22,Present,7.3,1.9
14820,743,2025-05-08,PRESENT,7.8,0.0
14821,743,2025-05-26,Present,7.5,0.0
14822,743,2025-06-20,Present,9.3,0.0
14823,743,2025-05-12,Present,9.2,0.0
14824,743,2025-05-20,Present,7.5,0.0
14825,743,2025-06-12,Absent,0.0,0.0
14826,743,2025-12-24,Present,,0.0
14827,743,2025-03-12,Present,8.9,1.2
14828,743,2025-06-27,Present,8.5,0.0
14829,743,2025-05-18,Absent,0.0,0.0
14830,743,2025-06-29,Absent,0.0,
14831,744,31/01/2025,Present,8.7,2.8
14832,744,2025-11-18,Present,8.8,3.0
14833,744,11-16-2025,Present,9.4,0.0
14834,744,2025-10-31,Present,7.9,0.0
14835,744,03-21-2025,Present,9.2,0.0
14836,744,2025-04-29,Present,7.1,0.0
14837,744,2025-07-13,Present,7.7,0.0
14838,744,02/11/2025,Present,7.1,0.0
14839,744,2025-03-07,Present,8.6,0.0
14840,744,2025-05-11,Present,7.3,3.5
14841,744,2025-03-26,Present,8.6,0.0
14842,744,2025-04-18,Leave,0.0,0.0
14843,744,2025-07-01,PRESENT,7.1,3.0
14844,744,2025-08-30,Present,9.2,0.0
14845,744,2025-06-25,Present,8.7,0.0
14846,744,2025-01-20,Present,7.1,0.0
14847,744,2025-11-20,Present,9.1,0.0
14848,744,2025-11-15,Present,8.8,0.0
14849,744,13-Jan-2025,Present,7.9,0.0
14850,744,30/12/2025,Present,7.8,0.0
14851,744,2025-07-15,Present,8.2,
14852,744,2025-06-04,Present,9.2,0.0
14853,744,2025-06-26,Present,7.6,0.0
14854,744,2025-12-21,Present,7.3,0.0
14855,744,2025-04-28,Present,9.2,0.0
14856,744,29/05/2025,Present,7.1,3.7
14857,745,16-Dec-2025,Present,7.8,0.0
14858,745,2025-09-16,present,8.3,0.0
14859,745,10-08-2025,Present,7.3,0.0
14860,745,29-Sep-2025,Present,9.3,3.1
14861,745,2025-10-17,Present,9.3,0.0
14862,745,2025-09-18, Late,6.5,0.0
14863,745,2025-04-12,Absent,0.0,0.0
14864,745,2025-02-06,Present,7.5,0.0
14865,745,2025-07-05,Present,7.8,0.0
14866,745,12-15-2025,Present,8.2,0.0
14867,745,22-Nov-2025,Present,8.5,3.7
14868,745,2025-08-19,Present,8.0,0.0
14869,745,08-03-2025,Absent,0.0,0.0
14870,745,2025-06-13,Present,8.8,0.0
14871,745,2025-08-28,Absent,0.0,
14872,745,2025-04-18,Present,9.4,0.0
14873,745,2025-10-01,Present,7.4,0.0
14874,745,2025-07-02,Present,9.2,0.0
14875,745,01-28-2025,Present,8.1,0.0
14876,745,2025-01-17,Present,8.8,1.5
14877,745,2025-06-24,Present,7.8,0.0
14878,745,2025-03-06,Absent,0.0,0.0
14879,745,2025-07-24,Present,7.1,
14880,745,01-25-2025,Present,9.4,0.0
14881,745,2025-04-17,Present,9.0,0.0
14882,745,2025-05-13,Present,7.2,0.0
14883,746,2025-09-11,Late,7.5,0.0
14884,746,2025-03-18,Present,8.5,0.0
14885,746,2025-05-18,Absent,0.0,0.0
14886,746,2025-09-02,Late,7.1,0.7
14887,746,2025-09-05,Absent,0.0,0.0
14888,746,2025-10-05,Present,8.0,0.0
14889,746,2025-01-01,Absent,0.0,0.0
14890,746,03/04/2025,Absent,0.0,0.0
14891,746,2025-04-11,Present,8.7,0.0
14892,746,03-Apr-2025,Present,7.3,0.0
14893,746,2025-02-06,Present,8.2,0.0
14894,746,2025-11-19,Leave,0.0,0.0
14895,746,2025-03-06,Present,8.1,1.3
14896,746,2025-11-23,Present,7.8,0.0
14897,746,2025-12-06,Present,9.4,0.0
14898,746,2025-01-15,Present,7.7,0.0
14899,746,2025-06-27,Late,5.1,0.0
14900,746,2025-07-07,Absent,0.0,0.0
14901,746,2025-12-25,Present,,0.0
14902,746,2025-02-24,Present,8.7,0.0
14903,746,2025-04-09,Absent,0.0,0.0
14904,746,2025-01-03,Absent,0.0,
14905,746,2025-07-17,Absent,0.0,0.0
14906,746,2025-09-26,Late,6.7,3.1
14907,746,2025-03-23,Present,7.1,0.0
14908,746,2025-01-31,Present,8.0,0.0
14909,747,2025-02-05,Present,8.9,0.0
14910,747,2025-07-13,Present,9.3,0.0
14911,747,20/01/2025,Present,8.5,0.7
14912,747,2025-06-01,Absent,0.0,0.0
14913,747,2025-12-06,Absent,0.0,0.0
14914,747,2025-07-23,Present,8.0,0.0
14915,747,2025-06-03,Late,4.7,0.0
14916,747,2025-05-24,Present,8.9,0.7
14917,747,2025-01-25,Present,7.5,2.0
14918,747,2025-08-21,Present,8.2,0.0
14919,747,2025-08-21,Present,8.0,0.0
14920,747,2025-03-26,Absent,0.0,0.0
14921,747,2025-03-04,Present,8.2,3.0
14922,747,2025-08-24,Absent,0.0,
14923,747,2025-11-08,Absent,0.0,0.0
14924,747,2025-12-05,ABSENT,0.0,0.0
14925,747,2025-11-14,Present,7.9,0.0
14926,747,2025-01-24,Present,8.4,0.0
14927,747,2025-08-22,Absent,0.0,0.0
14928,747,2025-06-26,Present,7.8,0.0
14929,747,2025-11-23,Present,7.9,0.0
14930,747,2025-06-19,Present,8.5,0.0
14931,747,06-Jul-2025,Leave,0.0,0.0
14932,747,2025-01-11,Present,8.2,0.0
14933,747,2025-04-26,Late,6.7,0.0
14934,747,13/06/2025,present,8.4,0.0
14935,747,2025-05-24,Present,9.0,0.0
14936,747,2025-02-12,Present,8.1,2.2
14937,747,2025-10-26,Present,8.7,0.0
14938,747,26/10/2025,Present,7.6,0.0
14939,747,05-Sep-2025,present,8.0,0.0
14940,747,2025-07-25,Absent,0.0,0.0
14941,748,2025-04-22,Present,8.6,
14942,748,2025-05-28,Present,7.1,0.0
14943,748,16/05/2025,Present,8.1,2.6
14944,748,2025-11-10,Present,9.4,0.0
14945,748,2025-08-26,Present,9.2,1.5
14946,748,2025-03-20,Present,8.3,0.0
14947,748,2025-06-28,Present,7.1,0.0
14948,748,2025-04-14,Present,7.6,0.0
14949,748,2025-08-11,Present,8.9,0.0
14950,749,2025-02-15,Present,7.3,0.0
14951,749,2025-03-13,Present,7.6,3.8
14952,749,2025-03-14,Present,9.1,0.0
14953,749,27/01/2025,Late,6.8,0.0
14954,749,2025-09-17,Late,7.1,0.0
14955,749,2025-03-31,Present,8.9,0.0
14956,749,2025-12-17,Present,7.3,2.3
14957,749,2025-01-28,Present,8.1,0.0
14958,749,13/05/2025,Present,7.8,0.0
14959,749,2025-11-23,Present,9.1,2.1
14960,749,20-Dec-2025,Present,7.2,0.0
14961,749,2025-12-22,Absent,0.0,0.0
14962,749,03-27-2025,Present,7.7,0.0
14963,749,2025-06-04,Present,7.6,0.0
14964,749,2025-01-31,Present,,0.0
14965,749,2025-08-26,Present,8.6,2.5
14966,749,2025-02-21,Absent,0.0,0.0
14967,749,2025-02-24,Present,8.3,0.0
14968,749,2025-01-01,Present,8.6,0.0
14969,749,2025-12-04,Present,8.9,
14970,749,2025-08-08,Present,8.4,0.0
14971,749,2025-03-07,Absent,0.0,0.0
14972,749,2025-03-19,Present,9.3,0.0
14973,749,2025-12-01,Present,,4.0
14974,749,2025-08-20,present,8.7,0.0
14975,749,2025-10-01,Present,9.3,0.0
14976,749,2025-05-21,Present,8.0,0.0
14977,749,2025-06-07,Absent,0.0,0.0
14978,749,2025-08-31,Present,9.1,0.0
14979,749,2025-11-07,Present,9.3,0.0
14980,749,2025-10-19,Present,9.3,0.0
14981,749,2025-05-30,Present,9.1,0.0
14982,749,2025-06-12,Present,8.0,0.0
14983,749,03-Oct-2025,Present,7.4,0.0
14984,749,2025-12-22,Present,7.8,0.0
14985,750,04-24-2025,present,8.9,0.0
14986,750,2025-02-15,Present,7.6,
14987,750,2025-01-18,Leave,0.0,0.0
14988,750,2025-03-24,Present,8.2,0.0
14989,750,2025-12-03,Present,8.4,0.0
14990,750,2025-02-21,Present,8.5,0.0
14991,750,2025-11-11,Present,9.3,0.0
14992,750,2025-02-01,Present,8.7,0.0
14993,750,2025-02-09,Present,9.0,0.0
14994,750,2025-02-19,Present,8.5,0.0
14995,750,2025-12-08,Present,9.1,0.0
14996,750,2025-04-25,Absent,0.0,
14997,750,2025-06-07,Present,7.7,0.0
14998,750,2025-06-22,Present,7.5,0.0
14999,750,12-26-2025,Absent,0.0,0.0
15000,750,2025-11-23,Present,9.3,0.0
15001,750,2025-12-28,PRESENT,8.7,0.0
15002,750,2025-04-28,Present,8.7,0.0
15003,750,2025-05-30,Absent,0.0,0.0
15004,750,06/03/2025,Present,8.2,0.0
15005,750,2025-10-24,Present,7.9,0.0
15006,750,2025-01-09,Present,8.4,0.0
15007,750,2025-09-18,Absent,0.0,0.0
15008,750,2025-12-23,Present,7.3,0.0
15009,750,2025-12-05,present,8.1,0.0
15010,750,2025-01-14, Present,8.1,0.0
15011,750,2025-01-30,Present,8.3,2.7
15012,750,2025-09-25,Leave,0.0,0.0
15013,750,2025-04-13,Present,9.4,
15014,751,2025-07-28,PRESENT,8.6,0.0
15015,751,2025-02-01,Present,9.2,0.0
15016,751,2025-09-13,Present,8.4,0.0
15017,751,2025-05-08,Present,8.6,0.7
15018,751,26-Dec-2025,Present,7.3,0.0
15019,751,26/08/2025,Present,8.4,
15020,751,2025-10-02,Present,9.0,0.0
15021,751,2025-01-11,present,8.4,0.0
15022,751,06-04-2025,Late,7.1,0.0
15023,751,2025-03-13,Present,9.4,0.0
15024,751,2025-06-04,Present,7.4,1.9
15025,751,2025-11-23,Present,8.7,0.0
15026,751,2025-02-23,Present,7.8,0.0
15027,751,2025-12-30,Present,7.7,0.0
15028,751,2025-06-28,Present,9.0,0.0
15029,751,2025-07-13,Late,7.4,
15030,751,2025-04-16, Present,8.9,0.0
15031,751,2025-04-06,Present,8.3,2.0
15032,751,12-10-2025,Present,8.3,0.0
15033,751,2025-08-27,Present,8.2,0.0
15034,751,2025-05-17,absent,0.0,0.0
15035,752,2025-02-23,Present,8.3,0.0
15036,752,10/05/2025,Late,5.1,0.0
15037,752,2025-08-06,Present,9.3,0.0
15038,752,2025-03-08,Leave,0.0,0.0
15039,752,09/11/2025,Present,8.9,0.0
15040,752,2025-02-28,Present,8.7,0.0
15041,752,2025-09-02,PRESENT,9.4,0.0
15042,752,2025-05-07,Present,7.7,0.0
15043,752,2025-11-19,Present,7.2,0.0
15044,753,2025-11-25,Present,9.1,0.0
15045,753,2025-06-17,Absent,0.0,0.0
15046,753,2025-01-12,present,9.5,0.0
15047,753,2025-05-14,Present,8.4,0.0
15048,753,2025-01-23,Present,7.1,0.0
15049,753,2025-10-01,Present,9.0,
15050,753,26/04/2025,Present,7.2,0.0
15051,753,2025-04-02,Present,8.4,1.5
15052,753,2025-10-02,Present,9.3,
15053,753,2025-11-07,Present,8.1,0.0
15054,753,07/03/2025,Present,9.2,0.0
15055,753,05-27-2025,Present,7.7,0.0
15056,753,2025-10-05,Present,8.0,0.0
15057,753,2025-01-08,Present,9.4,0.0
15058,753,2025-05-08,Present,7.5,0.0
15059,753,2025-12-25,Present,8.4,0.0
15060,753,24-Feb-2025,Present,8.0,3.2
15061,753,2025-11-27,Present,7.3,0.0
15062,753,01-17-2025,Present,8.1,0.0
15063,753,25/08/2025,Present,8.7,0.0
15064,753,2025-12-05,Present,8.0,0.7
15065,753,2025-03-28, Present,8.8,0.0
15066,753,2025-11-30,Late,6.0,0.0
15067,754,2025-09-24,Absent,0.0,0.0
15068,754,2025-10-14,PRESENT,7.0,0.0
15069,754,2025-12-12,Absent,0.0,0.0
15070,754,23-Aug-2025,Present,8.5,
15071,754,2025-08-15,Present,7.3,0.0
15072,754,2025-06-14,Late,6.3,0.0
15073,754,2025-06-23,Absent,0.0,0.0
15074,754,2025-11-05,Absent,0.0,0.0
15075,754,30-Oct-2025,Absent,0.0,0.0
15076,754,2025-08-19,Absent,0.0,0.0
15077,754,2025-09-07,Present,8.8,0.0
15078,754,2025-01-08,Present,7.2,0.6
15079,754,09-Apr-2025,Absent,0.0,0.0
15080,754,03/10/2025,Present,8.2,0.0
15081,754,2025-10-17,PRESENT,9.0,0.0
15082,754,2025-05-14,Present,7.4,0.0
15083,754,2025-07-19,Absent,0.0,0.0
15084,754,2025-06-01,Absent,0.0,0.0
15085,755,2025-12-22,Absent,0.0,0.0
15086,755,2025-08-26,Absent,0.0,0.0
15087,755,2025-06-14,Absent,0.0,0.0
15088,755,2025-08-01,Late,7.0,0.0
15089,755,2025-03-08,Absent,0.0,0.0
15090,755,2025-03-28,Absent,0.0,0.0
15091,755,2025-07-17,Absent,0.0,0.0
15092,755,2025-04-02,Present,8.6,1.7
15093,755,01-07-2025,Absent,0.0,0.0
15094,755,2025-07-06,Absent,0.0,0.0
15095,755,14/01/2025,Late,6.0,3.9
15096,755,2025-09-27,Present,7.5,0.0
15097,755,2025-01-04,Present,8.2,2.7
15098,755,2025-06-20,Present,7.3,0.0
15099,755,20/03/2025,Absent,0.0,0.0
15100,755,2025-07-23,Present,7.1,0.0
15101,755,2025-11-19,Absent,0.0,0.0
15102,755,02/12/2025,Present,7.0,0.0
15103,755,2025-04-08,Absent,0.0,0.0
15104,755,2025-02-06,Absent,0.0,0.0
15105,755,05/10/2025,Absent,0.0,0.0
15106,756,08-06-2025,Present,7.8,0.0
15107,756,2025-03-27,Absent,0.0,0.0
15108,756,29-Dec-2025,Present,7.2,0.0
15109,756,2025-11-28,Late,6.9,4.0
15110,756,2025-05-18,Absent,0.0,0.0
15111,756,2025-12-23,Absent,0.0,0.0
15112,756,2025-10-24,Present,7.2,2.0
15113,756,2025-01-02,Present,7.1,0.0
15114,756,2025-03-06,Present,7.3,1.6
15115,756,2025-12-06,Absent,0.0,0.0
15116,756,2025-12-22,Present,8.0,
15117,756,2025-03-21,Present,9.3,
15118,756,06-20-2025,Present,8.0,0.0
15119,756,2025-06-06,Present,8.2,0.0
15120,756,2025-07-19,Absent,0.0,0.0
15121,756,10-26-2025,Present,7.6,0.0
15122,756,2025-10-04,Present,7.0,0.0
15123,756,2025-11-12, Absent,0.0,
15124,756,2025-11-08,Absent,0.0,0.0
15125,756,09/11/2025,Absent,0.0,0.0
15126,756,2025-04-28,Present,9.2,
15127,756,2025-09-26,Present,7.2,0.0
15128,757,2025-03-18,Present,9.4,0.0
15129,757,2025-05-15,Present,7.3,0.0
15130,757,2025-09-22,Present,8.5,4.0
15131,757,2025-08-11,Absent,0.0,0.0
15132,757,2025-11-04,Absent,0.0,0.0
15133,757,2025-06-14,Present,7.3,0.0
15134,757,2025-07-07,Late,5.8,0.0
15135,757,2025-03-18,Present,9.0,0.6
15136,757,2025-10-27,Present,8.7,0.0
15137,757,2025-12-13,Present,,0.0
15138,757,2025-06-02,Absent,0.0,0.0
15139,757,2025-08-28,Present,7.6,0.0
15140,757,2025-03-22,Present,7.4,0.0
15141,757,2025-11-02,Present,9.3,0.0
15142,757,2025-12-16,Present,7.5,0.6
15143,757,2025-06-18,Present,8.5,0.0
15144,757,2025-02-11,Present,7.9,0.0
15145,757,2025-11-12,Present,8.0,0.0
15146,757,2025-03-24,Present,7.3,0.0
15147,757,2025-09-22,Present,8.9,0.0
15148,757,2025-05-19,Present,,1.8
15149,757,2025-01-23,Present,7.4,0.0
15150,757,2025-04-05,Present,8.5,0.0
15151,757,23-Jul-2025,Present,8.9,0.0
15152,757,12-Jan-2025,Present,7.8,0.0
15153,757,2025-04-05,Present,7.1,0.0
15154,757,2025-10-13,Present,7.5,
15155,757,22/08/2025,Present,9.5,0.5
15156,757,2025-09-12,Present,7.8,0.0
15157,758,2025-12-03,Present,7.2,0.0
15158,758,06-14-2025,Present,7.8,0.0
15159,758,2025-11-12,Leave,0.0,0.0
15160,758,2025-06-26,Present,8.0,0.0
15161,758,2025-07-11,present,9.3,0.0
15162,758,01-13-2025,Present,7.2,0.0
15163,758,2025-08-06,Present,8.9,0.0
15164,758,2025-01-01,Late,5.7,0.0
15165,758,2025-10-15,Late,6.9,0.0
15166,758,2025-07-14,Present,8.3,0.0
15167,758,2025-04-06,Present,7.1,0.0
15168,758,2025-12-16,Present,9.4,0.0
15169,758,2025-01-20,Absent,0.0,0.0
15170,758,26/06/2025,Late,4.7,0.0
15171,758,2025-07-21,Present,8.5,0.0
15172,758,03-13-2025,Present,9.2,0.0
15173,758,2025-08-06,Late,,0.0
15174,758,2025-08-31,Present,8.4,0.0
15175,758,2025-05-28,Present,9.1,0.0
15176,758,2025-08-23,Present,9.5,0.0
15177,758,2025-01-28,Present,8.8,
15178,758,20/06/2025,Present,7.7,0.0
15179,759,2025-11-05,Absent,0.0,0.0
15180,759,2025-11-13,late,6.6,0.0
15181,759,2025-01-30,Absent,0.0,0.0
15182,759,2025-12-20,Present,8.8,0.0
15183,759,2025-11-25,Present,8.7,0.0
15184,759,2025-12-12,Absent,0.0,0.0
15185,759,2025-01-08,Present,9.1,0.0
15186,759,2025-03-10,Absent,0.0,
15187,759,2025-03-20,Late,4.8,0.9
15188,759,16/10/2025,Present,8.6,0.0
15189,759,2025-05-08,Present,9.4,0.0
15190,759,2025-08-10,Present,8.2,0.0
15191,759,2025-04-06,Present,9.4,0.0
15192,759,2025-07-13,Present,9.3,0.0
15193,759,2025-07-02,Present,9.3,0.0
15194,759,2025-07-31,Present,9.3,0.0
15195,759,2025-10-04,Present,9.2,0.0
15196,759,2025-08-07,Present,9.0,0.0
15197,759,2025-09-14,Present,8.7,0.0
15198,759,2025-07-25,Present,7.1,0.0
15199,759,2025-08-31,Late,4.9,1.0
15200,759,2025-01-28,Leave,0.0,0.0
15201,759,2025-06-30,Present,7.1,0.0
15202,760,2025-06-24,Present,7.3,0.0
15203,760,16-Aug-2025,Present,9.3,0.0
15204,760,2025-10-27,Present,8.7,0.0
15205,760,2025-09-18,Present,7.8,0.0
15206,760,2025-05-27,Present,9.0,0.0
15207,760,09-Jun-2025,Present,8.2,0.0
15208,760,2025-07-17,Leave,0.0,0.0
15209,760,2025-04-11,Present,7.4,0.0
15210,760,2025-06-21,Present,9.2,0.0
15211,760,2025-09-25,Absent,,0.0
15212,760,2025-07-21,Present,7.8,
15213,760,2025-11-27,Present,8.7,0.0
15214,760,2025-12-02,Present,7.7,0.0
15215,760,2025-05-24,Late,6.0,0.0
15216,760,2025-02-22,Present,9.0,0.0
15217,760,2025-11-28,Late,5.0,3.9
15218,760,08/12/2025,Present,7.2,0.0
15219,760,2025-08-25,Present,8.3,3.7
15220,760,2025-01-03,Present,9.4,0.0
15221,760,2025-07-13,Present,7.6,0.0
15222,760,2025-05-31,PRESENT,7.4,0.0
15223,760,01-27-2025,PRESENT,8.8,0.0
15224,760,2025-01-02,Present,7.1,0.0
15225,760,2025-11-06,Late,,3.3
15226,760,2025-05-13,Present,8.4,0.0
15227,760,2025-05-19,Present,7.5,0.0
15228,760,2025-04-16,Present,8.2,0.0
15229,760,2025-09-03,Present,9.3,0.0
15230,761,2025-10-01,Present,8.5,0.0
15231,761,02/08/2025,Late,6.7,0.0
15232,761,2025-02-16,Present,7.8,0.0
15233,761,2025-09-04,Present,7.5,0.0
15234,761,2025-06-11,Present,7.6,2.4
15235,761,05-30-2025,Present,7.7,0.0
15236,761,01/08/2025,Present,8.4,0.0
15237,761,2025-02-04,Present,8.8,0.0
15238,761,2025-10-16,Present,8.8,0.0
15239,761,2025-01-15,Present,7.4,0.0
15240,761,2025-02-03,Late,6.8,0.0
15241,761,2025-07-09,Present,8.7,0.0
15242,761,03-Jun-2025,Late,4.5,0.0
15243,761,2025-09-30,Present,7.1,0.0
15244,761,2025-06-22,Present,8.6,
15245,761,2025-08-15,Present,8.0,0.0
15246,761,2025-10-17,Present,7.4,0.7
15247,761,2025-03-29,Present,7.4,3.9
15248,761,2025-01-18,Present,8.8,0.0
15249,761,2025-04-18,Late,6.1,0.0
15250,761,2025-12-20,Present,9.4,0.0
15251,761,2025-06-07,Late,6.4,0.0
15252,761,2025-05-14,Present,8.8,0.0
15253,761,2025-04-14,Present,7.7,0.0
15254,761,2025-09-22,Absent,0.0,0.0
15255,761,2025-04-03,Present,8.5,0.0
15256,761,13/09/2025,Late,4.9,1.9
15257,761,2025-07-16,Present,7.1,0.0
15258,761,2025-08-27,Present,7.5,0.0
15259,761,2025-02-22,Present,7.2,0.0
15260,761,2025-03-06,Present,8.0,0.0
15261,761,10-Mar-2025,Present,9.1,1.8
15262,761,2025-04-16, Late,7.0,0.0
15263,761,2025-01-18,Late,6.5,0.0
15264,761,23/01/2025,Present,,1.3
15265,761,2025-11-20,Present,9.3,0.0
15266,761,01/06/2025,Present,7.1,0.0
15267,761,12-15-2025,Present,8.7,0.0
15268,761,2025-07-12,Present,8.6,0.0
15269,761,07-07-2025,Present,8.1,1.3
15270,761,2025-07-26,Present,8.1,0.0
15271,761,2025-10-08,Present,9.2,0.0
15272,762,29-Mar-2025,Late,7.0,3.8
15273,762,15-Feb-2025,Absent,0.0,0.0
15274,762,2025-11-24,Present,7.8,0.0
15275,762,2025-06-29,Present,8.0,0.6
15276,762,2025-03-08,Present,9.4,0.0
15277,762,2025-09-17,Late,5.5,0.0
15278,762,2025-12-04,Absent,0.0,0.0
15279,762,2025-07-06,Absent,0.0,0.0
15280,762,2025-01-27,Present,8.0,0.0
15281,762,2025-05-06,Late,7.2,0.0
15282,762,2025-03-20,Present,8.3,0.0
15283,762,2025-06-13,Present,8.4,0.0
15284,762,2025-05-02,Absent,0.0,0.0
15285,762,2025-07-27,Present,7.4,0.0
15286,762,26/04/2025,Present,8.2,3.7
15287,762,2025-07-07,Present,8.4,
15288,762,2025-03-11,Present,7.6,0.0
15289,762,2025-03-26,Absent,0.0,0.0
15290,762,01-27-2025,Present,7.1,1.7
15291,763,2025-07-11,Present,8.4,0.0
15292,763,2025-12-07,Absent,0.0,0.0
15293,763,2025-06-21,Present,7.1,0.0
15294,763,03/05/2025,Present,8.5,0.0
15295,763,2025-02-02,Present,8.3,0.0
15296,763,2025-05-14,PRESENT,9.0,0.0
15297,763,2025-08-13,Late,4.6,0.0
15298,763,2025-10-24,Present,9.0,2.3
15299,763,2025-06-26,Present,7.9,0.0
15300,763,2025-04-17,Present,9.4,0.0
15301,763,2025-09-26,Absent,0.0,0.0
15302,763,2025-11-16,Present,7.4,0.0
15303,763,2025-07-27,PRESENT,8.4,1.6
15304,763,2025-12-11,Late,6.1,
15305,763,2025-08-22,Present,8.4,0.0
15306,763,2025-02-22,Present,7.2,0.0
15307,763,2025-06-20,Present,8.7,0.0
15308,763,2025-06-27,Present,8.6,0.0
15309,763,10-Nov-2025,Present,8.9,0.0
15310,763,2025-11-27,PRESENT,7.2,0.0
15311,763,2025-07-23,Present,7.7,0.0
15312,763,2025-12-31,Present,8.6,0.0
15313,764,2025-03-28,Present,7.3,2.9
15314,764,2025-05-03,Absent,0.0,0.0
15315,764,2025-07-24,Leave,0.0,0.0
15316,764,2025-02-02,Present,7.1,0.0
15317,764,2025-08-08,Present,7.8,0.0
15318,764,2025-02-21,Present,9.1,0.0
15319,764,2025-05-04,Present,8.9,2.8
15320,764,2025-12-10,Present,9.2,
15321,764,2025-06-04,Present,8.3,3.9
15322,764,2025-01-26,Present,8.7,0.0
15323,764,23-Jul-2025,Absent,0.0,0.0
15324,764,2025-03-15,Late,6.3,0.0
15325,764,2025-12-14,Present,8.0,0.0
15326,764,2025-03-03,Present,9.3,0.0
15327,764,2025-03-09,Present,7.7,0.0
15328,764,2025-06-02,Absent,0.0,0.0
15329,764,2025-05-14,Present,7.0,0.0
15330,764,2025-05-28,Leave,0.0,0.0
15331,764,2025-03-18,Late,5.1,0.9
15332,764,2025-12-26,Absent,0.0,0.0
15333,764,2025-01-14,Absent,0.0,0.0
15334,764,08-Mar-2025,Present,7.8,0.0
15335,764,03-29-2025,PRESENT,9.1,0.0
15336,764,2025-05-16,Present,8.6,0.0
15337,765,2025-11-25,Present,7.4,0.0
15338,765,2025-02-19,Present,9.0,0.0
15339,765,04-28-2025,Present,8.3,0.0
15340,765,07-14-2025,Absent,0.0,0.0
15341,765,2025-09-06,Present,8.3,0.0
15342,765,2025-05-24,Present,,0.0
15343,765,2025-05-21,Present,9.2,0.0
15344,765,2025-07-12,Present,7.8,
15345,765,2025-10-03,Present,7.2,0.0
15346,765,2025-11-02,Present,7.8,0.0
15347,765,2025-07-05,Late,6.6,2.8
15348,765,2025-05-21,Absent,0.0,0.0
15349,765,2025-04-07,Absent,0.0,0.0
15350,765,2025-08-27,Absent,0.0,0.0
15351,765,2025-01-28,Present,,0.0
15352,765,2025-05-02,Present,7.3,2.8
15353,765,2025-04-07,Present,8.7,0.0
15354,765,2025-06-21,Present,7.9,0.0
15355,765,2025-03-25,Present,,0.0
15356,765,2025-04-12,Present,9.4,0.0
15357,765,2025-05-30,Present,7.5,0.0
15358,765,2025-10-07,Present,8.4,0.0
15359,765,2025-08-21,Late,4.5,0.0
15360,765,04/04/2025,Present,8.8,0.0
15361,765,2025-09-15,Absent,0.0,0.0
15362,765,24/05/2025,Present,8.0,0.0
15363,765,2025-03-26,Late,5.1,0.0
15364,765,2025-09-29,Present,8.9,0.0
15365,765,2025-02-12,Late,6.9,0.0
15366,765,2025-06-16,Late,4.8,0.0
15367,765,2025-06-22,Present,7.1,
15368,765,16/03/2025,Present,8.6,3.3
15369,766,2025-10-25,Present,8.4,0.0
15370,766,2025-01-22,Present,8.5,0.0
15371,766,2025-05-23,Late,6.9,0.0
15372,766,2025-06-23,Present,8.3,0.0
15373,766,2025-03-21,Late,6.3,0.0
15374,766,2025-08-15,Present,8.3,0.0
15375,766,2025-11-27,Present,9.2,0.0
15376,766,2025-04-27,Present,7.6,0.0
15377,766,2025-06-28,Absent,0.0,0.0
15378,766,2025-08-01,present,7.7,0.0
15379,766,2025-11-11,Present,7.3,0.0
15380,766,2025-08-24,Late,7.0,0.0
15381,766,2025-04-11,Present,8.0,
15382,766,2025-04-30,Absent,0.0,0.0
15383,766,2025-09-25,Present,7.9,0.0
15384,766,2025-10-26,Present,9.5,0.0
15385,766,2025-11-09,Absent,0.0,0.0
15386,767,2025-05-05,Present,9.3,0.0
15387,767,2025-05-18,Present,9.4,0.0
15388,767,2025-10-20,Present,7.4,0.0
15389,767,05/04/2025,Present,9.2,0.0
15390,767,2025-03-08,Absent,0.0,0.0
15391,767,2025-12-24,Present,7.8,0.5
15392,767,2025-09-04,Absent,0.0,0.0
15393,767,2025-08-04,Present,8.0,2.3
15394,767,12-Aug-2025,Present,7.3,0.0
15395,767,2025-06-02,Present,8.3,0.0
15396,767,08-27-2025,Present,9.0,0.0
15397,767,2025-03-28,Present,7.9,1.7
15398,767,2025-10-08,Late,5.5,0.0
15399,767,2025-11-27,present,9.3,0.0
15400,767,2025-10-12,Present,7.1,0.0
15401,767,2025-03-11,Present,8.1,1.4
15402,767,2025-12-05,Absent,0.0,0.0
15403,767,2025-03-30,Leave,0.0,
15404,767,2025-03-08,PRESENT,9.2,0.0
15405,768,2025-11-22,Present,7.2,0.0
15406,768,2025-11-17,Absent,0.0,0.0
15407,768,2025-02-26,Present,8.0,1.9
15408,768,2025-07-08,Present,9.2,0.0
15409,768,2025-12-01,Present,7.5,2.8
15410,768,2025-08-05,Present,,0.0
15411,768,2025-11-27,Present,9.4,0.0
15412,768,2025-10-19,Present,8.5,0.0
15413,768,2025-06-10,Present,8.6,0.0
15414,768,2025-01-19,Present,8.1,0.0
15415,768,17/05/2025,Late,5.5,0.0
15416,768,2025-06-16,Present,7.5,0.0
15417,768,2025-03-21,Absent,0.0,
15418,768,2025-06-13, Present,8.5,0.0
15419,768,2025-04-26,Late,7.4,0.0
15420,768,2025-02-04,PRESENT,7.9,0.0
15421,768,31-Jan-2025,Present,9.2,0.0
15422,769,2025-04-17,Present,7.4,0.0
15423,769,2025-12-31,Present,9.3,0.0
15424,769,23/01/2025,Present,7.9,0.0
15425,769,2025-07-30,Present,7.9,0.0
15426,769,2025-01-16,Present,8.2,0.0
15427,769,2025-07-06,Present,8.8,0.0
15428,769,2025-02-09,Present,8.8,0.0
15429,769,06/07/2025,Late,5.9,0.0
15430,769,2025-07-25,Present,8.3,0.0
15431,769,08-13-2025,Present,7.1,1.6
15432,769,2025-08-13,present,7.9,0.0
15433,769,2025-05-29,Present,8.4,0.0
15434,769,2025-11-18,Present,8.4,0.0
15435,769,2025-08-27,present,8.8,0.0
15436,769,2025-08-24,Present,8.8,0.0
15437,769,2025-02-05,Present,7.6,3.2
15438,769,2025-05-31,Present,7.0,0.0
15439,769,2025-09-26,Present,8.8,0.0
15440,769,2025-11-07,Present,7.3,0.0
15441,770,23/02/2025,Absent,0.0,0.0
15442,770,2025-09-18,Present,8.8,0.0
15443,770,2025-12-01,Absent,0.0,0.0
15444,770,2025-05-24,Absent,0.0,0.0
15445,770,02-05-2025,Present,8.3,0.0
15446,770,2025-02-01,Present,8.1,
15447,770,2025-12-19,Absent,0.0,0.0
15448,770,31/05/2025,Present,8.7,0.0
15449,770,2025-01-16,Absent,0.0,0.0
15450,770,2025-11-04,Absent,0.0,0.0
15451,770,2025-08-01,Absent,0.0,0.0
15452,770,2025-05-16,Absent,0.0,0.0
15453,770,07-Feb-2025,Absent,0.0,0.0
15454,770,2025-01-21,Present,7.1,0.0
15455,770,2025-04-16,Absent,0.0,0.0
15456,771,28/06/2025,Present,7.6,2.7
15457,771,2025-02-15,Present,9.1,0.0
15458,771,2025-08-22,Present,8.0,1.4
15459,771,2025-08-01,Absent,0.0,0.0
15460,771,2025-08-09,Present,8.3,0.0
15461,771,2025-11-28,Late,6.4,2.0
15462,771,2025-09-25,Present,9.2,0.0
15463,771,20/06/2025,Present,8.3,0.0
15464,771,2025-03-03,Present,7.1,1.3
15465,771,23/08/2025,Present,8.1,0.0
15466,771,2025-02-03,Present,8.7,0.0
15467,771,2025-07-18,Late,5.2,0.0
15468,771,2025-03-04,Late,7.4,0.0
15469,771,11-Aug-2025,Leave,0.0,0.0
15470,771,2025-08-30,Present,7.8,0.0
15471,771,2025-07-09,Present,8.3,0.0
15472,771,2025-01-19,Present,7.0,0.0
15473,771,08-04-2025,Present,9.2,3.3
15474,771,2025-05-11,Present,7.5,0.0
15475,771,2025-04-06,Present,9.3,0.0
15476,771,04-Mar-2025,Present,7.8,2.9
15477,771,2025-04-13,Present,9.0,3.1
15478,771,16-Mar-2025,Absent,0.0,0.0
15479,771,2025-03-16,PRESENT,9.3,3.5
15480,771,11-28-2025,Present,9.5,0.0
15481,771,2025-04-01,Present,7.5,
15482,771,2025-09-22,Present,8.6,0.0
15483,771,2025-11-09,Present,8.8,0.0
15484,771,2025-06-12,Present,8.3,0.0
15485,771,2025-05-01,Present,7.2,3.4
15486,771,08/01/2025,Present,9.4,0.0
15487,771,2025-12-02,Present,8.0,0.0
15488,771,2025-02-08,Present,7.6,0.0
15489,772,2025-02-20,Present,7.0,0.0
15490,772,2025-05-18,Present,7.6,2.9
15491,772,01/11/2025,Present,9.3,0.0
15492,772,2025-03-26,Present,7.2,0.0
15493,772,20/08/2025,Present,8.4,2.9
15494,772,2025-10-28,Absent,0.0,0.0
15495,772,2025-12-25,Present,7.7,0.0
15496,772,2025-09-22,PRESENT,8.4,0.0
15497,772,2025-06-06,Present,8.8,0.0
15498,772,2025-10-30,Present,9.1,0.0
15499,772,18-Mar-2025,Present,,0.0
15500,772,2025-04-09,Absent,0.0,
15501,772,2025-06-19,Present,8.9,1.6
15502,772,2025-08-07,Absent,0.0,0.0
15503,772,2025-03-30,Present,7.5,0.0
15504,772,2025-12-30,Leave,0.0,0.0
15505,772,2025-11-01,Present,7.5,
15506,772,2025-05-23,Present,7.9,0.0
15507,773,20-Jan-2025,Present,7.1,0.0
15508,773,2025-03-29,Present,7.7,0.0
15509,773,24-Dec-2025,Present,8.6,2.8
15510,773,2025-05-19,Absent,0.0,0.0
15511,773,2025-08-07,Present,7.2,0.0
15512,773,2025-09-22,Late,5.4,0.0
15513,773,08-23-2025,Present,8.4,1.6
15514,773,2025-01-02,Present,8.0,0.0
15515,773,2025-05-09,present,8.8,0.0
15516,773,2025-04-25,Present,7.0,1.5
15517,773,2025-12-22,PRESENT,7.4,0.0
15518,773,19/02/2025,Present,7.3,0.0
15519,773,02/04/2025,Absent,0.0,0.0
15520,773,2025-04-03,Present,9.4,0.0
15521,773,2025-07-17, Absent,0.0,0.0
15522,773,2025-12-30,Present,7.9,0.0
15523,773,2025-02-12,Present,8.3,0.0
15524,773,2025-03-19,Present,8.8,0.0
15525,773,2025-03-01,Present,7.1,0.0
15526,773,2025-07-25,Absent,0.0,0.0
15527,774,2025-12-16,Present,7.6,0.0
15528,774,2025-10-28,Absent,,0.0
15529,774,2025-02-26,Present,9.1,0.0
15530,774,2025-01-11,Present,9.2,1.8
15531,774,2025-05-03,Present,7.9,0.0
15532,774,2025-04-03,Present,8.9,0.0
15533,774,2025-09-02,Absent,0.0,0.0
15534,774,2025-09-05,Absent,0.0,0.0
15535,774,2025-07-30,Absent,0.0,0.0
15536,774,28-Sep-2025,Absent,0.0,0.0
15537,774,2025-04-16,Absent,0.0,0.0
15538,774,2025-10-26,Present,7.7,0.0
15539,774,2025-01-23,Absent,0.0,0.0
15540,774,2025-12-26,Absent,0.0,0.0
15541,774,2025-09-10,Absent,0.0,
15542,774,2025-06-24,ABSENT,0.0,0.0
15543,775,27/09/2025,Present,7.3,0.0
15544,775,2025-06-23,Present,7.6,1.9
15545,775,2025-11-08,Absent,0.0,0.0
15546,775,04-22-2025,Absent,0.0,0.0
15547,775,2025-11-17,Present,7.1,0.0
15548,775,2025-12-21,Present,8.2,0.0
15549,775,2025-01-19,Present,8.9,0.0
15550,775,2025-07-09,Present,8.3,0.0
15551,775,2025-06-09,Present,7.2,0.0
15552,775,2025-05-28,Present,8.1,0.0
15553,775,2025-05-14,Late,6.6,0.7
15554,775,2025-01-25,Present,7.1,0.0
15555,775,2025-11-02,Present,7.9,0.0
15556,775,2025-11-09,Present,7.5,0.0
15557,775,2025-02-17,Present,9.3,0.0
15558,775,2025-09-16,Absent,0.0,0.0
15559,775,06-08-2025,Present,8.5,0.0
15560,775,2025-07-31,Present,7.7,0.0
15561,775,2025-01-08,Leave,0.0,0.0
15562,775,2025-02-17,PRESENT,8.8,0.0
15563,776,23/12/2025,Late,5.6,1.0
15564,776,2025-09-02,Present,7.6,0.0
15565,776,2025-01-12,Present,8.6,0.0
15566,776,2025-01-21,Present,7.1,0.0
15567,776,2025-06-23,Present,7.7,0.0
15568,776,02-23-2025,Present,7.5,0.0
15569,776,2025-11-27,Present,7.5,0.0
15570,776,2025-04-01,Present,8.7,3.4
15571,776,2025-10-03,Present,8.8,0.0
15572,776,2025-01-19,Present,8.6,0.0
15573,776,2025-01-31,Present,9.3,0.0
15574,776,2025-10-12,Present,7.1,0.0
15575,776,2025-07-22,Present,7.4,0.0
15576,776,15-Apr-2025,Present,8.0,0.0
15577,776,08/02/2025,Present,7.9,0.0
15578,776,05/12/2025,Present,8.0,0.0
15579,776,2025-05-26,Present,7.5,0.0
15580,776,2025-09-12,Absent,0.0,0.0
15581,776,2025-02-23,Present,7.4,0.0
15582,776,2025-01-23,Present,8.3,0.0
15583,776,04-17-2025,Present,9.3,1.9
15584,777,2025-01-02,Absent,0.0,0.0
15585,777,2025-05-08,Present,7.1,0.0
15586,777,2025-01-03,Present,8.8,0.0
15587,777,2025-05-12,Present,7.7,0.0
15588,777,2025-07-27,Absent,0.0,0.0
15589,777,2025-12-17,PRESENT,7.6,0.0
15590,777,2025-06-27,Present,7.8,0.0
15591,777,2025-07-01,Absent,0.0,0.0
15592,777,2025-07-25,Present,8.8,0.0
15593,777,13-Sep-2025,Present,9.0,0.0
15594,777,2025-05-17,Present,8.5,1.6
15595,777,2025-04-25,Present,7.8,0.0
15596,777,2025-12-10,Present,7.3,0.0
15597,777,2025-02-08,Present,9.3,0.0
15598,777,2025-03-06,Present,8.6,0.0
15599,777,20/12/2025,Present,7.1,0.0
15600,777,09-Aug-2025,Absent,0.0,0.0
15601,777,2025-06-24,Late,6.5,0.0
15602,778,2025-01-20,Leave,0.0,0.0
15603,778,2025-07-15,Absent,0.0,0.0
15604,778,2025-04-03,Present,8.1,0.0
15605,778,2025-07-31,Present,9.4,0.0
15606,778,2025-03-14,Present,9.0,0.0
15607,778,2025-10-28,Present,7.4,0.0
15608,778,2025-07-25,Present,8.8,0.0
15609,778,16/11/2025,Present,8.2,0.0
15610,778,2025-04-09,Present,7.5,0.0
15611,778,2025-05-21,Present,8.7,0.0
15612,778,02-02-2025,Present,8.4,0.0
15613,778,10-05-2025,Present,7.1,0.0
15614,778,2025-02-13,Present,8.6,0.0
15615,778,2025-05-11,PRESENT,8.6,0.0
15616,778,04-25-2025,Present,7.4,0.0
15617,778,2025-04-29,Present,7.9,0.0
15618,778,2025-01-19,Present,8.5,0.0
15619,778,2025-09-20,Present,7.3,0.0
15620,778,2025-08-28,Present,9.1,0.0
15621,778,04-21-2025,Late,4.6,0.0
15622,778,01-Dec-2025,Present,7.3,0.0
15623,778,09-Jan-2025,Absent,0.0,0.0
15624,778,2025-05-27,Present,7.3,0.0
15625,778,07-Sep-2025,Present,8.3,0.0
15626,778,2025-03-22,Present,8.6,0.0
15627,778,2025-12-04,Absent,0.0,0.0
15628,778,2025-02-05,Present,8.0,0.0
15629,778,2025-03-23,Late,5.4,0.0
15630,778,2025-09-09,Present,9.0,0.7
15631,778,2025-09-25,Present,7.7,0.0
15632,778,02-15-2025,Absent,0.0,0.0
15633,778,2025-08-07,Present,7.1,
15634,778,15/11/2025,Present,7.0,0.0
15635,778,2025-12-28,PRESENT,7.9,0.0
15636,778,2025-08-04,Present,7.5,1.4
15637,778,2025-10-23,Present,9.1,0.0
15638,778,2025-05-09,Present,,
15639,778,2025-11-18,Present,9.0,0.0
15640,779,2025-11-17, Present,8.7,0.0
15641,779,2025-10-22,Present,7.8,0.0
15642,779,12/04/2025,Present,8.4,0.0
15643,779,2025-07-19,Present,8.1,0.9
15644,779,2025-03-03,Present,9.3,0.0
15645,779,2025-09-29,Present,8.4,3.6
15646,779,2025-11-06,Present,9.1,0.0
15647,779,2025-04-26,Present,7.2,0.0
15648,779,25-Apr-2025,Present,7.5,0.0
15649,779,2025-04-14,absent,0.0,0.0
15650,779,2025-01-09,Present,7.4,0.0
15651,779,2025-02-23,Present,9.1,0.0
15652,779,2025-12-28,Present,9.2,0.0
15653,779,2025-08-06,Present,8.3,0.9
15654,779,2025-02-01,Present,7.3,0.0
15655,779,2025-04-26,Present,9.0,0.0
15656,780,22/05/2025,Present,9.3,1.2
15657,780,07-Nov-2025,Leave,0.0,0.0
15658,780,2025-11-05,Present,,0.0
15659,780,2025-06-27,Absent,0.0,0.0
15660,780,2025-02-14,Late,5.5,0.0
15661,780,2025-09-12,Present,7.1,3.4
15662,780,2025-11-30,Late,6.0,0.0
15663,780,2025-06-07,Absent,0.0,0.0
15664,780,2025-06-29,Absent,0.0,0.0
15665,780,2025-06-07,Absent,0.0,0.0
15666,780,2025-03-10,Absent,0.0,0.0
15667,780,2025-04-13,Present,8.6,0.0
15668,780,2025-01-31,PRESENT,8.0,0.0
15669,780,2025-08-15,Late,5.5,0.0
15670,780,2025-06-20,Absent,0.0,0.0
15671,780,2025-01-18,Present,7.6,
15672,780,13/06/2025,Late,6.8,0.0
15673,780,2025-11-23,Present,8.7,0.0
15674,780,01-31-2025,Present,7.9,0.0
15675,780,2025-08-20,ABSENT,0.0,0.0
15676,780,2025-07-19,Absent,0.0,0.0
15677,780,2025-04-03,Present,7.8,0.0
15678,781,2025-02-13,Present,7.0,0.0
15679,781,02-17-2025,Present,7.2,0.0
15680,781,2025-03-18,Present,8.6,0.0
15681,781,2025-12-29,Absent,0.0,0.0
15682,781,2025-05-21,Present,8.3,0.0
15683,781,12-20-2025,Absent,0.0,0.0
15684,781,2025-12-25,Absent,0.0,0.0
15685,781,2025-05-04,Present,8.1,0.0
15686,781,2025-02-08,Present,9.1,0.0
15687,781,2025-08-19,Present,8.3,0.0
15688,781,2025-08-31,Absent,0.0,0.0
15689,781,18-Jul-2025,ABSENT,0.0,0.0
15690,781,2025-07-20,ABSENT,0.0,0.0
15691,781,10/09/2025,Present,8.0,0.0
15692,781,2025-11-01,Late,5.0,3.4
15693,781,2025-01-31,Absent,0.0,0.0
15694,781,2025-10-29,Absent,0.0,0.0
15695,781,2025-07-31,Present,8.4,0.0
15696,781,2025-12-13,Late,4.8,0.0
15697,782,2025-08-07,Present,8.6,0.0
15698,782,2025-05-08,Present,8.1,0.0
15699,782,08-31-2025,Present,9.0,0.0
15700,782,14/05/2025,Absent,0.0,0.0
15701,782,2025-04-25,Present,9.3,0.0
15702,782,04/03/2025,Present,8.5,3.1
15703,782,2025-04-09,Present,7.1,0.0
15704,782,2025-01-04, Present,8.4,0.0
15705,782,25-Mar-2025,Present,8.9,0.0
15706,782,2025-11-27,Present,8.2,0.0
15707,782,04-03-2025,Present,8.5,0.0
15708,782,2025-07-12,Present,9.2,0.0
15709,782,2025-08-21,Present,7.5,
15710,782,2025-12-12,Present,7.2,2.9
15711,782,2025-06-06,Present,9.1,0.0
15712,782,2025-10-21,Leave,0.0,0.0
15713,782,2025-08-18,present,9.1,0.0
15714,782,2025-05-02,PRESENT,8.6,
15715,782,2025-03-28,Late,7.0,3.0
15716,782,2025-10-24,Leave,0.0,0.0
15717,782,01-18-2025,Present,7.2,0.0
15718,782,2025-09-11,Present,8.9,0.0
15719,782,2025-12-29,PRESENT,7.4,0.0
15720,782,2025-12-29,Present,7.6,1.9
15721,782,2025-10-15,Present,7.8,
15722,782,2025-12-20,PRESENT,7.8,0.0
15723,782,2025-08-17,Absent,0.0,0.0
15724,782,2025-05-03,Present,7.4,0.0
15725,782,2025-03-17,Present,7.7,0.0
15726,782,2025-02-02,Present,7.0,0.0
15727,783,2025-12-20,Present,8.2,0.0
15728,783,2025-11-29,Present,8.9,0.0
15729,783,2025-03-09,Present,9.2,0.0
15730,783,2025-12-06,Present,9.1,0.0
15731,783,2025-10-09,Leave,0.0,0.0
15732,783,2025-05-19,Present,8.0,0.0
15733,783,2025-05-24,Absent,0.0,0.0
15734,783,2025-11-12,Present,8.8,0.0
15735,783,2025-10-02,Present,7.7,0.0
15736,783,2025-08-06,Present,7.1,0.0
15737,783,2025-11-18,Present,8.7,0.0
15738,784,2025-11-22,Present,8.6,0.0
15739,784,2025-08-20,Present,9.0,0.0
15740,784,2025-05-11,Present,8.5,0.0
15741,784,2025-03-26,Present,7.4,0.0
15742,784,2025-02-23,Absent,0.0,0.0
15743,784,17/08/2025,Present,9.1,0.0
15744,784,10-02-2025,Absent,0.0,
15745,784,28-Jul-2025,Absent,0.0,0.0
15746,784,26-Jul-2025,Absent,0.0,0.0
15747,784,2025-09-08,Late,6.4,0.0
15748,784,2025-02-13,Late,6.9,0.0
15749,784,2025-09-11,Absent,0.0,0.0
15750,784,2025-05-30,Absent,0.0,0.0
15751,784,11-24-2025,Present,8.9,0.0
15752,784,2025-10-19,Present,7.7,0.8
15753,784,08-06-2025,Present,7.4,0.0
15754,784,2025-03-03,Present,7.2,0.0
15755,784,2025-12-12,Present,7.6,0.0
15756,784,2025-10-07,Present,8.1,0.0
15757,784,09/08/2025,PRESENT,9.3,0.0
15758,784,2025-03-30,Present,9.2,3.0
15759,784,2025-03-12,Absent,0.0,0.0
15760,784,2025-08-26,Present,7.1,0.0
15761,785,2025-04-03,Absent,0.0,0.0
15762,785,09-10-2025,Present,7.9,
15763,785,2025-10-10,Present,8.7,1.0
15764,785,18/12/2025,Present,9.0,0.0
15765,785,2025-08-15,Absent,0.0,0.0
15766,785,2025-05-18,Present,9.3,0.0
15767,785,24/08/2025,Present,7.9,0.0
15768,785,2025-10-02,Present,8.8,0.0
15769,785,2025-06-11,Present,7.4,0.0
15770,785,2025-01-29,Present,8.7,0.6
15771,785,11-14-2025,absent,0.0,0.0
15772,785,2025-02-05,Absent,0.0,0.0
15773,785,2025-08-15,Late,5.0,0.0
15774,785,2025-03-07,Present,8.8,0.0
15775,785,2025-02-19,Present,8.8,0.0
15776,785,2025-06-11,Present,8.6,0.0
15777,785,2025-04-03,Present,8.2,0.0
15778,785,17/10/2025,present,8.7,0.0
15779,785,2025-11-06,PRESENT,8.9,0.0
15780,785,2025-01-14,PRESENT,9.4,0.0
15781,785,2025-08-07,Present,9.2,0.0
15782,785,2025-03-01,Absent,0.0,0.0
15783,785,2025-07-20,Present,9.0,0.0
15784,785,2025-05-05,Present,8.7,0.0
15785,785,01/06/2025,Absent,0.0,0.0
15786,785,2025-06-15,Present,8.4,0.0
15787,785,2025-07-04,Late,4.9,0.0
15788,785,2025-03-31,Present,7.4,3.4
15789,785,2025-02-21,Absent,0.0,0.0
15790,785,2025-06-03,Present,9.0,0.0
15791,785,2025-11-02,Absent,0.0,0.0
15792,785,2025-10-24,Present,8.5,0.0
15793,785,2025-10-20,Present,8.1,0.0
15794,785,30/08/2025,Absent,0.0,0.0
15795,785,2025-02-18,Present,7.1,0.0
15796,785,04/07/2025,Present,7.8,0.0
15797,786,2025-03-06,Present,8.1,0.0
15798,786,2025-01-22,Absent,,0.0
15799,786,2025-05-17,Present,8.2,0.0
15800,786,2025-06-06,Present,9.3,0.0
15801,786,09-Apr-2025,present,7.3,0.0
15802,786,2025-11-12,Present,8.3,0.0
15803,786,2025-04-28,Present,7.9,0.0
15804,786,2025-08-03,Present,9.5,0.0
15805,786,2025-12-09,Present,9.2,0.0
15806,786,24/10/2025,Present,8.1,4.0
15807,786,2025-12-05,Present,8.3,0.0
15808,786,2025-03-09,PRESENT,7.4,0.0
15809,786,2025-04-09,Present,8.4,0.0
15810,786,2025-07-13,Present,7.6,0.0
15811,786,2025-05-21,Absent,0.0,0.0
15812,786,2025-10-25,Present,8.6,0.0
15813,787,2025-03-13,Present,9.3,3.3
15814,787,2025-03-31,Present,7.7,0.0
15815,787,04-19-2025,Present,7.7,0.0
15816,787,2025-06-24,Late,4.7,0.0
15817,787,2025-09-05,Present,7.7,0.0
15818,787,2025-10-22,Present,7.2,0.0
15819,787,2025-09-03,Present,8.2,3.0
15820,787,2025-03-12,Present,8.9,0.0
15821,787,2025-03-19,present,7.1,0.0
15822,787,2025-04-09,Present,7.8,0.0
15823,787,2025-11-02,Present,7.7,0.0
15824,787,2025-02-23,PRESENT,7.3,1.8
15825,787,2025-12-08,Present,7.7,0.0
15826,787,2025-07-08, Present,,0.0
15827,787,09-08-2025,Present,,2.1
15828,787,2025-10-14,Present,8.9,1.0
15829,787,2025-11-18,Present,9.2,0.0
15830,787,2025-05-02,Late,5.0,0.0
15831,787,2025-01-16,Late,5.1,0.0
15832,787,2025-12-16,Present,7.3,0.0
15833,787,2025-08-04,Present,7.8,2.4
15834,788,2025-12-25,Present,9.5,3.3
15835,788,2025-05-21, Present,8.0,0.0
15836,788,2025-01-01,Present,8.4,0.0
15837,788,2025-04-11,Present,8.6,
15838,788,2025-02-25,Late,7.0,0.0
15839,788,2025-05-17,Present,8.8,0.0
15840,788,2025-12-02,Present,8.4,2.8
15841,788,2025-02-11,Present,8.9,0.0
15842,788,2025-02-25,Present,7.3,0.0
15843,788,2025-11-15,Present,7.5,2.9
15844,788,2025-02-04,Present,9.1,0.0
15845,788,2025-09-08,Present,8.0,0.0
15846,788,25-Dec-2025,Present,9.4,1.3
15847,788,2025-07-08,Present,8.0,0.0
15848,788,2025-11-21,Present,7.9,0.0
15849,788,19-Oct-2025,Present,9.3,0.0
15850,789,2025-02-08,Late,5.4,0.0
15851,789,2025-02-24,Present,8.2,0.0
15852,789,2025-12-05,absent,0.0,0.0
15853,789,08-02-2025,Absent,0.0,0.0
15854,789,17/07/2025,Absent,,0.0
15855,789,2025-11-08,Absent,0.0,0.0
15856,789,2025-11-20,Present,7.5,0.0
15857,789,2025-05-17,Present,8.3,0.0
15858,789,2025-03-06,Absent,0.0,0.0
15859,789,2025-10-26,Late,7.1,0.0
15860,789,2025-07-10,Absent,0.0,0.0
15861,789,2025-04-14,Present,7.8,
15862,789,2025-01-15,Absent,0.0,0.0
15863,789,2025-04-02,Present,9.0,0.0
15864,789,2025-08-10,Present,9.3,0.0
15865,789,2025-12-13,Present,7.2,0.0
15866,789,2025-10-15,Present,8.9,0.0
15867,789,2025-10-04,Absent,0.0,0.0
15868,789,2025-06-03,Present,7.6,0.0
15869,789,2025-05-16,Late,5.0,0.0
15870,789,2025-12-25,Absent,0.0,0.0
15871,789,2025-07-02,Present,8.5,3.0
15872,789,2025-07-27,Present,8.0,0.0
15873,789,2025-05-25,Absent,0.0,0.0
15874,789,20-Jun-2025,Present,7.1,0.0
15875,789,08-19-2025,Present,9.3,0.0
15876,790,2025-05-29,Absent,0.0,0.0
15877,790,2025-11-24,Present,8.8,0.0
15878,790,2025-10-18,Absent,,0.0
15879,790,2025-01-01,Absent,0.0,0.0
15880,790,2025-11-26,Present,7.7,2.2
15881,790,2025-07-22,Present,7.1,0.0
15882,790,2025-08-14,Present,7.8,0.0
15883,790,2025-12-14,Present,8.3,0.0
15884,790,2025-09-17,Present,8.3,0.0
15885,790,2025-09-16, Present,7.5,0.0
15886,790,2025-01-22,Late,6.8,0.0
15887,790,2025-11-07,Late,5.4,0.0
15888,790,2025-01-17, Present,8.5,0.0
15889,790,2025-12-05,PRESENT,7.7,0.0
15890,790,2025-06-17,Present,8.1,0.0
15891,790,2025-11-21,late,5.1,0.0
15892,791,13-Apr-2025,Present,8.6,0.0
15893,791,06/10/2025,Absent,0.0,0.0
15894,791,2025-09-02,Absent,0.0,0.0
15895,791,20/08/2025,present,8.1,0.0
15896,791,2025-03-20,Absent,,0.0
15897,791,2025-10-10,Present,7.0,0.0
15898,791,11-25-2025,Present,7.1,0.0
15899,791,2025-04-16,Present,8.2,0.0
15900,791,2025-09-24,Present,7.5,0.0
15901,791,2025-04-07,Present,8.5,1.9
15902,791,2025-10-31,present,8.6,0.0
15903,791,2025-05-21,Absent,0.0,0.0
15904,791,2025-01-30,Present,9.4,0.0
15905,791,2025-05-05,PRESENT,8.3,0.0
15906,791,2025-02-08,Present,9.0,3.1
15907,791,2025-01-20,Present,9.3,0.0
15908,791,07-03-2025,Present,7.5,0.0
15909,792,2025-03-11,Present,9.1,0.0
15910,792,2025-09-17,Present,9.3,1.9
15911,792,2025-10-26,Present,7.8,0.0
15912,792,06-12-2025,Present,9.4,0.0
15913,792,2025-10-20,Present,8.6,0.0
15914,792,2025-07-04,PRESENT,8.0,0.0
15915,792,2025-02-21,Present,9.0,0.0
15916,792,2025-12-21,present,7.8,0.0
15917,792,05-Oct-2025,Present,7.4,2.4
15918,792,2025-01-30,Present,8.4,0.0
15919,792,2025-03-04,Present,9.1,0.0
15920,792,2025-02-25,Present,8.1,0.0
15921,792,2025-02-26,Late,6.9,0.0
15922,792,2025-09-21,Present,7.8,0.0
15923,792,2025-12-27,Absent,0.0,0.0
15924,792,2025-07-27,Present,8.4,0.0
15925,792,2025-03-11,Present,7.5,0.0
15926,792,2025-02-09,Leave,0.0,0.0
15927,792,2025-07-18,Present,8.0,
15928,793,2025-10-16,Absent,0.0,0.0
15929,793,2025-02-15,Present,9.1,0.0
15930,793,31/01/2025,Absent,0.0,0.0
15931,793,2025-02-02,absent,0.0,0.0
15932,793,2025-04-17,Absent,0.0,0.0
15933,793,2025-12-23,Absent,0.0,0.0
15934,793,2025-08-03,Present,7.5,0.0
15935,793,2025-06-22,PRESENT,9.0,0.0
15936,793,2025-07-19,Present,7.7,0.0
15937,793,2025-04-06,Absent,0.0,0.0
15938,793,2025-11-28,Present,7.1,0.0
15939,793,2025-07-18,Present,7.3,3.1
15940,793,2025-05-04,Absent,0.0,0.0
15941,793,2025-07-21,Present,7.7,0.0
15942,793,16/09/2025,Absent,0.0,0.0
15943,793,2025-09-07,Absent,,0.0
15944,793,11-05-2025,Present,8.6,0.0
15945,794,2025-04-13,Present,8.7,0.0
15946,794,2025-10-20,Present,,2.2
15947,794,2025-11-11, Present,8.0,0.0
15948,794,2025-05-19,Absent,0.0,0.0
15949,794,2025-11-25,Absent,0.0,0.0
15950,794,2025-10-06,Absent,0.0,0.0
15951,794,2025-03-20,Leave,0.0,0.0
15952,794,2025-08-17,Present,9.4,1.6
15953,794,2025-12-25,Present,7.5,0.0
15954,794,2025-05-27,Present,7.9,2.8
15955,794,2025-01-26,PRESENT,8.7,0.0
15956,794,2025-02-10,Present,9.3,0.0
15957,794,2025-08-24,Present,9.2,0.0
15958,795,2025-02-13,present,7.7,0.0
15959,795,2025-10-10,Present,8.1,0.0
15960,795,2025-07-08,Present,8.9,0.0
15961,795,05-07-2025,Present,9.3,1.7
15962,795,2025-02-19,Present,8.1,3.6
15963,795,06/06/2025,Present,7.9,0.0
15964,795,2025-09-03,Present,8.2,0.0
15965,795,2025-10-18,Present,9.3,0.0
15966,795,2025-01-12,Present,9.0,0.0
15967,795,2025-11-26,Present,7.6,0.0
15968,795,2025-07-16,Present,7.8,1.7
15969,795,28/11/2025,Present,9.3,0.0
15970,795,2025-01-17,Present,9.5,0.0
15971,795,09-09-2025,Present,8.9,
15972,795,2025-05-06,Late,4.5,
15973,795,2025-07-14,Present,8.7,0.0
15974,795,2025-02-01,Present,8.0,0.0
15975,795,2025-05-24,Present,8.6,0.0
15976,796,01-08-2025,Absent,0.0,0.0
15977,796,2025-04-18,Absent,0.0,0.0
15978,796,2025-08-06,Late,6.3,0.0
15979,796,12/02/2025,Late,5.9,0.0
15980,796,02-Sep-2025,Present,9.4,0.0
15981,796,2025-01-15,Present,7.1,0.0
15982,796,2025-12-06,Present,8.8,1.9
15983,796,2025-03-10,Present,8.8,0.0
15984,796,2025-01-13,Present,,0.5
15985,796,2025-01-28,Present,7.7,0.0
15986,796,2025-07-24,Present,7.5,0.0
15987,796,2025-11-10,Present,7.4,0.0
15988,796,2025-08-19,Present,8.8,0.0
15989,796,2025-12-10,Present,7.6,0.0
15990,796,06-06-2025,Absent,0.0,0.0
15991,796,19-Apr-2025,Leave,0.0,0.0
15992,797,2025-08-18,Present,8.2,0.0
15993,797,2025-11-13,Present,7.6,0.0
15994,797,2025-12-25,Present,8.5,0.0
15995,797,2025-04-22,PRESENT,8.8,0.0
15996,797,2025-01-21,Present,7.8,0.0
15997,797,12/11/2025,Present,8.5,0.0
15998,797,2025-01-25,Present,9.1,0.0
15999,797,2025-11-22,Late,4.8,3.0
16000,797,2025-02-03,Late,5.5,0.0
16001,797,2025-09-05,Present,7.3,0.0
16002,797,2025-05-25,Late,6.1,0.0
16003,797,2025-07-09,Present,7.6,0.0
16004,797,2025-05-01,Present,9.1,0.0
16005,798,2025-04-18,Present,7.1,0.8
16006,798,2025-06-05,Present,8.3,2.6
16007,798,2025-02-08,Present,8.8,0.0
16008,798,2025-11-15,Present,7.6,0.0
16009,798,2025-12-14,Present,9.1,0.0
16010,798,2025-10-26,Present,9.4,0.0
16011,798,2025-02-27,Present,8.2,0.0
16012,798,24/10/2025,Present,8.9,2.3
16013,798,2025-02-26,Late,4.7,0.0
16014,799,08-21-2025,Absent,0.0,0.0
16015,799,2025-10-26,Absent,0.0,0.0
16016,799,11/04/2025,present,7.8,0.0
16017,799,2025-07-08,present,7.2,0.0
16018,799,2025-01-06,Late,7.5,0.0
16019,799,2025-04-18,Present,7.6,0.0
16020,799,2025-06-04,Present,8.6,0.0
16021,799,27-May-2025,Present,7.7,0.0
16022,799,2025-04-16, Present,8.6,0.0
16023,799,2025-08-25,Present,7.5,0.0
16024,799,2025-01-14,Present,9.0,0.9
16025,799,2025-11-27,Present,9.2,0.0
16026,799,2025-02-04,Present,9.1,0.0
16027,799,2025-09-12,Present,8.7,0.0
16028,799,2025-05-23,Absent,0.0,0.0
16029,799,2025-03-21,Present,7.2,0.0
16030,799,2025-09-18,present,7.5,
16031,799,2025-06-07,Present,9.1,0.0
16032,799,2025-04-15,Present,7.3,0.0
16033,799,2025-01-27,PRESENT,7.4,0.0
16034,799,2025-07-23,Present,8.4,0.0
16035,799,03-01-2025,Absent,0.0,0.0
16036,799,2025-09-26,Absent,0.0,0.0
16037,799,2025-02-04,Present,7.7,0.0
16038,800,2025-08-14,Present,7.6,0.0
16039,800,17-Aug-2025,Present,8.4,0.0
16040,800,2025-08-13,Present,7.9,0.0
16041,800,2025-07-11,Present,7.4,0.0
16042,800,2025-05-01,Present,8.3,0.0
16043,800,2025-11-21,Present,8.0,0.0
16044,800,2025-09-24,Absent,0.0,0.0
16045,800,2025-08-01,Present,,0.0
16046,800,2025-03-03,Present,7.3,0.0
16047,800,2025-05-22,Present,8.6,0.0
16048,800,2025-06-30,Present,8.1,0.0
16049,800,2025-08-22,Present,8.0,1.3
16050,801,2025-08-24,Present,7.1,0.0
16051,801,2025-09-01,Present,9.1,0.0
16052,801,2025-06-08,Present,7.8,0.0
16053,801,2025-04-18,Absent,0.0,0.0
16054,801,2025-01-11,Absent,0.0,0.0
16055,801,04-11-2025,Absent,0.0,0.0
16056,801,2025-05-15,Absent,0.0,0.0
16057,801,30-Aug-2025,Absent,0.0,0.0
16058,801,2025-06-29,Present,8.7,3.8
16059,801,2025-04-04,Present,8.4,0.0
16060,801,2025-07-15,Present,8.0,1.4
16061,801,2025-01-27,Present,9.3,0.0
16062,801,2025-11-27,Present,8.7,0.0
16063,801,2025-02-23,Present,8.7,0.0
16064,801,2025-09-30,Present,8.1,0.0
16065,801,2025-11-29,Present,9.1,0.0
16066,801,2025-05-19,Late,6.6,0.0
16067,801,2025-09-16,present,7.7,0.0
16068,801,2025-01-13,Late,6.3,2.0
16069,801,2025-02-07,Absent,0.0,0.0
16070,801,2025-05-30,Present,7.0,0.0
16071,802,2025-08-23,Absent,0.0,0.0
16072,802,2025-06-24,Absent,0.0,0.0
16073,802,2025-02-01,Present,9.0,0.0
16074,802,24/02/2025,Present,7.3,0.0
16075,802,2025-08-03,Absent,0.0,0.0
16076,802,30-Jul-2025,Present,8.3,0.0
16077,802,2025-03-29,Present,7.8,1.7
16078,802,2025-05-03,Present,8.2,0.0
16079,802,2025-10-21,Present,9.5,0.0
16080,802,11-15-2025,Late,5.7,0.0
16081,802,2025-07-11,Present,7.5,0.0
16082,802,27/06/2025,Absent,0.0,0.0
16083,802,2025-10-18,Present,8.5,0.0
16084,802,11/12/2025,Present,7.6,0.0
16085,802,04/10/2025,Present,7.3,0.0
16086,802,29/06/2025,Absent,0.0,0.0
16087,802,2025-07-23,Late,4.7,0.0
16088,802,2025-02-06,Absent,0.0,0.0
16089,802,2025-01-14,Present,7.1,0.0
16090,802,2025-12-13,Absent,0.0,0.0
16091,802,03/10/2025,Present,8.1,0.0
16092,803,18-Jan-2025,Present,8.1,0.0
16093,803,2025-07-30,Leave,0.0,0.0
16094,803,2025-04-06,Late,5.1,0.0
16095,803,2025-12-23,Present,9.0,0.0
16096,803,2025-03-05,PRESENT,7.3,0.0
16097,803,2025-04-02,Present,9.3,0.0
16098,803,2025-06-22,Present,8.5,0.0
16099,803,2025-02-11,Present,,0.0
16100,803,2025-04-19,Present,9.4,0.0
16101,803,2025-01-17,Present,7.8,2.1
16102,803,27/05/2025,Present,7.7,
16103,803,2025-01-24,Present,8.8,0.0
16104,803,2025-03-26,Leave,0.0,0.0
16105,803,2025-08-27,Present,8.2,0.0
16106,803,2025-11-02,Present,7.3,0.0
16107,804,2025-10-18,Absent,0.0,0.0
16108,804,2025-07-24,Absent,0.0,0.0
16109,804,31-May-2025,Absent,0.0,0.0
16110,804,23/07/2025,Absent,0.0,
16111,804,2025-09-06,Present,7.3,0.0
16112,804,20-Dec-2025,Present,8.8,0.0
16113,804,2025-09-29,Absent,0.0,0.0
16114,804,2025-04-20,Present,7.6,0.0
16115,804,09-22-2025,Absent,0.0,0.0
16116,804,2025-02-23,Absent,0.0,0.0
16117,804,16/04/2025,absent,0.0,0.0
16118,804,2025-06-29,Absent,0.0,0.0
16119,804,10-25-2025,Absent,0.0,0.0
16120,804,2025-04-17,Late,4.9,0.0
16121,804,2025-03-26,Absent,0.0,0.0
16122,804,2025-08-27,Absent,0.0,0.0
16123,804,2025-01-23,Absent,,0.0
16124,804,2025-09-26,PRESENT,8.2,0.0
16125,804,2025-05-04,Present,9.0,0.0
16126,804,09/10/2025,Present,7.7,0.0
16127,804,2025-05-09,Absent,0.0,0.0
16128,804,2025-05-23,PRESENT,7.7,0.0
16129,804,2025-03-28,Absent,0.0,0.0
16130,804,2025-07-22,Present,9.1,0.0
16131,804,2025-11-20,Absent,0.0,0.0
16132,804,2025-08-28,Late,4.9,0.0
16133,804,10-29-2025,Late,6.4,3.8
16134,804,2025-03-03,Present,9.1,
16135,805,15-Jul-2025,Late,4.7,0.0
16136,805,2025-01-18,Present,7.8,0.0
16137,805,2025-02-07,late,4.9,0.0
16138,805,2025-08-07,Present,9.4,0.0
16139,805,2025-07-07,Present,9.5,1.3
16140,805,2025-01-23,Present,8.7,0.0
16141,805,2025-09-08,Present,9.1,1.3
16142,805,2025-11-13,present,7.5,0.0
16143,805,2025-01-17,PRESENT,7.0,0.0
16144,805,2025-07-31,Present,8.0,0.0
16145,805,2025-05-02,Present,9.2,0.0
16146,805,2025-05-21,Present,,0.0
16147,805,2025-06-16,Present,7.3,0.0
16148,805,2025-01-05,Present,7.5,0.0
16149,805,2025-07-02,Present,8.0,3.2
16150,805,2025-10-31,Late,6.3,0.0
16151,805,2025-07-21,Present,8.3,0.0
16152,805,2025-04-06,Present,8.5,0.0
16153,805,2025-02-06,Present,7.2,2.2
16154,805,2025-09-09,Present,9.5,0.8
16155,805,2025-06-27,Present,8.3,0.0
16156,805,2025-08-21,Present,7.7,0.0
16157,805,2025-02-09,present,8.3,0.0
16158,805,2025-03-13,Present,8.4,2.5
16159,805,11-07-2025,Present,9.1,0.0
16160,805,2025-10-07,Present,8.0,0.0
16161,805,19/06/2025,Present,8.3,0.0
16162,805,2025-07-19,Late,4.5,0.0
16163,805,2025-12-14,Present,9.0,0.0
16164,805,2025-05-13,Present,7.6,0.0
16165,805,2025-09-24,Present,9.0,0.0
16166,805,2025-05-01,Present,7.7,0.5
16167,805,2025-10-27,Present,7.4,0.0
16168,805,2025-12-06,Present,9.5,0.0
16169,806,2025-04-10,Present,7.8,0.0
16170,806,22/11/2025,Absent,0.0,0.0
16171,806,2025-11-21,Present,7.3,0.0
16172,806,2025-08-01,PRESENT,7.3,0.0
16173,806,23-Sep-2025,Absent,0.0,0.0
16174,806,2025-01-12,Present,7.8,0.0
16175,806,2025-06-21,Present,7.1,2.3
16176,806,06/04/2025,Present,7.5,0.0
16177,806,2025-07-06,Absent,0.0,0.0
16178,806,04-14-2025,Present,8.3,0.0
16179,806,2025-01-09,PRESENT,7.4,0.0
16180,806,2025-11-13,Late,5.8,2.6
16181,806,2025-04-24,Present,7.2,1.9
16182,806,2025-03-14,Present,7.8,0.0
16183,806,2025-08-30,Present,7.6,0.0
16184,806,09-13-2025,Present,8.5,0.0
16185,806,2025-03-31,Present,8.5,0.0
16186,806,27-Dec-2025,Present,8.6,0.0
16187,806,2025-10-20,Present,7.4,0.0
16188,806,2025-08-02,Present,7.7,1.2
16189,806,2025-05-07,Present,8.4,0.0
16190,806,2025-07-22,Present,8.2,0.0
16191,806,2025-09-19,Present,7.8,0.0
16192,806,2025-01-16,Present,9.0,0.0
16193,806,2025-09-21,Absent,0.0,
16194,806,2025-11-12,Present,7.2,0.0
16195,806,2025-02-23,Present,9.4,0.0
16196,806,2025-02-08,Present,7.3,3.2
16197,806,2025-09-17,Present,,
16198,806,01/10/2025,Present,7.2,1.8
16199,806,10-Jan-2025,Present,7.8,0.0
16200,806,2025-04-01,Present,9.5,0.0
16201,806,2025-06-04,Present,9.5,
16202,807,2025-09-05,Absent,0.0,0.0
16203,807,2025-05-13,Absent,0.0,0.0
16204,807,2025-09-08,Absent,0.0,0.0
16205,807,2025-03-10,Present,,0.0
16206,807,2025-09-05,Absent,0.0,0.0
16207,807,2025-03-17,Absent,0.0,0.0
16208,807,11/06/2025,Present,8.3,0.0
16209,807,2025-06-13,Absent,0.0,0.0
16210,807,19/02/2025,Absent,0.0,0.0
16211,807,2025-10-24,Absent,0.0,0.0
16212,807,2025-04-06,present,7.4,0.0
16213,807,2025-05-10,Absent,0.0,0.0
16214,807,2025-02-13,Present,7.4,0.0
16215,807,2025-12-26,Present,9.5,0.0
16216,807,2025-08-05,Absent,0.0,0.0
16217,807,2025-07-24,ABSENT,0.0,0.0
16218,807,2025-06-01,Present,8.1,0.0
16219,807,2025-02-24,Absent,0.0,0.0
16220,808,2025-10-25,Present,7.3,0.0
16221,808,03/01/2025,Present,,0.0
16222,808,2025-08-26,PRESENT,7.7,2.3
16223,808,2025-10-22,Present,7.8,0.0
16224,808,2025-09-03,Absent,0.0,0.0
16225,808,15/12/2025,Late,5.9,1.1
16226,808,2025-03-10,Present,7.8,0.0
16227,808,2025-04-09,Present,7.2,3.6
16228,808,2025-12-30,Late,5.1,0.0
16229,808,2025-07-24,Present,8.9,0.0
16230,808,2025-01-28,Present,7.9,0.0
16231,808,2025-08-10,Present,8.2,0.0
16232,808,2025-09-18,Present,7.7,0.0
16233,808,2025-02-02,Present,8.7,0.0
16234,808,2025-08-04,Present,9.1,0.0
16235,808,2025-11-14,Present,7.7,0.0
16236,808,2025-02-08,Present,7.6,0.0
16237,808,2025-07-31,Present,8.7,0.0
16238,808,2025-04-05,late,5.1,0.0
16239,808,2025-06-06,PRESENT,8.6,0.0
16240,808,2025-06-27,Present,,0.0
16241,808,2025-05-01,Present,8.6,2.3
16242,808,2025-05-18,Present,7.3,0.0
16243,808,2025-03-21,Present,8.6,2.1
16244,809,2025-08-03,Absent,0.0,0.0
16245,809,2025-04-12,Absent,0.0,0.0
16246,809,2025-08-28,Present,7.5,0.0
16247,809,2025-05-20,Absent,0.0,0.0
16248,809,2025-03-16,Absent,0.0,0.0
16249,809,2025-04-06,Present,7.9,2.2
16250,809,2025-11-27,Absent,0.0,0.0
16251,809,30-Oct-2025,Present,7.2,0.0
16252,809,2025-09-20,Absent,0.0,0.0
16253,809,2025-12-16,Present,9.4,0.0
16254,809,2025-05-12,Present,8.7,0.9
16255,809,2025-06-17,Absent,0.0,0.0
16256,809,05-Dec-2025,Absent,0.0,0.0
16257,809,2025-07-07,Present,9.1,0.0
16258,809,2025-06-17,Absent,0.0,0.0
16259,809,2025-04-16,Absent,0.0,0.0
16260,809,2025-08-31,Absent,0.0,0.0
16261,809,06-02-2025,Late,5.5,0.0
16262,810,2025-06-15,Late,6.3,0.0
16263,810,11-29-2025,Present,7.7,0.0
16264,810,2025-12-11,Present,8.8,0.0
16265,810,03/02/2025,present,8.8,0.0
16266,810,2025-11-06,Present,8.4,
16267,810,2025-02-03,Present,7.6,0.0
16268,810,11/04/2025,Present,7.6,0.0
16269,810,2025-11-18,Late,5.6,0.0
16270,810,14-May-2025,Present,7.4,0.0
16271,810,2025-11-24,Present,7.8,0.0
16272,810,2025-03-27,Present,8.7,3.4
16273,810,07-30-2025,Present,7.8,0.0
16274,810,2025-12-19,Present,7.6,3.4
16275,810,2025-10-04,Late,7.2,0.0
16276,810,10-31-2025,Present,8.0,0.0
16277,810,2025-10-10,Present,7.1,0.0
16278,810,20-Sep-2025,Present,8.7,0.0
16279,810,02/03/2025,Present,9.0,0.0
16280,810,2025-12-18,Present,7.0,0.0
16281,810,2025-12-06,PRESENT,8.5,0.0
16282,811,08-07-2025,Present,8.5,0.0
16283,811,2025-05-31,Present,7.9,0.0
16284,811,2025-06-04,Absent,,0.0
16285,811,2025-08-03,Absent,0.0,0.0
16286,811,2025-04-13,Absent,0.0,0.0
16287,811,2025-09-22,Present,8.9,2.0
16288,811,2025-04-25,absent,0.0,0.0
16289,811,2025-12-21,Absent,,0.0
16290,811,2025-07-17,Absent,0.0,
16291,811,2025-02-21,late,6.5,2.3
16292,811,2025-05-20,Absent,0.0,0.0
16293,812,2025-08-20,Present,7.6,0.0
16294,812,2025-12-09,Present,8.5,0.0
16295,812,2025-07-15,Present,8.8,3.9
16296,812,2025-12-25,Present,8.0,0.7
16297,812,07-Nov-2025,Present,9.5,0.0
16298,812,2025-05-03,Present,8.6,0.0
16299,812,2025-08-21,present,9.4,0.0
16300,812,2025-11-01,Present,7.3,1.7
16301,812,12-18-2025,Present,7.3,0.0
16302,812,2025-03-13,Present,9.1,0.0
16303,812,2025-03-14,Present,9.2,0.0
16304,812,2025-10-11,Present,8.3,0.0
16305,812,2025-02-03,Present,7.5,0.0
16306,812,2025-11-27,Present,7.3,0.0
16307,812,11-20-2025,Present,8.5,0.0
16308,812,2025-10-13,Present,8.3,
16309,812,2025-05-13,Absent,0.0,0.0
16310,812,2025-03-01,Present,8.7,1.6
16311,812,2025-07-06,present,8.0,0.0
16312,812,2025-08-20,Present,7.1,0.0
16313,812,2025-01-01,Present,8.5,0.0
16314,812,2025-08-11,Late,5.8,0.0
16315,812,2025-10-05,Present,9.3,0.0
16316,812,2025-05-20,Absent,0.0,0.0
16317,812,11-05-2025,Present,8.6,1.9
16318,812,2025-07-13,Present,7.7,0.0
16319,813,2025-08-14,Present,9.3,0.0
16320,813,2025-01-30,Present,7.0,1.6
16321,813,2025-03-08,Present,9.4,0.0
16322,813,2025-02-01,Present,8.6,0.0
16323,813,2025-07-29,Present,8.3,1.2
16324,813,2025-09-18,Present,9.1,0.0
16325,813,2025-09-17,Present,7.5,0.0
16326,813,2025-03-01,Present,7.6,1.2
16327,813,2025-11-14,Present,7.4,0.0
16328,813,21/04/2025,Present,9.4,0.0
16329,813,2025-04-14,Present,8.5,0.0
16330,813,2025-12-16, Present,8.6,0.0
16331,813,25-Feb-2025,Present,9.4,0.0
16332,813,08-27-2025,Present,7.6,0.0
16333,813,2025-09-20,Present,7.0,0.0
16334,813,2025-12-03,Present,8.5,2.3
16335,813,2025-12-31,Present,8.2,0.0
16336,813,2025-04-27,Present,7.2,0.0
16337,813,2025-08-04,Present,8.1,0.0
16338,813,2025-02-19,Absent,0.0,
16339,813,2025-03-01,Present,7.7,0.0
16340,813,2025-04-19,Present,7.7,
16341,813,2025-06-20,Present,7.6,0.0
16342,813,2025-05-18,Present,7.8,0.0
16343,813,2025-08-06,Present,7.9,0.0
16344,813,2025-06-22,Present,7.8,0.0
16345,813,07/11/2025,Present,9.4,0.0
16346,813,2025-02-01,Present,9.3,0.0
16347,813,2025-12-27,Late,6.2,0.0
16348,813,2025-12-22,Present,9.5,4.0
16349,813,2025-10-25,Late,5.6,0.0
16350,813,2025-11-12,Present,8.1,0.0
16351,813,2025-06-09,Present,9.4,0.0
16352,813,2025-05-15,Late,6.3,1.2
16353,813,2025-05-10,Present,,0.0
16354,813,2025-01-17,Present,7.5,0.0
16355,813,2025-07-19,Late,5.5,0.0
16356,814,2025-10-09,Present,7.6,0.0
16357,814,2025-05-14,Absent,0.0,0.0
16358,814,12-Jan-2025,Present,7.6,0.0
16359,814,09-Dec-2025,present,7.0,0.0
16360,814,2025-08-27,Present,9.2,0.0
16361,814,2025-04-13,Present,7.7,0.0
16362,814,2025-08-09,Present,7.2,0.0
16363,814,2025-04-29,Absent,0.0,0.0
16364,814,2025-08-20,Present,7.2,0.0
16365,814,08-15-2025,Present,8.4,0.0
16366,814,2025-06-14,Absent,0.0,0.0
16367,814,2025-11-27,Absent,0.0,0.0
16368,814,2025-01-15,Present,9.5,0.0
16369,814,2025-02-20,Present,7.4,0.0
16370,814,2025-09-07,Absent,0.0,0.0
16371,814,2025-04-27,Present,7.2,0.0
16372,814,2025-02-22,Present,8.1,2.5
16373,814,2025-03-02,Present,7.7,1.6
16374,814,26/01/2025,Present,8.1,0.0
16375,814,03-13-2025,Absent,0.0,0.0
16376,815,15/03/2025,Present,7.8,3.7
16377,815,2025-12-25,Present,7.1,1.3
16378,815,02/04/2025,Present,9.0,0.0
16379,815,2025-02-02,Present,,0.9
16380,815,14/08/2025,Present,9.4,0.0
16381,815,2025-08-17,Present,8.7,0.0
16382,815,12-29-2025,Present,7.7,0.0
16383,815,2025-03-06,Present,8.1,0.0
16384,815,2025-12-22,Present,7.7,0.0
16385,815,2025-09-11,Present,7.4,0.0
16386,815,2025-05-30,Present,7.7,0.0
16387,815,2025-05-25,Present,8.5,0.0
16388,815,2025-04-29,Present,9.1,0.0
16389,815,2025-05-06,Present,7.9,0.0
16390,816,2025-10-13,present,7.9,0.0
16391,816,2025-08-01,Late,5.9,0.0
16392,816,2025-01-22, Absent,0.0,0.0
16393,816,2025-05-29,Present,8.6,0.0
16394,816,2025-10-14,Absent,0.0,0.0
16395,816,2025-02-15,Absent,0.0,0.0
16396,816,2025-03-02,Present,8.9,1.6
16397,816,2025-12-05,Present,8.5,0.0
16398,816,2025-05-15,Present,8.0,3.0
16399,816,2025-07-07,Present,7.4,0.0
16400,816,29/05/2025,Present,7.6,2.0
16401,817,2025-09-06,Present,9.2,0.0
16402,817,2025-11-17,Present,8.4,0.0
16403,817,2025-12-18,Present,9.4,
16404,817,2025-12-29,Present,7.3,0.0
16405,817,2025-12-27,Present,8.2,0.0
16406,817,26-Feb-2025,Present,8.0,0.0
16407,817,2025-02-21,Present,8.5,
16408,817,2025-02-17,Present,9.0,0.0
16409,817,11/08/2025,Present,9.1,0.0
16410,817,04-23-2025,Absent,0.0,0.0
16411,817,2025-07-12,Present,8.7,0.0
16412,817,2025-09-24,Absent,0.0,0.0
16413,817,2025-02-13,Present,8.6,0.0
16414,817,2025-10-06,Present,9.4,0.0
16415,817,2025-03-20,Present,8.0,0.0
16416,817,2025-10-05,Present,9.1,0.0
16417,817,2025-10-23,Present,9.3,
16418,817,2025-12-12,Absent,0.0,0.0
16419,817,2025-12-10,Present,8.2,
16420,817,2025-06-12,Absent,0.0,0.0
16421,817,03/07/2025,Present,8.8,0.0
16422,817,2025-02-02, Present,7.9,0.0
16423,817,12-15-2025,Absent,0.0,0.0
16424,817,2025-05-30,Present,7.4,0.0
16425,817,05/04/2025,PRESENT,8.5,0.0
16426,817,2025-10-17,Present,7.5,0.0
16427,818,2025-01-09,Present,8.1,0.0
16428,818,26-Dec-2025,Present,9.2,0.0
16429,818,2025-01-30,Leave,0.0,0.0
16430,818,2025-09-01,Present,7.2,0.0
16431,818,2025-05-14,Present,7.1,0.0
16432,818,04/11/2025,Present,8.5,0.0
16433,818,2025-11-15,Present,7.8,0.0
16434,818,2025-03-12,Present,8.0,0.0
16435,818,2025-05-04,Present,8.0,0.0
16436,818,2025-11-24,Present,7.2,0.0
16437,818,2025-02-15,ABSENT,0.0,0.0
16438,818,09-04-2025,Leave,0.0,0.0
16439,818,2025-04-20,Present,7.0,0.0
16440,818,2025-07-16,Present,9.2,0.0
16441,818,2025-04-21,Present,7.5,0.0
16442,818,2025-12-09,Absent,0.0,0.0
16443,818,02/04/2025,Present,8.1,0.0
16444,818,20-Jul-2025,Present,9.4,0.0
16445,818,2025-03-29,Leave,0.0,0.0
16446,818,2025-10-13,Present,,0.0
16447,818,2025-06-19,Present,7.3,2.3
16448,818,2025-01-01,Present,8.8,2.9
16449,818,11-21-2025,Present,8.9,0.0
16450,818,2025-12-15,Present,8.1,0.0
16451,818,2025-06-07,Present,7.4,0.0
16452,818,01-Nov-2025,Absent,0.0,0.0
16453,819,17/08/2025,Present,8.2,0.0
16454,819,20-Dec-2025,Present,8.6,0.0
16455,819,2025-01-08,Present,8.5,0.0
16456,819,29-Mar-2025,Late,4.7,0.0
16457,819,2025-08-22,Present,7.2,0.0
16458,819,2025-03-10,Present,9.4,0.0
16459,819,2025-11-18,Present,7.4,0.0
16460,819,05-04-2025,Present,7.7,3.2
16461,819,2025-04-17,Present,8.0,0.0
16462,819,2025-02-24,Present,7.5,0.0
16463,819,2025-09-07,Leave,0.0,0.0
16464,819,2025-02-04,Late,5.9,0.0
16465,820,2025-11-02,Absent,0.0,0.0
16466,820,2025-11-01,Absent,0.0,0.0
16467,820,2025-08-18,Absent,0.0,0.0
16468,820,02/07/2025,Present,8.4,2.1
16469,820,2025-08-09,Absent,0.0,0.0
16470,820,01-29-2025,Late,7.3,0.0
16471,820,2025-11-07,ABSENT,0.0,0.0
16472,820,2025-12-02,Present,7.7,0.0
16473,820,12/01/2025,Present,8.7,0.0
16474,820,2025-02-22,Absent,0.0,0.0
16475,820,2025-08-08,Absent,0.0,0.0
16476,820,2025-09-30,Absent,0.0,0.0
16477,821,2025-03-31,absent,0.0,0.0
16478,821,2025-03-26,Present,7.3,0.0
16479,821,20/02/2025,Present,8.0,0.0
16480,821,2025-07-06,Present,8.9,0.0
16481,821,2025-10-15,Late,5.2,
16482,821,2025-07-08,PRESENT,8.5,0.0
16483,821,23/07/2025,Late,5.0,0.0
16484,821,2025-03-29,Present,7.3,0.0
16485,821,2025-11-03,Absent,0.0,0.0
16486,821,2025-10-18,Present,8.3,0.0
16487,821,02-Jun-2025,Present,8.7,0.0
16488,821,2025-08-13,Present,7.3,0.0
16489,821,2025-08-20,Present,9.3,0.0
16490,821,2025-03-31,Present,7.6,0.0
16491,821,2025-05-30,Present,7.3,0.0
16492,821,2025-08-08,Present,7.5,0.0
16493,821,2025-08-12,Present,7.4,0.0
16494,822,06-Dec-2025,Late,4.8,0.0
16495,822,2025-01-03,Late,6.9,0.0
16496,822,2025-07-07,Present,8.2,1.9
16497,822,2025-08-26,Present,9.4,0.0
16498,822,31/07/2025,Present,7.9,0.0
16499,822,2025-02-04,Absent,0.0,0.0
16500,822,2025-10-27,Present,7.4,0.0
16501,822,2025-03-12,Present,7.7,0.0
16502,822,2025-07-31,Present,7.6,2.2
16503,822,2025-03-26,Present,7.7,0.0
16504,822,2025-11-09,PRESENT,8.3,0.0
16505,822,2025-10-07,Absent,0.0,0.0
16506,822,2025-06-03,Present,8.7,0.0
16507,822,2025-01-04,Present,8.9,0.0
16508,822,2025-04-23,Present,8.8,0.0
16509,822,2025-04-04,Present,7.5,0.9
16510,822,01-Jun-2025,Absent,0.0,0.0
16511,822,2025-03-14,Present,8.4,0.0
16512,822,19/11/2025,Present,7.5,0.8
16513,823,2025-11-11,Late,6.1,0.0
16514,823,2025-02-26,Late,5.5,0.0
16515,823,2025-04-25,present,8.9,0.0
16516,823,2025-12-11,Present,7.8,0.0
16517,823,2025-07-15,Present,9.4,0.0
16518,823,2025-03-10,Present,8.9,0.0
16519,823,2025-06-15,Present,7.1,2.3
16520,823,2025-05-31,Present,8.4,0.0
16521,823,2025-08-30,Present,8.7,0.0
16522,823,2025-02-19,Absent,0.0,0.0
16523,824,2025-11-02,Present,8.2,0.0
16524,824,2025-10-14,Present,8.2,0.0
16525,824,2025-10-07,Present,7.9,0.0
16526,824,2025-04-27,Present,7.7,0.0
16527,824,31/05/2025,Present,9.4,0.0
16528,824,2025-11-05,Present,7.8,0.0
16529,824,2025-02-04,Present,7.2,0.0
16530,824,2025-06-28,Present,7.4,0.0
16531,824,2025-11-04,Present,9.1,2.6
16532,824,2025-10-09,Present,8.9,
16533,824,14/06/2025,Absent,0.0,0.0
16534,824,2025-01-04,Present,9.0,3.4
16535,824,08/10/2025,Late,6.2,0.0
16536,824,2025-10-22,Present,7.4,0.0
16537,824,2025-03-04,Absent,0.0,0.0
16538,824,07/11/2025,Present,7.4,0.0
16539,824,01-14-2025,Present,8.4,0.0
16540,824,19/02/2025,Present,7.9,2.5
16541,824,2025-12-09,Absent,0.0,0.0
16542,824,2025-12-11, Present,8.2,0.0
16543,824,2025-07-19,Present,8.5,0.6
16544,824,02-Dec-2025,Present,7.1,0.0
16545,824,2025-05-18,Absent,0.0,0.0
16546,824,2025-12-27,PRESENT,8.8,0.0
16547,824,24-Sep-2025,Present,7.5,0.0
16548,824,2025-05-29,Present,8.6,0.0
16549,824,2025-03-28,Late,6.1,0.0
16550,824,2025-03-25,Absent,0.0,0.0
16551,824,2025-09-18,present,9.5,0.0
16552,825,2025-09-21,Absent,0.0,0.0
16553,826,2025-11-18,Present,,0.0
16554,826,2025-05-19,Present,8.0,0.0
16555,826,2025-10-08,Present,8.5,0.0
16556,826,2025-01-18,Present,7.3,0.0
16557,826,2025-06-21,Present,8.0,3.1
16558,826,2025-01-25,Present,8.6,0.0
16559,826,2025-08-18,Present,8.2,0.0
16560,826,2025-08-15,Present,7.4,0.0
16561,826,14/07/2025,Present,9.0,1.5
16562,826,2025-12-16,Present,9.1,0.0
16563,826,05-Aug-2025,Present,8.5,1.8
16564,826,2025-07-06,Present,7.1,0.0
16565,826,05-Oct-2025,Present,7.6,0.0
16566,826,2025-04-15,Present,9.2,0.0
16567,826,2025-07-04, Present,9.0,0.0
16568,826,23-Mar-2025,Present,8.4,0.0
16569,826,2025-12-21,Present,8.2,0.0
16570,826,2025-03-09,Present,8.6,
16571,826,2025-12-03,Late,,0.0
16572,826,2025-10-16,Present,8.6,0.0
16573,826,2025-11-03,ABSENT,0.0,0.0
16574,826,2025-01-11,Present,7.8,0.0
16575,826,2025-09-12,Present,9.1,3.0
16576,826,2025-03-28,Present,7.8,0.0
16577,826,2025-02-09,Present,9.1,2.2
16578,826,2025-11-16,Present,7.4,0.0
16579,827,2025-10-28,Present,7.2,0.0
16580,827,2025-02-26,LATE,6.6,0.0
16581,827,2025-04-16,Present,9.2,0.0
16582,827,10-Apr-2025,present,9.0,0.0
16583,827,2025-12-05,PRESENT,8.6,0.0
16584,827,2025-07-03,Present,7.4,0.0
16585,827,2025-05-18,Present,7.2,1.7
16586,827,04-Oct-2025,Present,9.1,0.0
16587,827,09-28-2025,Present,9.4,1.3
16588,827,15-Oct-2025,Present,8.9,0.0
16589,827,06-Dec-2025,Present,,0.0
16590,827,02-14-2025,Absent,0.0,0.0
16591,828,2025-04-29,Absent,0.0,0.0
16592,828,2025-08-31,Present,7.1,0.0
16593,828,2025-03-23,Absent,0.0,0.0
16594,828,2025-02-18,Absent,0.0,0.0
16595,828,2025-03-27,Absent,0.0,0.0
16596,828,2025-11-19,Present,8.4,3.3
16597,828,2025-08-27,Present,7.7,0.0
16598,828,2025-03-16,Late,7.2,0.0
16599,828,2025-11-05,Absent,0.0,0.0
16600,828,2025-05-06,Present,7.6,0.0
16601,828,2025-11-12,Present,7.2,0.0
16602,828,2025-02-05,Absent,0.0,0.0
16603,828,2025-03-30,Absent,0.0,0.0
16604,828,2025-01-26,Present,7.4,0.0
16605,828,04-03-2025,Present,9.1,0.0
16606,828,2025-09-23,Absent,0.0,0.0
16607,828,03/05/2025,Present,8.0,3.3
16608,828,09-09-2025,Late,6.1,0.0
16609,828,2025-10-15,Absent,0.0,0.0
16610,828,2025-05-11,Present,8.2,0.0
16611,828,2025-01-18,Present,9.0,0.0
16612,828,2025-12-09, Present,8.1,0.0
16613,828,30/10/2025,Absent,0.0,0.0
16614,828,2025-12-27,Present,9.0,0.0
16615,828,2025-09-19,Absent,0.0,0.0
16616,828,2025-03-10,Absent,0.0,0.0
16617,828,2025-02-19,Late,4.8,0.0
16618,828,2025-10-04,Present,,0.0
16619,828,2025-04-25,Present,8.8,0.0
16620,829,2025-05-03,Present,9.2,0.0
16621,829,2025-04-18,Present,7.6,0.0
16622,829,2025-01-31,Present,8.5,0.0
16623,829,2025-08-31,Present,8.1,0.0
16624,829,2025-11-24,Absent,0.0,0.0
16625,829,2025-04-25,Present,8.0,0.0
16626,829,09-24-2025,Late,4.8,0.0
16627,829,2025-03-25,Present,7.3,3.4
16628,829,2025-11-18,Present,8.9,0.0
16629,829,11-10-2025,Present,8.0,0.0
16630,829,2025-11-12,Present,9.1,0.0
16631,829,2025-05-28,Present,7.2,2.7
16632,829,2025-07-17,Present,9.2,3.4
16633,829,2025-01-28,Present,7.9,3.1
16634,829,2025-03-12,Present,8.1,0.0
16635,829,2025-05-18,Absent,0.0,0.0
16636,829,03/12/2025,Present,9.1,0.0
16637,829,22/11/2025,Present,8.3,0.0
16638,829,2025-04-20,Present,8.9,0.0
16639,829,2025-03-07,Late,4.7,0.0
16640,829,2025-06-20,Absent,0.0,0.0
16641,829,2025-02-21,Late,6.3,0.0
16642,829,2025-11-07,Present,8.4,0.0
16643,829,10-24-2025,Present,8.5,0.0
16644,829,2025-10-16,Absent,0.0,0.0
16645,830,2025-09-27,Present,8.7,0.0
16646,830,2025-10-31,Present,9.3,0.0
16647,830,2025-10-26,Present,9.0,0.0
16648,830,2025-03-14,Present,7.5,0.0
16649,830,2025-03-17,PRESENT,9.1,0.0
16650,830,2025-05-28,Present,7.3,0.0
16651,830,2025-06-06,Present,8.6,0.0
16652,830,2025-08-18,Present,9.2,0.0
16653,830,2025-10-19,Present,7.3,3.5
16654,830,15-May-2025,PRESENT,9.0,0.0
16655,830,2025-05-26,Present,8.3,0.0
16656,830,2025-12-22,PRESENT,7.8,
16657,830,09-22-2025,Absent,0.0,0.0
16658,830,2025-05-30,Present,8.0,0.0
16659,830,2025-03-10,Present,9.4,0.0
16660,830,2025-09-19,Present,7.5,0.0
16661,830,2025-06-02,Present,8.4,
16662,830,2025-10-14,Present,7.2,0.0
16663,831,2025-05-09,Present,7.5,3.2
16664,831,2025-10-13,Present,7.8,4.0
16665,831,2025-11-02,Late,6.0,0.0
16666,831,2025-12-26,Present,8.3,0.0
16667,831,2025-06-24,Present,7.1,0.0
16668,831,20/04/2025,Present,9.4,0.0
16669,831,09/03/2025,Present,7.4,0.0
16670,831,04-Mar-2025,Present,8.3,
16671,831,2025-03-19,Leave,0.0,0.0
16672,831,2025-03-01,Leave,0.0,0.0
16673,831,2025-06-12,Present,8.0,0.0
16674,831,2025-01-01,Present,8.0,0.0
16675,831,2025-12-13,Present,8.6,0.0
16676,831,2025-04-06,Present,8.7,1.0
16677,832,2025-04-28,Present,8.2,0.0
16678,832,2025-03-16,Absent,0.0,0.0
16679,832,2025-06-02,Present,9.0,0.0
16680,832,2025-06-26,Present,8.1,0.0
16681,832,2025-12-12,Absent,0.0,0.0
16682,832,2025-08-08,Present,7.4,0.0
16683,832,2025-11-06,Present,7.8,0.0
16684,832,2025-09-08,Present,7.5,0.0
16685,832,10-Jul-2025,Late,4.9,0.0
16686,832,2025-09-29,Present,7.9,0.0
16687,832,2025-11-24,Present,8.4,0.0
16688,832,2025-10-07,Present,7.2,0.0
16689,832,2025-08-01,Present,8.5,0.0
16690,832,2025-02-14,Present,9.5,0.0
16691,832,2025-07-09,Present,9.4,0.0
16692,832,2025-10-13,Present,9.1,0.0
16693,832,2025-10-16,Present,7.7,0.0
16694,832,30-Dec-2025,Present,7.1,0.0
16695,832,2025-02-21,Present,9.1,0.0
16696,833,2025-05-19,Late,4.7,1.2
16697,833,2025-12-30,Present,8.4,0.0
16698,833,25-Nov-2025,Absent,0.0,0.0
16699,833,2025-05-11,Late,5.0,
16700,833,2025-10-29,Present,9.1,0.0
16701,833,2025-06-13,Present,8.9,0.0
16702,833,2025-04-11,Late,6.8,0.0
16703,833,2025-08-21,Present,9.0,0.0
16704,833,2025-08-16,Absent,0.0,
16705,833,2025-01-07,Present,7.5,0.0
16706,833,2025-10-17,Present,8.8,0.0
16707,833,2025-05-30,Late,5.6,0.0
16708,833,2025-11-17,Present,8.7,-0.0
16709,833,2025-01-17,Present,7.3,0.0
16710,833,2025-02-11,Present,8.8,0.0
16711,833,2025-08-24,Leave,0.0,0.0
16712,834,2025-07-12,Absent,0.0,0.0
16713,834,2025-03-10,Absent,0.0,0.0
16714,834,2025-04-27,absent,0.0,0.0
16715,834,2025-09-22,PRESENT,9.4,0.0
16716,834,2025-03-29,Late,4.6,0.0
16717,834,2025-05-03,Present,-7.2,0.0
16718,834,2025-09-06,Absent,0.0,0.0
16719,834,2025-03-11,Absent,0.0,
16720,834,2025-03-27,Late,4.9,0.0
16721,834,2025-10-04,PRESENT,8.1,0.0
16722,834,2025-11-04,Present,7.7,3.3
16723,834,2025-06-05,Present,8.2,0.0
16724,834,2025-09-15,Present,8.2,0.0
16725,834,2025-08-30,Present,8.8,0.0
16726,834,29-May-2025,Present,7.9,0.0
16727,834,2025-01-20,Present,7.9,0.0
16728,834,2025-11-18,Present,8.9,0.0
16729,834,2025-10-04,Absent,0.0,0.0
16730,834,2025-02-16,Present,9.0,0.0
16731,834,2025-09-10,Present,7.0,0.0
16732,834,2025-08-07,Present,7.4,0.0
16733,834,01-29-2025,Present,7.5,0.0
16734,834,2025-01-25,Absent,0.0,0.0
16735,834,2025-05-22,Absent,0.0,0.0
16736,834,2025-01-11,Present,7.9,0.0
16737,835,19/07/2025,Absent,0.0,0.0
16738,835,2025-12-07,Present,7.7,0.0
16739,835,2025-07-19,Absent,0.0,0.0
16740,835,2025-08-30,Present,8.7,3.4
16741,835,2025-01-18,Absent,0.0,0.0
16742,835,07-17-2025,Present,7.5,0.0
16743,835,28/06/2025, Present,8.4,0.0
16744,835,27-Oct-2025,Present,7.9,0.0
16745,835,2025-11-26,Late,,0.0
16746,835,2025-08-19,Present,8.6,0.0
16747,835,2025-02-16,present,9.2,0.0
16748,835,2025-07-07,Present,7.5,0.0
16749,835,2025-04-27,Present,7.2,0.0
16750,835,2025-02-24,Absent,0.0,0.0
16751,835,2025-02-09,Present,8.6,0.0
16752,835,2025-04-10,Present,8.0,0.0
16753,835,03-10-2025,Leave,0.0,0.0
16754,835,2025-02-27,Absent,0.0,0.0
16755,835,02/11/2025,Present,7.4,0.0
16756,835,2025-04-16,Present,7.3,0.0
16757,835,2025-01-27,Absent,0.0,0.0
16758,835,2025-03-20,Late,6.2,1.6
16759,835,19/01/2025,Present,9.5,0.0
16760,835,31-May-2025,Present,,0.0
16761,835,2025-12-13,Present,7.5,0.0
16762,835,20/03/2025,Present,8.6,0.0
16763,835,2025-07-21,Present,7.6,0.0
16764,835,2025-12-27,Present,8.2,0.0
16765,835,2025-04-24,Present,8.2,0.0
16766,835,17/02/2025,Late,5.9,0.0
16767,836,2025-11-01,Present,,1.3
16768,836,2025-07-17,Absent,0.0,0.0
16769,836,2025-07-01,Present,9.3,0.0
16770,836,2025-05-25,Absent,0.0,0.0
16771,836,2025-04-15,Leave,0.0,0.0
16772,836,2025-05-11,Leave,0.0,
16773,836,2025-08-20,Present,9.0,0.0
16774,836,03-06-2025,Absent,0.0,0.0
16775,836,2025-12-24,Present,7.8,1.1
16776,836,05/06/2025,Present,7.7,0.0
16777,836,2025-05-23,Present,7.8,0.0
16778,836,2025-06-21,Present,8.4,0.0
16779,836,2025-05-31,Present,7.1,0.0
16780,836,2025-01-23,Late,7.2,0.0
16781,837,2025-05-14,Present,7.2,1.5
16782,837,2025-05-28,Present,7.3,0.0
16783,837,2025-07-12,Present,7.6,0.0
16784,837,2025-11-13,Present,9.1,
16785,837,2025-07-23,Absent,0.0,0.0
16786,837,2025-11-28,Late,6.3,0.0
16787,837,2025-09-19,Present,7.6,0.0
16788,837,2025-04-24,Absent,0.0,0.0
16789,837,2025-08-08,Absent,0.0,0.0
16790,837,2025-06-28,Present,9.2,0.0
16791,837,2025-10-17,Present,9.0,0.0
16792,837,2025-02-17,Absent,0.0,
16793,837,2025-11-24,Present,8.9,0.0
16794,837,2025-05-24,Present,9.1,0.0
16795,837,2025-02-17,Present,8.5,0.0
16796,837,14/05/2025,Late,6.0,0.0
16797,837,2025-11-09,Present,7.9,1.3
16798,837,2025-09-26,Present,8.4,0.0
16799,837,2025-09-29,Present,9.2,0.0
16800,837,2025-09-27,Present,8.5,0.0
16801,837,2025-06-30,Present,9.3,0.0
16802,837,2025-04-25,Present,7.9,0.0
16803,837,2025-11-21,Present,8.7,0.0
16804,837,2025-11-10,Present,8.6,0.0
16805,837,31/12/2025,Present,8.7,
16806,837,2025-05-30,Present,7.6,0.0
16807,837,2025-11-28,Present,7.4,0.0
16808,837,2025-06-05,Late,7.4,0.0
16809,837,2025-09-02,Present,7.1,0.0
16810,837,27/10/2025,Present,8.2,0.0
16811,838,2025-09-28,Leave,0.0,0.0
16812,838,2025-12-21,Present,8.1,0.0
16813,838,25/11/2025,PRESENT,7.9,0.0
16814,838,09-04-2025,Present,9.0,0.0
16815,838,04-30-2025,Absent,0.0,0.0
16816,838,2025-09-19,Absent,0.0,0.0
16817,838,09-29-2025,Absent,0.0,0.0
16818,838,26/07/2025,Present,8.9,0.0
16819,838,2025-11-01,Late,7.2,1.9
16820,838,2025-11-05,Present,8.4,0.0
16821,838,2025-03-23,Present,,0.0
16822,838,2025-02-06,Present,9.5,0.0
16823,838,2025-11-12,Present,9.4,0.0
16824,839,2025-03-29, Late,6.7,
16825,839,2025-01-11,PRESENT,7.4,0.0
16826,839,2025-11-15,Present,7.1,0.0
16827,839,2025-11-10,Present,9.1,0.0
16828,839,2025-02-07,Present,9.1,0.0
16829,839,2025-09-06,Present,8.9,1.5
16830,839,2025-04-15,Present,8.6,1.6
16831,839,2025-05-06,Present,8.1,0.0
16832,839,2025-11-20,Absent,,0.0
16833,839,2025-05-28,Present,8.0,0.0
16834,839,2025-02-25,Present,9.3,0.0
16835,839,30-Dec-2025,Present,7.6,0.0
16836,839,2025-05-28,Absent,0.0,0.0
16837,839,2025-01-30,LATE,6.2,0.0
16838,839,2025-09-29,Present,7.9,0.0
16839,839,2025-04-24,Absent,0.0,0.0
16840,839,2025-09-26,Present,8.7,0.0
16841,839,2025-02-06,present,8.4,0.0
16842,839,2025-04-08,Present,9.3,0.0
16843,839,2025-12-28,Present,7.3,0.0
16844,839,2025-02-21,Present,7.6,
16845,839,23/08/2025,Present,8.9,0.0
16846,839,2025-09-01, Present,7.9,0.0
16847,839,2025-04-21,Present,7.4,2.3
16848,839,2025-08-02,PRESENT,8.6,0.0
16849,839,18/08/2025,Present,7.1,0.0
16850,839,2025-06-08,Present,7.7,3.3
16851,839,2025-01-23,Absent,0.0,0.0
16852,839,24/07/2025,present,8.3,0.0
16853,839,2025-08-15,Present,7.1,1.5
16854,839,2025-11-01,PRESENT,8.6,1.2
16855,839,2025-09-20,Late,7.0,0.0
16856,839,2025-12-12,Present,8.7,0.0
16857,839,2025-02-06,Present,8.2,0.0
16858,840,2025-01-02,Present,9.3,0.0
16859,840,2025-05-05,Present,8.0,1.3
16860,840,2025-09-13,Late,6.5,2.5
16861,840,2025-01-04, Present,7.8,0.0
16862,840,03-09-2025,Present,7.9,0.0
16863,840,07-22-2025,Present,8.0,0.0
16864,840,2025-11-11,Late,5.4,3.0
16865,840,2025-01-19,Present,8.6,0.0
16866,840,2025-02-09,Present,8.1,0.0
16867,840,2025-02-04,Present,8.0,0.0
16868,840,2025-05-18,Present,7.9,1.5
16869,840,15/07/2025,Present,7.2,0.0
16870,840,2025-09-23,Present,7.7,0.0
16871,840,2025-01-21,Present,7.8,2.4
16872,840,11/11/2025,Present,8.9,1.9
16873,840,2025-08-06,Present,9.4,0.0
16874,840,18-Mar-2025,Present,9.1,0.0
16875,840,2025-10-18,Present,9.5,0.0
16876,840,30/10/2025,Present,9.2,0.0
16877,840,17/07/2025,Present,8.5,0.0
16878,840,2025-02-25,Late,6.3,0.0
16879,840,2025-01-11,Present,7.3,0.0
16880,840,2025-06-17,Present,8.8,0.0
16881,840,2025-11-01,present,8.5,0.0
16882,840,2025-03-22,present,8.3,0.0
16883,840,2025-03-22,Present,8.7,
16884,840,2025-09-23,Present,8.3,0.0
16885,840,2025-06-16,Present,8.0,0.0
16886,840,2025-09-26,late,6.7,0.0
16887,840,2025-06-26,Present,9.2,0.0
16888,840,02-Jan-2025,Present,9.1,0.0
16889,841,2025-03-14,Present,9.0,0.0
16890,841,2025-03-12,Present,7.0,0.0
16891,841,2025-07-11,Present,9.3,
16892,841,2025-08-26,Present,9.2,0.0
16893,841,15/08/2025,Present,7.5,
16894,841,2025-12-18,Present,8.9,0.0
16895,841,2025-03-21,Late,6.4,
16896,841,2025-04-16,Present,8.7,0.0
16897,841,2025-01-08,Present,8.4,0.0
16898,841,2025-08-01,PRESENT,7.7,0.0
16899,841,08-25-2025,Present,8.6,0.0
16900,841,27/03/2025,Present,7.5,0.0
16901,841,11/10/2025,Absent,0.0,0.0
16902,842,2025-04-10,Present,8.7,0.5
16903,842,2025-06-03,Present,8.4,0.0
16904,842,2025-12-24,Present,8.0,0.0
16905,842,2025-07-20, Present,7.8,0.0
16906,842,2025-08-12,Present,8.3,0.0
16907,842,2025-11-20,Present,8.6,0.0
16908,842,2025-11-08,Present,9.4,0.0
16909,842,2025-06-09,Present,9.1,0.0
16910,842,2025-11-23,Absent,0.0,0.0
16911,842,2025-09-10,Late,,0.0
16912,842,2025-11-01,PRESENT,8.2,0.0
16913,842,2025-06-14,Present,8.0,0.0
16914,842,2025-06-05,PRESENT,7.1,0.0
16915,842,2025-08-25,Present,7.9,3.5
16916,842,2025-12-19,Present,8.0,0.0
16917,842,2025-02-26,Present,8.2,0.0
16918,842,2025-08-27,PRESENT,7.7,0.0
16919,842,2025-11-22,Present,7.7,
16920,842,2025-08-26,Present,7.2,2.6
16921,842,2025-03-30,Present,8.1,0.0
16922,842,2025-08-07,Present,8.5,0.0
16923,842,2025-10-01,Present,8.4,
16924,842,2025-06-06,Present,8.9,0.0
16925,842,2025-05-29, Present,8.9,0.0
16926,843,25/06/2025,Present,8.2,0.0
16927,843,2025-04-07, Present,7.9,3.8
16928,843,2025-01-15,Absent,0.0,0.0
16929,843,2025-02-21,Present,7.1,0.0
16930,843,2025-08-01,Late,5.0,0.0
16931,843,2025-10-16,Absent,0.0,0.0
16932,843,2025-04-14,Present,8.0,0.0
16933,843,04-21-2025,Absent,0.0,0.0
16934,843,2025-05-08,Late,6.3,0.0
16935,843,2025-05-06,Absent,0.0,0.0
16936,843,18-Jul-2025,Present,7.0,0.0
16937,843,2025-03-09, Present,8.8,0.0
16938,843,2025-08-01,Present,8.4,0.0
16939,843,2025-12-10,Late,6.0,0.0
16940,843,2025-11-21,Absent,0.0,0.0
16941,843,2025-01-03,Present,8.1,0.0
16942,843,2025-12-25,Present,8.3,1.1
16943,843,2025-04-14,Absent,0.0,0.0
16944,843,2025-11-22,present,7.3,0.0
16945,843,2025-11-10,Absent,0.0,0.0
16946,843,2025-07-07,Present,7.7,0.0
16947,843,2025-01-05,Absent,0.0,0.0
16948,843,2025-06-09,Present,8.8,2.6
16949,844,2025-02-10,Late,5.9,0.0
16950,844,2025-02-25,Present,8.4,0.0
16951,844,19/04/2025,Absent,0.0,0.0
16952,844,2025-05-05,Present,8.4,0.0
16953,844,07-Feb-2025,Absent,,0.0
16954,844,07-Oct-2025,Present,7.8,0.0
16955,844,2025-07-27,Late,4.8,0.0
16956,844,2025-02-02,Late,7.2,0.0
16957,844,18-Aug-2025,Present,8.5,0.0
16958,844,2025-07-08,Present,8.7,0.0
16959,844,2025-11-07,Present,8.2,
16960,844,2025-03-03,Present,8.9,0.0
16961,844,2025-01-20,Present,8.5,0.0
16962,844,2025-02-17,Absent,0.0,0.0
16963,844,2025-11-26,Present,7.1,0.0
16964,844,2025-04-24,Absent,0.0,0.0
16965,844,2025-03-13,Present,9.2,0.0
16966,844,2025-01-08,Present,7.8,0.0
16967,845,2025-10-17,PRESENT,7.3,0.0
16968,845,2025-07-31,Present,7.2,0.0
16969,845,2025-11-21,Present,8.8,0.0
16970,845,2025-04-12,Present,8.8,0.0
16971,845,2025-08-16,Present,8.8,0.0
16972,845,25/11/2025,Late,7.2,0.0
16973,845,2025-02-10,Present,7.9,0.0
16974,845,2025-04-28,Present,8.4,0.0
16975,845,2025-09-01,Present,8.5,0.0
16976,845,2025-05-17,Present,9.4,
16977,845,10-Aug-2025,Present,7.8,0.0
16978,845,2025-10-31,Present,9.4,0.0
16979,845,2025-12-10,Present,7.4,0.0
16980,845,2025-07-15,Present,8.9,0.0
16981,845,12-Apr-2025,Present,8.6,0.0
16982,845,2025-09-17,Present,9.0,0.6
16983,845,2025-09-12,Present,7.2,0.0
16984,845,20/12/2025,Present,7.2,0.0
16985,846,2025-06-10,Present,8.5,0.0
16986,846,2025-07-02,Late,,0.0
16987,846,2025-05-13,Absent,0.0,0.0
16988,846,26/10/2025,Absent,0.0,
16989,846,2025-06-22,Absent,0.0,0.0
16990,846,2025-09-18,Present,9.3,0.0
16991,846,2025-03-24,Present,8.2,0.0
16992,846,2025-11-07,Absent,0.0,0.0
16993,846,2025-10-16,Late,4.7,0.0
16994,846,2025-04-02,Absent,0.0,0.0
16995,846,2025-05-28,Absent,0.0,0.0
16996,846,2025-12-21,Absent,0.0,0.0
16997,846,2025-11-30,Present,7.5,0.0
16998,846,2025-01-11,Absent,0.0,0.0
16999,846,2025-06-03,Present,7.0,
17000,846,2025-03-02,Absent,0.0,0.0
17001,846,2025-08-31,Absent,0.0,0.0
17002,846,2025-06-14,Present,,0.0
17003,846,17-Oct-2025,Present,9.0,0.0
17004,846,2025-06-27,Absent,0.0,0.0
17005,846,2025-11-14,Late,7.5,0.0
17006,846,2025-03-07,Present,8.0,0.0
17007,847,01-Apr-2025,Present,7.0,
17008,847,2025-10-18,Present,7.6,
17009,847,2025-01-05,ABSENT,0.0,0.0
17010,847,10/12/2025,Present,8.5,3.9
17011,847,2025-06-27,Present,7.3,0.0
17012,847,2025-11-01,Present,,0.0
17013,847,2025-11-24,present,8.8,0.0
17014,847,2025-08-21,Present,8.7,0.0
17015,847,2025-04-22,Absent,0.0,0.0
17016,847,2025-07-03,Late,5.3,0.0
17017,848,2025-09-08,Present,9.0,1.0
17018,848,2025-02-18,Present,9.3,1.2
17019,848,2025-08-16,Present,7.2,0.0
17020,848,2025-12-08,Late,5.5,0.0
17021,848,2025-07-30,Late,,0.0
17022,848,2025-10-16,Present,8.3,2.9
17023,848,02-14-2025,Present,8.2,0.0
17024,848,09/06/2025,Leave,0.0,0.0
17025,848,2025-09-11,Present,8.7,0.0
17026,848,2025-08-23,Present,7.9,0.0
17027,848,2025-12-17,Present,7.1,0.0
17028,848,23/12/2025,Present,9.4,0.0
17029,848,12/02/2025,Present,9.0,0.0
17030,848,2025-05-23,Present,7.2,0.0
17031,848,2025-03-31,Present,8.1,0.0
17032,848,2025-09-05,Leave,0.0,0.0
17033,849,2025-08-06,Present,8.6,0.0
17034,849,2025-04-14,Present,7.5,0.0
17035,849,20-Mar-2025,Absent,0.0,0.0
17036,849,2025-11-03,present,8.4,0.0
17037,849,08-04-2025,Present,8.3,0.0
17038,849,2025-12-27,Absent,0.0,0.0
17039,849,31-May-2025,Absent,0.0,0.0
17040,849,2025-12-22,Absent,0.0,
17041,849,19/06/2025,Absent,0.0,0.0
17042,849,2025-04-24,Absent,0.0,0.0
17043,849,2025-08-14,Present,7.5,1.0
17044,849,30-Oct-2025,Absent,0.0,
17045,850,01/07/2025,Absent,0.0,0.0
17046,850,2025-07-16,Present,8.9,0.0
17047,850,2025-12-17,Present,7.8,1.4
17048,850,2025-10-07,Present,8.8,0.0
17049,850,2025-07-22,Present,8.8,0.0
17050,850,2025-05-21,Present,7.7,0.0
17051,850,2025-10-20,Present,9.2,2.9
17052,850,2025-02-12,Absent,0.0,0.0
17053,850,2025-07-15,Present,7.9,0.0
17054,850,12/06/2025,Present,8.1,3.0
17055,850,2025-07-18,Present,7.5,2.1
17056,850,23/09/2025,Absent,0.0,0.0
17057,850,2025-12-21,Present,8.6,2.4
17058,850,2025-05-06,Present,8.5,0.0
17059,850,28/03/2025,Present,8.4,0.0
17060,850,04/03/2025,Present,7.5,0.0
17061,850,2025-03-16,Present,8.0,2.4
17062,850,2025-07-01, Present,9.0,0.0
17063,850,2025-02-01,Present,8.6,0.0
17064,850,2025-05-04,Present,8.1,0.0
17065,850,2025-08-13,Absent,0.0,0.0
17066,850,10/12/2025,Present,9.4,0.0
17067,850,2025-06-14,Present,7.3,0.0
17068,850,2025-04-12,Absent,0.0,0.0
17069,850,2025-08-26,Present,7.5,0.0
17070,850,2025-12-12,Present,7.9,0.0
17071,850,2025-09-08,Present,7.6,0.0
17072,850,2025-11-28,Present,8.6,0.0
17073,850,2025-06-27,Present,7.1,0.0
17074,850,2025-02-19,Present,7.4,0.0
17075,850,2025-03-31,Present,7.7,0.0
17076,850,2025-05-05,Present,8.7,0.0
17077,850,2025-06-20,Present,9.2,
17078,850,12-19-2025,Present,9.0,0.0
17079,850,2025-01-29,Present,7.5,2.5
17080,850,22-Jun-2025,Absent,0.0,0.0
17081,851,2025-07-15,Present,7.1,1.6
17082,851,2025-07-17,Present,9.0,0.0
17083,851,2025-01-10,Present,8.1,0.0
17084,851,2025-03-17,Present,7.4,0.0
17085,851,2025-08-04,PRESENT,8.1,0.0
17086,851,2025-06-27,Present,7.5,0.0
17087,851,2025-03-11,Present,8.0,0.0
17088,851,2025-09-12,Late,6.0,1.7
17089,851,2025-12-30,Late,7.3,0.0
17090,851,2025-05-20,Absent,0.0,0.0
17091,851,2025-05-14,Absent,0.0,0.0
17092,851,2025-08-12,Present,8.4,0.0
17093,851,2025-04-18,Late,7.0,0.0
17094,851,2025-07-18,Absent,0.0,0.0
17095,851,2025-01-03,Present,8.9,0.0
17096,851,2025-12-18,Absent,0.0,0.0
17097,851,2025-09-20,Present,8.7,0.0
17098,851,2025-04-21,Present,8.2,0.0
17099,851,2025-10-31,Absent,0.0,0.0
17100,851,2025-12-13,Present,7.0,0.0
17101,851,2025-09-02,Absent,0.0,0.0
17102,852,2025-02-18,Present,8.5,0.0
17103,852,23/04/2025,Present,7.9,0.0
17104,852,2025-11-09,Present,7.3,0.0
17105,852,2025-03-07,Absent,0.0,0.0
17106,852,20/06/2025,Absent,0.0,0.0
17107,852,2025-09-26,Present,8.1,
17108,852,2025-07-05,Present,8.8,0.0
17109,852,2025-02-22,Present,9.4,0.0
17110,852,2025-08-09,Present,7.9,0.0
17111,852,2025-06-13,Present,8.4,3.5
17112,852,2025-03-09,Absent,0.0,0.0
17113,852,14-Feb-2025,Late,5.5,0.0
17114,852,2025-11-11,Absent,0.0,0.0
17115,852,2025-09-19,Absent,0.0,0.0
17116,852,2025-07-26,Present,7.4,0.0
17117,852,2025-02-11,Present,7.7,0.0
17118,852,02-09-2025,Absent,0.0,0.0
17119,852,2025-11-11,Present,9.2,0.0
17120,852,2025-05-29,Present,7.4,1.7
17121,852,2025-06-16,Absent,0.0,
17122,853,2025-09-08,Present,8.2,0.0
17123,853,2025-04-04,Present,9.1,0.0
17124,853,2025-11-12,Absent,0.0,0.0
17125,853,2025-09-09, Absent,0.0,0.0
17126,853,2025-07-09,Absent,0.0,0.0
17127,853,2025-09-23,Present,9.3,0.0
17128,853,2025-08-06,Late,5.8,0.0
17129,853,2025-07-16,Absent,0.0,0.0
17130,853,2025-02-26,ABSENT,0.0,0.0
17131,853,2025-08-29,Absent,0.0,0.0
17132,853,2025-06-18,Absent,0.0,0.0
17133,853,21/12/2025,Absent,0.0,0.0
17134,853,2025-03-30,Absent,0.0,0.0
17135,853,2025-04-10,ABSENT,0.0,0.0
17136,853,2025-04-30,Present,9.3,1.1
17137,853,2025-04-14,Absent,0.0,0.0
17138,853,2025-01-07,Present,7.4,0.0
17139,853,2025-10-31,Absent,0.0,0.0
17140,853,2025-11-21,Present,9.4,0.0
17141,853,2025-08-17,Absent,,0.0
17142,853,01/06/2025,Absent,0.0,0.0
17143,854,06-11-2025,Present,8.3,0.0
17144,854,2025-03-14,Late,5.1,0.0
17145,854,2025-09-08, Present,8.2,0.0
17146,854,2025-12-04,Present,9.0,0.0
17147,854,2025-06-18,Present,9.1,0.0
17148,854,2025-09-08,Present,,
17149,854,2025-01-21,PRESENT,8.4,0.0
17150,854,2025-04-22,Present,9.2,0.0
17151,854,2025-04-17,Present,8.3,0.0
17152,854,2025-07-11,Late,6.3,0.0
17153,854,2025-08-01,Present,8.9,0.0
17154,854,2025-10-16,Present,8.1,0.0
17155,854,2025-04-23,PRESENT,7.2,0.0
17156,854,2025-05-31,Present,7.9,0.0
17157,854,04-27-2025,Present,8.6,0.0
17158,854,2025-05-03,Present,7.5,0.0
17159,854,23/12/2025,Present,7.4,0.0
17160,854,2025-05-08,Present,7.7,0.0
17161,854,2025-01-14,Present,7.1,0.0
17162,854,11/03/2025,Present,8.9,0.0
17163,854,14-Nov-2025,present,7.6,0.0
17164,854,2025-07-15,Present,7.3,0.0
17165,854,2025-01-22,Present,8.7,0.0
17166,854,2025-11-20,Late,7.0,0.0
17167,854,2025-11-07,Present,7.0,0.0
17168,854,2025-08-14,Present,7.6,0.0
17169,854,2025-05-12,Present,9.4,1.8
17170,854,2025-12-17,Present,9.3,0.0
17171,854,2025-08-29,Present,7.7,0.0
17172,854,2025-02-27, Present,7.5,
17173,855,2025-01-29,Present,7.5,0.0
17174,855,21/05/2025,Absent,0.0,0.0
17175,855,06-May-2025,Leave,0.0,0.0
17176,855,2025-09-19,Absent,0.0,0.0
17177,855,2025-12-17,Absent,0.0,0.0
17178,855,2025-09-06,Absent,0.0,0.0
17179,855,03-11-2025, Present,7.2,0.0
17180,855,2025-04-19,Absent,0.0,0.0
17181,855,2025-01-06,Present,9.2,0.0
17182,855,12/08/2025,Present,9.4,3.8
17183,855,2025-09-14,Present,9.1,0.0
17184,855,2025-09-18,Present,9.1,0.0
17185,855,2025-11-15,Present,8.7,0.0
17186,855,2025-06-05,Present,9.1,0.0
17187,855,2025-12-27,Present,7.5,0.0
17188,856,2025-07-02,Absent,0.0,0.0
17189,856,2025-10-25,Absent,0.0,0.0
17190,856,2025-02-20,Absent,0.0,0.0
17191,856,2025-11-03,Absent,0.0,0.0
17192,856,11-05-2025,Present,8.0,0.0
17193,856,28-Nov-2025,Present,8.6,3.6
17194,856,2025-07-12,Absent,0.0,0.0
17195,856,2025-04-01,Present,8.7,0.0
17196,856,2025-10-20,Present,9.1,
17197,856,2025-10-03,Present,8.8,0.0
17198,856,15-Apr-2025,Present,9.4,0.0
17199,856,2025-12-10,Absent,0.0,0.0
17200,856,2025-07-23,Absent,0.0,0.0
17201,856,2025-08-06,Absent,0.0,0.0
17202,856,2025-12-05,Present,7.4,0.0
17203,856,2025-06-04,Absent,0.0,0.0
17204,856,2025-01-11,Absent,0.0,0.0
17205,856,2025-07-17,Present,9.3,0.0
17206,856,2025-11-25,Absent,0.0,0.0
17207,856,2025-01-26,present,8.3,0.0
17208,856,2025-05-14,Absent,0.0,0.0
17209,856,2025-05-20,Present,8.6,3.6
17210,856,2025-08-15,Present,8.0,0.0
17211,856,2025-02-18,Present,8.0,0.0
17212,856,2025-06-22,Absent,0.0,0.0
17213,857,2025-10-16,Absent,0.0,0.0
17214,857,2025-07-11,Present,8.3,0.6
17215,857,2025-12-31,Present,8.2,0.0
17216,857,2025-08-02,Present,7.7,3.7
17217,857,16/01/2025,Present,7.2,0.0
17218,857,2025-11-20,Present,8.1,0.0
17219,857,2025-10-30,Present,9.4,0.0
17220,857,2025-06-12,Absent,0.0,0.0
17221,857,2025-08-06,Present,9.3,0.0
17222,857,2025-03-15,Present,8.8,0.0
17223,857,2025-07-30,Present,8.5,0.0
17224,857,2025-11-22,Present,7.7,0.0
17225,857,2025-06-03,Present,7.9,0.0
17226,857,04/02/2025,Present,7.2,0.0
17227,858,2025-03-03,Present,9.0,0.0
17228,858,2025-12-07,Present,7.8,0.0
17229,858,2025-12-17,Present,8.7,0.0
17230,858,2025-11-25,Present,7.9,0.0
17231,858,2025-07-05,Present,,0.0
17232,858,02/04/2025,Present,8.4,0.0
17233,858,2025-01-17,Present,9.0,0.0
17234,858,2025-01-22,Present,7.5,
17235,858,2025-01-16,Present,8.0,0.0
17236,858,2025-12-13,Present,7.3,0.0
17237,858,2025-05-09,Present,7.2,0.0
17238,858,2025-09-09,Present,8.5,0.0
17239,858,2025-04-15,Present,7.5,0.0
17240,858,2025-06-09,Late,4.7,0.0
17241,858,2025-08-14,Late,7.2,0.0
17242,858,2025-09-04,Present,8.3,0.0
17243,858,2025-02-08,Present,7.3,0.0
17244,858,2025-08-29,Present,7.1,0.0
17245,858,2025-05-31,Present,7.3,0.0
17246,858,2025-11-25,Present,8.2,2.8
17247,859,23-Feb-2025,Late,6.4,0.0
17248,859,05-17-2025,Late,4.9,
17249,859,2025-12-29,Absent,0.0,
17250,859,02-14-2025,Present,8.0,0.0
17251,859,11-Jan-2025,Present,8.2,0.0
17252,859,2025-10-18,Absent,0.0,0.0
17253,859,2025-02-11,Absent,0.0,0.0
17254,860,2025-05-21,Present,9.0,0.0
17255,860,2025-05-21,Present,7.8,0.0
17256,860,15-Nov-2025,Present,7.4,0.0
17257,860,2025-11-21,Present,9.2,0.0
17258,860,2025-07-20,Present,7.5,1.5
17259,860,2025-06-29,Present,8.8,
17260,860,12/06/2025,Present,8.7,0.0
17261,860,2025-12-19,Present,9.0,0.0
17262,860,25-Mar-2025,Present,7.5,0.0
17263,860,2025-04-20,Present,7.9,0.0
17264,860,2025-08-18,Present,7.3,0.0
17265,860,2025-08-26,Late,6.1,1.5
17266,860,2025-10-30,Present,8.7,0.0
17267,860,22-Dec-2025,Present,7.0,0.0
17268,860,2025-02-14, Present,7.1,
17269,860,2025-09-02,Absent,0.0,
17270,860,08/09/2025,Present,8.1,3.9
17271,860,29/03/2025,Present,9.2,-0.0
17272,860,2025-08-06,Present,9.5,0.0
17273,860,2025-06-06,present,8.0,0.0
17274,860,2025-05-29,Present,7.1,1.6
17275,860,01-06-2025,Present,8.7,0.0
17276,861,2025-09-14,Present,7.3,1.5
17277,861,2025-05-27,Present,7.1,0.0
17278,861,10-16-2025,Present,,0.0
17279,861,2025-12-04,Present,7.5,0.0
17280,861,2025-10-05,Present,7.2,0.0
17281,861,2025-06-05,Present,8.0,0.0
17282,861,2025-12-23,Present,7.9,0.0
17283,861,2025-12-24,Late,6.1,0.0
17284,861,2025-10-25,Late,6.7,0.0
17285,861,07-26-2025,Present,7.3,3.3
17286,861,2025-12-17,Present,7.1,0.0
17287,861,2025-09-09,Present,8.1,0.0
17288,861,05-27-2025,Present,8.5,0.0
17289,861,2025-07-17,present,9.4,0.0
17290,861,2025-10-24,Late,6.2,0.0
17291,861,2025-08-03,Present,7.4,2.3
17292,861,2025-09-16,Late,5.7,2.2
17293,861,2025-03-30,Present,7.5,0.0
17294,861,2025-01-10,present,8.3,1.0
17295,861,2025-08-04,Present,8.9,0.0
17296,861,12-21-2025,Present,8.5,0.0
17297,861,2025-01-02,Present,7.2,0.0
17298,861,2025-06-11,Present,9.2,0.0
17299,861,2025-11-26,Present,8.5,1.6
17300,861,2025-10-19,Late,4.6,
17301,861,2025-08-05,Late,6.4,0.0
17302,861,2025-05-10,Present,7.9,0.0
17303,861,2025-04-14,Present,9.3,0.0
17304,861,2025-12-15,PRESENT,7.1,0.6
17305,861,2025-02-05,Absent,0.0,0.0
17306,861,2025-03-15,Present,9.4,0.0
17307,861,2025-09-28,Present,9.4,
17308,861,2025-02-27,Present,7.1,0.0
17309,861,2025-05-03,Present,8.8,0.0
17310,861,2025-11-10,Present,7.6,0.0
17311,862,2025-11-24,Leave,0.0,0.0
17312,862,2025-11-10,Present,8.8,0.0
17313,862,2025-04-11,Present,9.2,0.0
17314,862,2025-08-08,Present,,
17315,862,2025-07-24,Present,7.6,0.0
17316,862,2025-03-18,Present,7.1,0.7
17317,862,2025-08-18, Leave,0.0,0.0
17318,862,2025-08-11,Present,7.1,3.3
17319,862,2025-07-13,Present,7.7,0.0
17320,862,2025-05-08,Present,8.2,0.0
17321,862,2025-11-22,Present,9.0,0.0
17322,862,2025-11-12,Present,8.2,0.0
17323,862,2025-09-09,Present,8.1,0.0
17324,862,2025-03-10,Absent,0.0,0.0
17325,862,2025-11-06,Present,7.0,0.0
17326,862,2025-09-22,Present,8.4,0.0
17327,862,2025-07-26,Absent,,0.0
17328,862,2025-04-11,Present,7.3,0.0
17329,862,2025-04-01,Present,8.9,0.0
17330,862,2025-11-12,Present,7.6,2.9
17331,862,2025-07-22,Present,8.6,0.0
17332,862,20-Mar-2025,Present,8.5,0.0
17333,862,05/04/2025,Present,7.7,0.0
17334,863,2025-08-19,Present,7.7,0.0
17335,863,2025-08-16,Present,9.2,0.0
17336,863,2025-07-31,Present,7.0,0.0
17337,863,28-Apr-2025,Present,7.5,0.0
17338,863,2025-09-30,Present,8.5,0.0
17339,863,2025-01-24,Present,-9.0,0.0
17340,863,2025-05-16,Present,7.9,0.0
17341,863,2025-10-21,Present,8.6,0.0
17342,863,2025-01-17,Present,8.4,0.0
17343,863,24/05/2025, Absent,0.0,0.0
17344,863,2025-08-06,Leave,0.0,0.0
17345,863,2025-05-12,Leave,0.0,0.0
17346,863,02/03/2025,Absent,0.0,0.0
17347,863,2025-05-01,PRESENT,7.2,0.0
17348,863,2025-10-12,Present,8.6,0.0
17349,863,07-19-2025,Present,9.0,0.0
17350,863,2025-05-21,Present,9.5,0.6
17351,863,2025-10-02,present,8.7,0.0
17352,863,11/02/2025,Present,8.0,0.0
17353,863,01-11-2025,Present,7.0,0.0
17354,863,2025-08-30,Present,8.5,0.0
17355,863,2025-04-15,Present,7.3,0.0
17356,863,2025-03-17,Present,7.9,0.0
17357,864,2025-09-25,Present,7.7,1.8
17358,864,2025-03-13, Present,8.2,0.0
17359,864,03-Jun-2025,PRESENT,7.9,0.0
17360,864,31/12/2025,Present,8.4,0.0
17361,864,2025-01-05,Absent,0.0,0.0
17362,864,2025-11-15,Present,7.6,0.0
17363,864,2025-08-08,Present,8.6,0.0
17364,864,12-25-2025,Present,9.1,0.0
17365,864,2025-05-18,PRESENT,7.6,0.0
17366,864,10-Jun-2025,Present,8.3,0.0
17367,864,2025-02-03,Present,8.6,0.0
17368,864,2025-06-08,Present,8.4,0.0
17369,864,2025-04-25,Present,7.9,
17370,864,07-11-2025,Late,6.4,0.0
17371,864,2025-06-14,Late,4.6,0.0
17372,864,2025-05-31,Present,7.9,0.0
17373,864,2025-02-01,Present,8.3,0.0
17374,864,2025-10-21,Present,7.1,0.0
17375,865,2025-03-14,Late,6.0,2.8
17376,865,08/08/2025,Present,8.9,0.0
17377,865,12/12/2025,Late,4.8,0.0
17378,865,2025-05-04,Present,9.5,2.6
17379,865,2025-03-17,Present,7.9,1.4
17380,865,2025-07-06,Present,8.4,0.0
17381,865,2025-09-01,present,9.2,0.0
17382,865,11-10-2025,Present,8.3,0.0
17383,865,2025-08-12,Present,8.7,0.0
17384,865,2025-10-03,Present,7.9,0.0
17385,865,25-Feb-2025,Present,8.0,0.0
17386,865,2025-10-11,Present,7.7,0.0
17387,865,2025-01-06,Late,6.6,0.0
17388,865,2025-02-06,Late,5.6,0.0
17389,865,20/01/2025,Present,7.5,0.0
17390,865,01-28-2025,Absent,0.0,
17391,865,2025-11-10,Present,7.9,0.0
17392,865,2025-12-17,Absent,0.0,0.0
17393,865,2025-06-28,Present,9.1,0.0
17394,866,2025-06-27,Present,8.8,0.0
17395,866,2025-10-27,Present,7.8,0.0
17396,866,2025-03-15,Present,9.3,0.0
17397,866,2025-07-02,Present,7.2,0.0
17398,866,2025-04-19,Absent,0.0,0.0
17399,866,2025-02-19,Absent,0.0,
17400,866,2025-10-02,Present,7.1,0.0
17401,866,2025-02-12,absent,0.0,0.0
17402,867,2025-10-20,Present,7.3,0.0
17403,867,2025-08-17,Present,7.3,
17404,867,2025-04-17,Present,7.2,0.0
17405,867,2025-02-10,Present,8.7,0.0
17406,867,2025-10-28,Present,8.5,0.0
17407,867,2025-06-28,Present,8.6,0.0
17408,867,11-Aug-2025,Present,8.7,0.0
17409,867,07-Jan-2025,Present,8.9,0.0
17410,867,2025-04-17,Present,7.5,2.7
17411,867,2025-02-02,Present,8.5,0.0
17412,867,2025-09-06,Present,9.4,0.0
17413,867,15/09/2025,Present,7.6,0.7
17414,867,2025-04-08,Present,8.6,0.0
17415,867,2025-10-23,Present,8.9,
17416,867,2025-09-29,Late,5.3,0.0
17417,867,2025-03-09,Present,8.4,0.0
17418,867,2025-09-23,Present,7.1,0.0
17419,867,17/10/2025,Present,9.4,0.0
17420,867,2025-05-01,Absent,0.0,0.0
17421,867,2025-11-25,Late,4.8,0.0
17422,867,2025-07-04,Late,4.7,0.0
17423,867,2025-01-25,Present,7.1,0.0
17424,867,10-14-2025,present,8.1,0.0
17425,867,2025-10-20,Absent,0.0,0.0
17426,867,2025-12-01,Present,7.2,0.0
17427,867,2025-10-07,Present,8.9,0.0
17428,867,2025-10-18,Present,9.2,0.0
17429,867,10-Oct-2025,Absent,0.0,0.0
17430,868,2025-05-20,Absent,0.0,0.0
17431,868,2025-01-08,Present,7.7,
17432,868,2025-08-08,Leave,0.0,0.0
17433,868,2025-06-07,Present,8.6,0.0
17434,868,2025-04-06,Present,7.1,
17435,868,2025-01-27,Present,8.0,0.0
17436,868,2025-09-19,Present,7.7,0.0
17437,868,19/01/2025,Late,5.2,0.0
17438,868,2025-04-26,Absent,0.0,
17439,868,2025-01-25,Present,8.6,0.0
17440,868,01-04-2025,Present,7.3,0.0
17441,868,2025-05-20,Present,9.2,0.0
17442,868,04/07/2025,Absent,0.0,0.0
17443,868,2025-02-19,Absent,0.0,0.0
17444,868,2025-12-11,Present,8.7,0.0
17445,868,2025-06-21,Absent,0.0,0.0
17446,868,2025-07-22,Present,,0.0
17447,868,2025-08-10, Present,9.3,0.0
17448,868,2025-07-04,Absent,0.0,0.0
17449,868,2025-06-28,Present,9.4,
17450,868,2025-07-04,Present,8.4,0.0
17451,868,2025-08-08,Late,6.0,0.0
17452,868,22/10/2025,Absent,0.0,0.0
17453,868,2025-09-01,Present,7.8,0.0
17454,868,26-Oct-2025,Absent,0.0,0.0
17455,868,2025-11-05,LATE,6.6,0.0
17456,869,2025-08-25,Absent,,0.0
17457,869,2025-10-18,Present,8.3,3.8
17458,869,2025-04-08,Absent,0.0,0.0
17459,869,20-Mar-2025,Absent,0.0,0.0
17460,869,2025-10-18,Present,7.6,0.0
17461,869,2025-01-10,Present,7.8,
17462,869,2025-08-22,Absent,0.0,0.0
17463,869,2025-05-20,Late,6.9,0.0
17464,869,07-Jun-2025,Absent,0.0,0.0
17465,869,12/12/2025,Present,7.2,
17466,869,2025-02-21,Absent,0.0,0.0
17467,869,2025-11-20,Present,8.1,2.0
17468,869,2025-11-28,Absent,0.0,0.0
17469,869,2025-12-11,Absent,0.0,0.0
17470,869,2025-09-06,Late,4.7,0.0
17471,869,2025-10-10,ABSENT,0.0,0.0
17472,869,2025-04-23,Present,8.0,0.0
17473,869,2025-01-04,Present,8.3,0.0
17474,870,2025-05-05,Absent,0.0,0.0
17475,870,2025-05-15,Present,7.2,0.0
17476,870,2025-09-09,Present,8.3,0.0
17477,870,2025-01-07,Absent,0.0,0.0
17478,870,2025-07-17,Absent,0.0,0.0
17479,870,2025-04-11,Present,9.4,0.0
17480,870,2025-08-15,Late,7.4,0.0
17481,870,2025-07-06,present,8.3,0.0
17482,870,2025-10-10,PRESENT,8.3,0.0
17483,870,2025-01-18,Present,7.7,0.0
17484,870,2025-10-11,Absent,0.0,
17485,870,26-Jan-2025,Present,9.5,0.0
17486,870,2025-10-22,Present,7.7,0.0
17487,870,2025-12-25,Present,8.1,0.0
17488,871,2025-06-17,Absent,0.0,0.0
17489,871,2025-07-10,Present,7.0,1.7
17490,871,2025-02-17,Present,7.2,0.0
17491,871,2025-12-17,Absent,0.0,0.0
17492,871,2025-12-19,Present,8.9,0.0
17493,871,21-Aug-2025,Absent,0.0,0.0
17494,871,2025-10-14,Late,6.2,0.0
17495,871,2025-08-21,late,6.2,0.0
17496,871,2025-05-21,Late,5.4,0.0
17497,872,02-24-2025,Present,9.0,
17498,872,09-24-2025,Present,7.0,1.7
17499,872,2025-12-09,Present,8.6,0.0
17500,872,2025-02-28,Present,9.3,0.0
17501,872,2025-07-28,Absent,0.0,0.0
17502,872,02-Nov-2025,Present,7.6,0.0
17503,872,2025-02-26,Present,8.4,2.4
17504,872,2025-07-28,Present,9.2,0.0
17505,872,2025-03-14,Present,7.1,0.0
17506,872,2025-10-02,PRESENT,8.1,0.0
17507,872,2025-06-10,PRESENT,7.5,0.0
17508,872,2025-11-21,Present,7.1,
17509,872,2025-09-12,Leave,0.0,0.0
17510,872,2025-07-04,Present,7.4,
17511,872,13-Nov-2025,Present,9.4,0.0
17512,872,2025-04-28,Absent,,0.0
17513,872,09-Mar-2025,Absent,0.0,0.0
17514,872,2025-10-15,Absent,0.0,0.0
17515,872,2025-08-08,Absent,0.0,0.0
17516,872,2025-07-15,Leave,0.0,0.0
17517,872,2025-05-18,Present,7.5,0.0
17518,872,2025-11-27,Absent,0.0,0.0
17519,872,2025-11-28,Late,7.3,0.0
17520,872,2025-03-24,Present,7.5,0.0
17521,872,2025-04-22,Present,9.3,0.0
17522,872,2025-01-31,Present,8.6,0.0
17523,872,2025-04-13,Absent,0.0,0.0
17524,872,2025-07-04,ABSENT,0.0,0.0
17525,872,2025-04-13,Absent,0.0,0.0
17526,872,11-Apr-2025,Late,4.8,2.5
17527,872,2025-02-25,Present,7.8,0.0
17528,873,03-25-2025,Present,8.0,0.0
17529,873,2025-04-07,Present,8.1,0.0
17530,873,2025-10-23,Present,8.1,0.0
17531,873,2025-03-31,Late,6.5,0.0
17532,873,2025-02-26, Present,8.9,0.0
17533,873,2025-11-09,Present,7.8,
17534,873,2025-10-13,Absent,0.0,0.0
17535,873,03-29-2025,Present,9.3,
17536,873,08-Dec-2025,Present,9.3,0.0
17537,873,2025-05-20,Present,7.1,0.6
17538,873,2025-11-21,Present,8.1,0.0
17539,873,2025-12-15,Present,8.5,0.0
17540,873,2025-09-28,Present,7.7,0.0
17541,873,2025-01-15,Present,7.6,0.0
17542,873,2025-09-02,ABSENT,0.0,0.0
17543,873,2025-11-18,Present,8.7,0.0
17544,873,27-Jun-2025,Present,8.5,0.0
17545,873,2025-10-29,Present,7.4,0.0
17546,873,17/07/2025,Absent,0.0,0.0
17547,873,2025-05-05,Present,9.2,0.0
17548,873,2025-06-18,Absent,0.0,0.0
17549,873,2025-09-17,Absent,0.0,0.0
17550,873,06-11-2025,Late,6.5,0.0
17551,873,2025-10-27,Present,7.9,0.0
17552,873,2025-05-29,Absent,0.0,0.0
17553,873,2025-03-08,Present,8.7,0.0
17554,873,2025-06-09,Present,7.3,2.1
17555,873,07-Aug-2025,present,7.4,0.6
17556,873,2025-08-20,Absent,0.0,0.0
17557,874,2025-11-29,Present,7.8,0.0
17558,874,03-02-2025,Present,7.4,0.0
17559,874,2025-05-06,Present,8.6,
17560,874,2025-04-02,Absent,0.0,0.0
17561,874,2025-07-04,Present,8.7,1.0
17562,874,2025-08-11,PRESENT,7.1,3.3
17563,874,17/12/2025,Present,7.0,
17564,874,2025-06-29,Present,7.9,0.0
17565,874,09-01-2025,Present,8.2,0.0
17566,874,2025-05-19,Absent,0.0,0.0
17567,874,13/11/2025,Absent,0.0,0.0
17568,874,2025-05-17,Absent,0.0,0.0
17569,874,2025-09-09,Present,9.0,3.4
17570,874,2025-01-03,Present,8.8,0.0
17571,874,09-04-2025,Present,7.6,0.0
17572,874,2025-06-03,Present,8.8,1.4
17573,874,2025-10-26,Present,7.5,0.0
17574,874,2025-12-20,present,8.4,0.0
17575,874,2025-04-07,Present,8.7,0.0
17576,874,2025-07-16,PRESENT,7.1,0.0
17577,874,2025-08-28,Late,4.7,0.0
17578,874,2025-02-09,Present,9.0,0.0
17579,874,2025-10-01,Present,9.1,0.0
17580,874,2025-09-23,Present,8.5,0.0
17581,874,2025-10-04,Present,8.1,3.5
17582,874,2025-08-28,Present,8.8,0.0
17583,874,2025-11-30,Present,8.4,0.0
17584,875,2025-11-06,Late,5.5,0.0
17585,875,2025-06-09,Present,7.5,0.0
17586,875,2025-05-09,Present,8.0,0.0
17587,875,2025-12-06,Absent,0.0,0.0
17588,875,2025-12-10,Absent,0.0,0.0
17589,875,2025-07-03,Present,,1.7
17590,875,2025-11-09,Present,8.3,0.0
17591,875,2025-09-20,present,7.4,0.0
17592,875,2025-01-15,Present,9.0,0.0
17593,875,2025-07-13,Present,7.4,0.0
17594,875,2025-08-22,Present,8.2,0.0
17595,875,2025-09-12,Present,8.9,0.0
17596,875,2025-06-15,Late,6.0,0.0
17597,875,2025-03-16,Present,7.9,0.0
17598,875,23/01/2025,Present,8.2,3.5
17599,875,26/08/2025,Present,9.5,0.0
17600,875,2025-03-14,Present,8.6,0.0
17601,875,2025-12-03,Present,9.0,0.0
17602,875,2025-04-16,Late,4.5,0.0
17603,875,2025-06-26, Present,9.2,0.0
17604,875,2025-10-16,Present,9.4,0.0
17605,875,06/06/2025,Present,8.4,3.1
17606,875,2025-12-13,Present,8.3,0.0
17607,875,2025-10-28,Present,7.7,3.5
17608,875,31/01/2025,Present,8.5,
17609,875,2025-01-14,Present,8.4,0.0
17610,875,2025-08-23,Present,8.6,0.0
17611,875,2025-01-06,Present,9.1,3.1
17612,875,2025-12-02,Present,7.5,2.1
17613,875,2025-07-18,Present,9.5,0.0
17614,876,2025-11-08,Present,8.4,3.8
17615,876,2025-04-13,Present,9.0,0.0
17616,876,2025-01-26,Present,8.7,0.0
17617,876,2025-03-22,Present,7.9,0.0
17618,876,2025-03-30,Present,7.8,2.8
17619,876,07-Mar-2025,Present,8.1,0.0
17620,876,2025-12-04,late,6.9,0.0
17621,876,2025-05-13,late,6.8,0.0
17622,876,2025-11-08,Present,7.8,0.0
17623,876,2025-11-27,Present,8.8,0.0
17624,876,2025-06-03,Present,8.2,0.0
17625,876,2025-10-17,Late,5.5,0.0
17626,876,2025-11-25,present,8.0,0.0
17627,876,2025-06-14,Late,7.2,0.0
17628,876,2025-08-16,Present,7.9,0.0
17629,876,2025-06-11,Absent,0.0,
17630,876,2025-09-21,Present,7.7,0.0
17631,876,2025-12-11,Present,7.9,0.0
17632,877,2025-08-12,Present,7.5,0.0
17633,877,2025-09-09,Present,8.4,0.0
17634,877,2025-08-21,Absent,0.0,0.0
17635,877,2025-02-11,Present,7.4,3.4
17636,877,2025-03-07,Present,7.6,0.0
17637,877,2025-11-26,Present,8.5,0.0
17638,877,2025-09-22,Present,7.3,0.0
17639,877,2025-11-25,Present,9.4,0.0
17640,877,02/04/2025,Absent,0.0,0.0
17641,877,2025-05-28,Present,8.1,0.0
17642,877,21-Jun-2025,Present,9.1,0.0
17643,877,19/06/2025,Present,8.9,0.0
17644,877,2025-10-16,Present,8.8,0.0
17645,877,2025-04-29,Present,9.1,0.0
17646,877,2025-04-13,Present,7.3,2.9
17647,877,2025-03-19,Present,7.7,0.0
17648,877,2025-01-19,Present,9.0,0.0
17649,877,2025-06-24,Present,9.4,0.0
17650,878,2025-06-23,Absent,0.0,0.0
17651,878,02/02/2025,Absent,0.0,0.0
17652,878,2025-09-08,Absent,0.0,0.0
17653,878,2025-05-27,Present,9.3,0.0
17654,878,2025-01-11,Present,7.3,0.0
17655,878,2025-09-30,Present,7.9,0.0
17656,878,2025-12-31,Present,7.9,0.0
17657,878,2025-05-11,Late,4.9,0.0
17658,878,09-01-2025,Present,7.2,0.0
17659,878,23-Feb-2025,Absent,0.0,0.0
17660,878,2025-01-24,Present,8.0,
17661,878,2025-04-20,Present,8.4,0.0
17662,878,22/02/2025,Present,8.6,0.0
17663,878,2025-06-23,Present,8.2,2.8
17664,878,2025-02-19,Present,9.4,0.0
17665,878,20/09/2025,Absent,0.0,0.0
17666,878,2025-04-08,Absent,0.0,0.0
17667,878,2025-07-01,Present,8.5,0.7
17668,879,2025-03-06,Present,8.2,0.0
17669,879,2025-04-29,Present,9.5,0.0
17670,879,2025-03-07,Late,5.7,0.0
17671,879,2025-04-14,Present,8.5,0.9
17672,879,2025-11-27,Absent,0.0,0.0
17673,879,2025-06-14, Late,4.9,0.0
17674,879,08/09/2025, Present,9.2,0.0
17675,879,2025-10-09,Present,7.8,1.6
17676,879,2025-02-10,Present,8.0,0.0
17677,879,11-07-2025,Late,7.4,0.0
17678,879,2025-10-02,Present,7.2,0.0
17679,879,2025-03-31, Present,9.0,0.0
17680,879,2025-06-22,Present,7.9,0.0
17681,879,09/11/2025,Present,9.1,0.0
17682,879,2025-07-18,Present,9.5,
17683,879,2025-04-07,Late,5.5,0.0
17684,879,2025-06-24,Present,7.3,0.0
17685,879,2025-05-07,Present,7.4,0.0
17686,879,2025-02-21,Present,8.9,0.0
17687,879,2025-03-12,Present,7.4,0.0
17688,879,14/10/2025,Present,7.7,0.0
17689,879,2025-03-24,Present,7.5,1.7
17690,880,2025-04-04,Present,7.2,0.0
17691,880,2025-05-26,Absent,0.0,0.0
17692,880,13/12/2025,Present,9.1,3.5
17693,880,2025-11-10,Present,8.0,0.0
17694,880,2025-09-18,present,8.5,2.7
17695,880,2025-07-11,Absent,0.0,0.0
17696,880,2025-12-23,Present,8.9,0.0
17697,880,2025-10-19,Present,8.3,0.0
17698,880,2025-11-07,Present,8.3,0.0
17699,880,2025-02-25, Present,8.6,0.0
17700,880,03-05-2025,Present,8.8,0.0
17701,880,2025-05-29,Present,7.9,0.0
17702,880,2025-12-16,PRESENT,7.8,0.0
17703,880,30-Mar-2025,Late,5.3,0.0
17704,881,2025-11-03,Present,8.4,1.8
17705,881,2025-03-14, Late,6.1,0.0
17706,881,2025-02-27,Present,8.0,0.0
17707,881,2025-09-24,Present,9.1,0.0
17708,881,2025-08-20,Absent,0.0,0.0
17709,881,2025-04-15,Absent,0.0,0.0
17710,881,2025-08-31,Absent,0.0,0.0
17711,881,2025-09-16,present,7.2,0.0
17712,881,2025-07-25,Present,8.4,0.0
17713,881,2025-08-10,Present,8.4,0.0
17714,881,2025-07-08,Present,8.0,0.0
17715,881,2025-05-18,Absent,0.0,0.0
17716,881,2025-02-15,Present,8.1,0.0
17717,881,2025-01-31,Present,9.0,0.0
17718,881,2025-07-01,Present,7.7,0.0
17719,881,06-Jun-2025,Present,9.2,0.0
17720,881,2025-08-25,Absent,0.0,0.0
17721,881,2025-11-11,Present,9.2,0.0
17722,881,2025-12-17,PRESENT,8.6,0.0
17723,881,10/02/2025,Absent,0.0,0.0
17724,881,2025-07-01,Present,8.9,2.6
17725,881,24-Jan-2025,Present,8.3,0.0
17726,881,2025-12-05,Present,9.4,0.0
17727,881,2025-10-21,Present,7.7,0.0
17728,881,2025-11-19,Present,7.4,0.0
17729,881,2025-06-19,PRESENT,7.7,0.0
17730,881,2025-11-08,Absent,0.0,0.0
17731,881,2025-06-19,Present,8.5,0.0
17732,882,11-May-2025,Present,7.5,0.0
17733,882,2025-05-15,Present,9.3,0.0
17734,882,27-Mar-2025,Present,8.0,0.0
17735,882,2025-12-29,Present,9.1,0.0
17736,882,2025-08-10,Absent,0.0,0.0
17737,882,2025-03-13,Present,7.6,0.0
17738,882,2025-11-16,Present,7.8,0.7
17739,882,2025-01-23,Present,7.6,2.2
17740,882,22-Oct-2025,Present,9.4,0.0
17741,882,2025-11-13,Present,8.0,0.0
17742,882,2025-06-04,Present,8.6,0.0
17743,882,03/07/2025,present,8.1,0.0
17744,882,2025-01-08,Present,7.1,0.0
17745,882,12-12-2025,Present,8.3,0.0
17746,882,24/03/2025,Present,7.2,0.0
17747,883,2025-04-23,Present,9.2,0.0
17748,883,2025-04-04, Absent,0.0,0.0
17749,883,2025-07-30,Leave,0.0,0.0
17750,883,03-11-2025,Present,8.9,0.0
17751,883,23-Apr-2025,Present,7.9,0.0
17752,883,2025-04-02,Late,6.4,0.0
17753,883,2025-07-23,Absent,0.0,0.0
17754,883,2025-05-29,Absent,0.0,0.0
17755,883,2025-01-14,Present,7.3,3.0
17756,883,2025-05-25,Present,9.1,0.0
17757,883,2025-07-08,Present,9.1,0.0
17758,883,12-25-2025,Present,7.7,0.0
17759,884,2025-07-24,Present,7.7,0.0
17760,884,2025-11-17,Late,6.1,0.0
17761,884,10-Aug-2025,Present,9.4,0.0
17762,884,19-Oct-2025,Absent,0.0,0.0
17763,884,2025-11-28,Present,9.3,0.0
17764,884,2025-06-07,Present,7.9,0.0
17765,884,2025-07-19,Late,6.8,0.0
17766,884,2025-03-23,Present,9.3,0.0
17767,884,06/11/2025,Present,7.7,3.4
17768,884,2025-01-05,Present,7.7,0.0
17769,884,2025-10-28,Present,7.9,0.0
17770,884,2025-12-12,Present,7.5,0.0
17771,884,2025-02-21,Present,8.3,0.0
17772,884,11-15-2025,Absent,0.0,0.0
17773,885,2025-08-29,Late,7.0,0.0
17774,885,2025-03-02,Present,8.3,
17775,885,06-29-2025,Present,7.6,0.0
17776,885,2025-11-03,Present,,0.0
17777,885,27/01/2025,Late,6.2,0.0
17778,885,2025-08-28, Present,8.4,0.0
17779,885,2025-10-09,present,7.2,0.0
17780,885,2025-04-12,Present,8.9,0.0
17781,885,2025-01-19,Present,9.3,0.0
17782,885,2025-05-03,Absent,0.0,0.0
17783,885,04/01/2025,Absent,0.0,0.0
17784,885,2025-04-06,Late,6.0,0.0
17785,886,2025-08-01,Present,8.8,0.0
17786,886,2025-02-04,Present,9.3,0.0
17787,886,2025-02-05,Present,8.6,0.0
17788,886,2025-11-01,Present,8.7,0.0
17789,886,2025-05-29,Present,8.8,0.0
17790,886,2025-12-21,Present,7.7,2.5
17791,886,2025-12-02,Present,9.1,1.5
17792,886,2025-06-04,Present,,2.7
17793,886,2025-11-11,Absent,0.0,0.0
17794,886,2025-04-16,Present,8.1,0.0
17795,886,09/06/2025,Present,8.6,1.9
17796,886,2025-02-08,Present,9.1,0.0
17797,886,2025-06-25,Present,8.2,0.0
17798,886,2025-07-14,Present,9.3,2.3
17799,886,25/07/2025,Present,8.7,0.0
17800,886,28/12/2025,Present,9.5,1.0
17801,886,2025-06-04,Present,8.8,0.0
17802,886,24/11/2025,Present,7.3,3.4
17803,886,2025-06-16,Present,8.5,0.0
17804,886,19/09/2025,PRESENT,9.3,0.0
17805,886,2025-11-01,Present,9.2,0.0
17806,886,2025-04-19,Present,7.2,0.0
17807,886,2025-07-28,Present,7.3,0.0
17808,886,2025-06-11,Present,8.5,0.0
17809,886,2025-04-24,Present,8.3,1.1
17810,886,2025-11-08,Present,7.3,0.0
17811,886,2025-07-18,Present,8.4,0.0
17812,886,28/05/2025,Late,4.6,0.0
17813,886,2025-12-21,Present,9.2,0.0
17814,886,2025-02-09,Present,9.0,3.2
17815,886,2025-06-07,Present,7.0,0.0
17816,886,2025-04-15,Absent,0.0,0.0
17817,886,20/08/2025,Present,7.1,2.4
17818,886,2025-07-24,PRESENT,9.5,
17819,886,2025-01-11,Present,7.9,0.0
17820,887,2025-10-20,Absent,0.0,0.0
17821,887,2025-02-22,Present,7.9,0.0
17822,887,2025-03-06,Absent,0.0,0.0
17823,887,2025-11-06,Leave,0.0,0.0
17824,887,2025-04-13,Present,7.3,0.0
17825,887,02/06/2025,Absent,0.0,0.0
17826,887,20-Mar-2025,present,8.7,0.0
17827,887,2025-07-27,Present,8.6,0.0
17828,887,2025-06-10,Present,7.3,0.0
17829,887,2025-09-07,Absent,0.0,0.0
17830,887,2025-11-28,Present,8.2,0.0
17831,887,10/08/2025,Absent,0.0,0.0
17832,887,2025-06-06,Absent,0.0,0.0
17833,887,2025-11-19,Present,8.7,0.0
17834,887,2025-11-02,Absent,0.0,0.0
17835,887,2025-12-30,Absent,0.0,0.0
17836,887,2025-02-15,Present,8.2,0.0
17837,887,2025-03-09,Absent,0.0,0.0
17838,887,10-15-2025,Present,8.7,0.0
17839,887,2025-10-09,Present,9.0,0.0
17840,887,2025-08-20,Absent,0.0,0.0
17841,887,2025-11-25,Present,8.7,0.0
17842,887,2025-09-05,Absent,0.0,0.0
17843,887,2025-10-18,Absent,0.0,0.0
17844,887,06-01-2025,Present,8.5,0.0
17845,887,18-Feb-2025,Present,9.1,0.0
17846,887,2025-06-07,Present,9.3,0.0
17847,887,2025-03-05,Present,8.0,0.0
17848,887,2025-04-17,late,5.0,0.0
17849,887,2025-06-17,Present,9.0,0.0
17850,887,2025-01-15,Present,7.5,0.0
17851,887,2025-04-05,Present,9.3,0.0
17852,887,23/08/2025,Late,4.6,0.0
17853,887,2025-02-06,Absent,0.0,0.0
17854,888,2025-02-13,Present,9.3,0.0
17855,888,14/07/2025,Present,8.5,0.0
17856,888,2025-07-08,Present,8.9,0.0
17857,888,08/04/2025,Absent,0.0,0.0
17858,888,2025-06-22,Present,8.0,0.0
17859,888,2025-11-03,Absent,0.0,0.0
17860,888,2025-10-08,Present,9.5,0.0
17861,888,2025-01-23,Present,7.6,1.4
17862,888,2025-01-29,Present,7.1,0.0
17863,888,2025-04-24,Leave,0.0,0.0
17864,888,2025-09-05,Present,9.4,0.0
17865,889,2025-02-06,Absent,0.0,0.0
17866,889,2025-01-26,Absent,,0.0
17867,889,2025-04-19,Absent,0.0,0.0
17868,889,29-Nov-2025,Absent,0.0,0.0
17869,889,04-30-2025,Present,8.1,0.0
17870,889,2025-07-05,Present,8.7,0.0
17871,889,2025-12-26,Present,8.7,3.6
17872,889,18/12/2025,Absent,0.0,0.0
17873,889,2025-11-17,Absent,0.0,0.0
17874,889,2025-01-19,Late,6.5,2.5
17875,889,2025-01-24,Present,8.8,0.0
17876,889,2025-10-11,Absent,0.0,0.0
17877,889,2025-04-25,Present,8.9,0.0
17878,890,07-03-2025,Absent,0.0,0.0
17879,890,24/12/2025,Absent,0.0,0.0
17880,890,2025-05-04,Present,7.5,0.0
17881,890,2025-10-26,Present,7.3,0.0
17882,890,05-May-2025, Present,7.2,0.0
17883,890,2025-11-05,Absent,0.0,0.0
17884,890,2025-10-10,Present,,0.0
17885,890,13/08/2025,Present,8.2,0.0
17886,890,2025-05-06,Late,6.3,0.0
17887,890,2025-05-31,Absent,0.0,0.0
17888,890,31-Oct-2025,Present,9.4,0.0
17889,890,2025-07-28,Absent,0.0,0.0
17890,890,2025-06-05,Absent,0.0,0.0
17891,890,2025-05-14,Present,7.8,0.0
17892,890,2025-08-24,Absent,0.0,0.0
17893,891,13-Jan-2025,Present,8.9,0.0
17894,891,2025-01-12,Present,,1.3
17895,891,2025-12-13,Present,8.5,0.0
17896,891,2025-11-22,Present,9.4,0.0
17897,891,2025-11-17,Late,4.9,0.0
17898,891,2025-08-13,Late,6.0,0.0
17899,891,2025-10-30,Present,7.1,1.6
17900,891,2025-01-06,Present,8.6,0.0
17901,891,2025-05-02,Present,9.1,0.0
17902,891,2025-03-03,Present,8.8,0.0
17903,891,2025-10-24,Present,8.2,3.7
17904,891,2025-02-08,Present,7.8,0.0
17905,891,2025-10-30,Present,8.9,0.0
17906,891,2025-01-11,Present,8.2,0.0
17907,891,2025-08-21,Present,9.2,0.0
17908,891,2025-06-23,Absent,0.0,0.0
17909,891,2025-05-25,Present,9.0,0.0
17910,891,2025-03-29,Present,9.3,0.0
17911,891,2025-10-30,Leave,0.0,0.0
17912,891,2025-10-13,Present,7.5,0.0
17913,891,2025-03-14,Present,8.7,0.0
17914,891,29/11/2025,Present,8.8,0.0
17915,891,2025-07-29,LATE,6.7,0.0
17916,892,2025-04-20,Present,8.3,0.0
17917,892,2025-04-02,absent,0.0,0.0
17918,892,2025-01-30,Present,7.0,0.0
17919,892,2025-06-19,Present,7.7,1.6
17920,892,2025-12-02,Present,9.1,0.0
17921,892,2025-05-04,Present,9.1,0.0
17922,892,2025-01-08,Present,7.3,0.0
17923,892,2025-09-05,Present,9.4,0.0
17924,892,2025-01-20,Absent,0.0,0.0
17925,892,2025-07-30,Present,7.5,
17926,892,06-21-2025,Present,8.0,1.3
17927,892,2025-06-17,Absent,0.0,0.0
17928,893,2025-10-01,Absent,0.0,0.0
17929,893,06-29-2025,Absent,0.0,0.0
17930,893,09/08/2025,Absent,0.0,0.0
17931,893,2025-09-10,Late,7.1,0.0
17932,893,02-Mar-2025,Absent,0.0,0.0
17933,893,2025-05-23,Present,8.9,0.0
17934,893,2025-09-14,Absent,0.0,0.0
17935,893,2025-09-03,Absent,0.0,0.0
17936,893,2025-04-08,Absent,0.0,0.0
17937,893,2025-11-14,Absent,0.0,0.0
17938,893,2025-02-21,Present,7.9,0.0
17939,893,2025-11-06,Present,8.7,
17940,893,2025-09-24,Present,7.5,
17941,893,2025-12-12,Present,8.0,0.0
17942,893,2025-02-20, Present,7.9,0.0
17943,894,03/03/2025,Present,7.6,3.6
17944,894,2025-05-27,Late,6.5,1.5
17945,894,2025-07-09,Absent,0.0,0.0
17946,894,2025-06-22,Present,7.6,0.0
17947,894,2025-07-23,Present,7.0,0.0
17948,894,2025-01-08,Absent,0.0,0.0
17949,894,2025-05-19,Present,,
17950,894,2025-03-13,present,8.3,0.0
17951,894,2025-04-27,Present,7.7,0.0
17952,894,2025-07-15,Late,6.6,1.9
17953,894,2025-02-18,Late,5.4,0.0
17954,894,2025-08-26,Present,9.3,0.0
17955,894,2025-10-12,Absent,0.0,0.0
17956,894,2025-08-28,Present,7.7,0.0
17957,894,2025-08-24,Present,8.0,0.0
17958,894,2025-11-12,Absent,0.0,
17959,894,30/09/2025,Absent,0.0,0.0
17960,894,2025-09-13,Present,8.0,0.0
17961,894,2025-01-24,Absent,0.0,0.0
17962,894,2025-02-15,Absent,0.0,0.0
17963,894,2025-05-11,leave,0.0,0.0
17964,894,2025-01-01,Present,7.6,0.0
17965,894,2025-04-05,Present,7.5,0.0
17966,894,2025-02-18,Absent,0.0,0.0
17967,894,2025-12-27, Absent,0.0,0.0
17968,894,2025-06-02,present,7.8,0.0
17969,894,2025-11-19,Present,9.2,3.2
17970,894,04/06/2025,Present,8.7,2.1
17971,895,2025-06-01,Leave,0.0,0.0
17972,895,2025-10-18,Present,8.3,0.0
17973,895,2025-06-01,Absent,0.0,0.0
17974,895,2025-06-17,Present,7.7,0.0
17975,895,2025-10-24,Present,7.2,0.0
17976,895,2025-01-11,Present,7.8,0.0
17977,895,03-Aug-2025,Present,8.2,0.0
17978,895,2025-04-26,Late,4.7,0.0
17979,895,2025-02-01,Late,4.8,0.0
17980,895,2025-02-15,Present,7.7,0.0
17981,895,2025-01-23,ABSENT,0.0,0.0
17982,895,2025-08-15,Present,7.9,0.0
17983,895,2025-02-06,Present,8.0,0.0
17984,895,2025-02-24,Present,7.3,0.0
17985,895,2025-10-12,Present,7.6,0.0
17986,895,06-09-2025,Present,7.7,0.0
17987,895,11/03/2025,Present,7.2,0.0
17988,895,2025-11-03,Present,7.8,
17989,895,2025-06-08,Present,8.8,0.0
17990,895,2025-02-06,Present,8.0,0.0
17991,896,21-Oct-2025,Present,7.8,0.9
17992,896,2025-05-24,Present,7.6,0.0
17993,896,2025-06-17,Present,7.6,3.9
17994,896,2025-06-08,present,9.1,0.0
17995,896,2025-02-12,Present,7.0,0.0
17996,896,2025-07-29,Present,8.5,0.0
17997,896,2025-07-26,Late,5.3,0.0
17998,896,2025-10-26,Absent,0.0,0.0
17999,896,2025-01-04,Present,7.3,0.0
18000,896,2025-10-27,Present,8.8,0.0
18001,896,2025-02-26,Present,7.3,0.0
18002,896,2025-04-10,Absent,0.0,0.0
18003,896,2025-11-16,Absent,0.0,0.0
18004,896,2025-08-13,Absent,0.0,0.0
18005,896,07-19-2025,Present,8.1,0.0
18006,896,2025-07-12,Present,8.6,0.0
18007,896,2025-02-21,Present,8.4,0.0
18008,896,2025-10-12,Present,9.4,0.0
18009,897,2025-09-20,Present,9.0,0.0
18010,897,2025-12-02,Absent,0.0,0.0
18011,897,2025-06-06,Present,8.9,0.0
18012,897,2025-07-07,Present,7.9,0.5
18013,897,23/03/2025,PRESENT,8.8,0.0
18014,897,2025-06-27,Present,9.5,0.0
18015,897,2025-05-23,Absent,0.0,0.0
18016,897,2025-08-08,Leave,0.0,0.0
18017,897,2025-07-19,Present,8.0,3.9
18018,897,2025-08-23,Present,7.4,0.0
18019,897,2025-02-12,Present,7.7,1.1
18020,897,2025-09-11,Absent,0.0,0.0
18021,897,09-25-2025,Present,8.2,3.3
18022,897,2025-06-22,Present,7.9,0.0
18023,897,2025-04-09,Present,9.3,0.0
18024,897,09-09-2025,Present,8.4,0.0
18025,897,2025-07-29,Absent,0.0,0.0
18026,897,2025-06-23,Absent,0.0,0.0
18027,897,2025-08-24,Present,8.2,0.0
18028,897,12-31-2025,Present,9.0,0.0
18029,897,2025-05-02,Absent,0.0,0.0
18030,897,2025-11-07,Present,7.3,0.0
18031,898,2025-05-13,Present,8.9,0.0
18032,898,08-02-2025,absent,0.0,0.0
18033,898,2025-08-09,Present,7.6,0.0
18034,898,2025-11-22,Present,7.7,0.0
18035,898,2025-01-06,Present,8.5,0.0
18036,898,16/03/2025,absent,0.0,
18037,898,2025-11-05,Present,9.3,0.0
18038,898,2025-10-04,Present,8.4,2.8
18039,898,2025-03-05,Present,8.9,1.4
18040,898,2025-12-31,Late,7.0,0.0
18041,898,06-Oct-2025,Present,8.0,0.0
18042,898,2025-10-17,Absent,0.0,0.0
18043,898,2025-01-04,Absent,0.0,0.0
18044,898,2025-09-08,Present,7.4,0.0
18045,898,2025-06-26,Present,7.9,0.0
18046,898,2025-12-03,Present,7.6,0.0
18047,898,2025-02-24,Present,7.6,1.5
18048,898,2025-06-23,Present,7.5,0.0
18049,898,2025-03-17,Present,8.7,0.0
18050,898,2025-09-08,Absent,0.0,0.0
18051,898,2025-11-03,Absent,0.0,0.0
18052,898,2025-06-16,Present,8.4,2.8
18053,899,25/08/2025,Present,7.9,0.0
18054,899,2025-05-19,Present,8.9,0.0
18055,899,2025-02-04,Present,7.3,0.0
18056,899,2025-02-27,Present,8.4,0.0
18057,899,2025-09-25,Present,7.7,0.0
18058,899,2025-10-04,Late,6.1,1.6
18059,899,2025-10-28,Present,9.0,0.0
18060,899,2025-07-31,Present,9.2,0.0
18061,899,2025-08-16,Present,8.9,0.0
18062,899,02-04-2025,Present,7.4,0.0
18063,899,2025-06-12,Late,5.3,0.0
18064,899,2025-12-15,Present,9.3,0.0
18065,899,2025-12-11,Present,8.1,0.0
18066,899,2025-11-15,Absent,,0.0
18067,899,2025-05-20,Present,9.4,0.0
18068,899,25/08/2025,Present,8.0,0.0
18069,899,2025-02-15,Present,9.4,0.0
18070,899,2025-12-20,Late,7.3,0.0
18071,899,2025-03-25,Present,8.7,0.0
18072,899,08-30-2025,Absent,0.0,0.0
18073,899,2025-01-20,Present,7.0,0.0
18074,899,2025-08-30,Present,8.0,0.0
18075,899,2025-06-14, Present,9.3,0.0
18076,899,01-Oct-2025,Absent,0.0,0.0
18077,899,2025-10-02,Present,9.2,0.0
18078,899,2025-07-17,Present,7.5,0.0
18079,899,2025-07-08,Present,8.0,3.4
18080,899,2025-10-21,Absent,0.0,0.0
18081,899,2025-10-23,Leave,0.0,0.0
18082,899,2025-08-25,Absent,0.0,0.0
18083,899,05-23-2025,Present,8.4,3.5
18084,899,2025-03-28,Absent,0.0,0.0
18085,899,04/05/2025,Present,9.1,0.0
18086,899,2025-12-03,Present,9.3,0.0
18087,899,2025-04-19,Present,7.3,0.0
18088,900,31-Mar-2025,Present,7.4,0.0
18089,900,2025-02-08,Present,7.2,0.0
18090,900,30-May-2025,Present,9.3,0.0
18091,900,2025-09-30,Present,8.2,0.0
18092,900,03/07/2025,Present,7.2,0.0
18093,900,2025-04-05,Present,7.8,0.0
18094,900,2025-09-04,Present,7.9,0.0
18095,900,2025-09-14,Present,9.0,3.1
18096,900,2025-06-06,Present,8.7,0.0
18097,900,2025-07-23,Present,7.1,0.0
18098,900,2025-05-08,Present,9.3,0.0
18099,900,02-Feb-2025,Present,7.5,0.0
18100,900,2025-01-22,Present,8.6,0.0
18101,900,2025-06-01,present,7.2,0.0
18102,900,2025-08-03,late,4.7,0.0
18103,900,2025-12-07,Present,7.0,0.0
18104,900,2025-08-30,Present,8.4,2.7
18105,900,2025-11-14,Late,4.7,0.0
18106,900,2025-10-20,Present,7.7,0.0
18107,900,2025-11-21,Present,9.1,0.0
18108,900,2025-09-14,PRESENT,7.3,0.0
18109,900,2025-05-23,Present,7.5,0.0
18110,900,2025-08-27,Absent,0.0,0.0
18111,900,2025-10-22,Present,8.1,3.4
18112,901,2025-01-21,Late,5.3,0.0
18113,901,2025-07-26,Present,9.5,0.0
18114,901,09-05-2025,Present,,1.9
18115,901,30/01/2025,Present,7.3,0.0
18116,901,2025-11-01,Absent,0.0,0.0
18117,901,2025-09-27,Absent,0.0,0.0
18118,901,2025-08-21,Present,8.7,0.0
18119,901,2025-12-26,Present,7.6,2.7
18120,901,2025-01-29,Present,7.6,0.0
18121,901,2025-02-07,Present,8.0,0.0
18122,901,2025-07-15,Present,9.1,3.1
18123,901,2025-07-11,Present,7.4,0.0
18124,901,2025-09-12,Present,8.5,0.0
18125,901,2025-04-06,Absent,0.0,0.0
18126,902,2025-02-28,Present,8.6,0.0
18127,902,2025-04-02,Present,7.2,0.0
18128,902,2025-10-16,Present,8.2,0.0
18129,902,2025-08-24,Absent,0.0,0.0
18130,902,2025-04-27,Present,7.7,0.0
18131,902,2025-12-26,Present,8.2,0.0
18132,902,2025-12-07,Present,8.9,1.1
18133,902,2025-04-21,Leave,0.0,
18134,902,2025-05-23,Present,7.3,0.0
18135,902,2025-03-14,Present,7.7,0.0
18136,902,04/09/2025,Present,9.4,0.0
18137,902,2025-09-01,Present,8.9,0.0
18138,902,2025-07-12,Present,7.0,0.0
18139,902,2025-04-15,Present,-8.0,0.0
18140,902,2025-05-31,Present,7.6,
18141,902,2025-11-29,Present,8.6,0.0
18142,902,2025-10-09,Present,8.1,0.0
18143,902,2025-08-14,Present,9.4,
18144,903,05-27-2025,Present,7.5,0.0
18145,903,06-23-2025,Present,8.5,0.0
18146,903,2025-07-10,Present,8.8,0.0
18147,903,2025-02-14,Present,9.1,0.0
18148,903,05-22-2025,Late,5.7,0.0
18149,903,2025-05-16,Present,8.7,0.0
18150,903,2025-12-01,present,7.8,0.0
18151,903,2025-07-05,Absent,0.0,0.0
18152,903,2025-06-27,Late,5.8,0.0
18153,903,2025-09-09,Present,9.2,0.0
18154,903,2025-02-25,Absent,0.0,0.0
18155,903,08-28-2025,Present,9.4,0.0
18156,903,2025-05-13,Present,8.8,
18157,903,2025-05-26,Present,9.1,0.0
18158,904,2025-09-06,Present,7.1,0.0
18159,904,2025-07-28,Present,7.3,0.0
18160,904,2025-12-04,Present,8.7,0.0
18161,904,2025-01-10,Absent,0.0,
18162,904,2025-09-26,Present,7.7,0.0
18163,904,2025-04-02,Present,9.4,0.0
18164,904,2025-08-03,present,8.1,0.0
18165,904,2025-12-08,Present,8.1,0.0
18166,904,2025-12-09,Present,8.7,0.0
18167,904,2025-05-25,Present,8.9,0.0
18168,904,2025-01-05,Late,5.9,0.0
18169,904,2025-12-07,Present,7.5,
18170,904,2025-10-01,Present,8.9,0.0
18171,904,15-Mar-2025,Present,7.8,0.0
18172,905,2025-05-15,Present,7.4,0.0
18173,905,09-30-2025,Present,8.6,0.0
18174,905,2025-02-28,Present,7.2,3.9
18175,905,2025-02-02,Present,8.6,
18176,905,2025-04-30,present,7.8,3.9
18177,905,2025-11-12,Present,7.4,0.0
18178,905,2025-11-16,Absent,0.0,0.0
18179,905,2025-08-09,Present,7.1,0.0
18180,905,2025-02-25,Present,7.1,0.0
18181,905,2025-07-29,Present,8.2,0.0
18182,905,2025-02-22,PRESENT,7.2,0.0
18183,905,2025-06-29,Present,8.3,0.0
18184,905,2025-08-26,Absent,0.0,0.0
18185,905,2025-12-19,Present,7.8,0.0
18186,905,2025-03-26,Present,7.8,0.0
18187,905,2025-03-10,Present,8.6,0.0
18188,905,2025-07-11,Present,7.4,0.0
18189,906,2025-11-04,Present,8.9,0.0
18190,906,2025-08-20,Present,8.5,0.0
18191,906,2025-04-11,Present,9.3,1.8
18192,906,06-Oct-2025,Present,9.5,2.5
18193,906,2025-04-03,Present,9.4,0.0
18194,906,2025-03-05,Late,4.6,0.0
18195,906,2025-09-14,Late,6.7,
18196,906,2025-05-23,Present,7.1,2.5
18197,906,2025-10-01,Present,9.0,0.0
18198,906,2025-06-11,Present,8.4,0.0
18199,906,17/08/2025,Present,7.2,0.0
18200,906,2025-12-18,Present,8.7,0.7
18201,906,2025-04-03,Present,9.0,0.0
18202,906,2025-04-07,Leave,0.0,0.0
18203,906,2025-12-06,Present,7.1,1.0
18204,906,21-Nov-2025, Present,,0.0
18205,906,2025-05-15,Present,8.6,0.0
18206,906,2025-10-28,Present,9.4,0.9
18207,906,2025-05-20,Present,7.4,0.0
18208,906,2025-09-12,Present,7.9,0.0
18209,906,08-21-2025,Present,9.1,0.0
18210,906,2025-06-21,Present,8.2,0.0
18211,906,11-28-2025,Present,7.8,2.5
18212,906,2025-03-15, Present,7.7,0.0
18213,906,2025-11-09,Present,8.0,0.0
18214,906,2025-10-05,Present,7.8,0.0
18215,907,2025-11-05,Late,6.9,0.0
18216,907,2025-01-15,Present,9.3,0.0
18217,907,2025-04-12,Present,8.9,0.0
18218,907,2025-03-17,Present,8.1,0.0
18219,907,2025-07-27,Present,8.3,0.0
18220,907,2025-09-30,Present,7.3,0.0
18221,907,2025-09-13,Present,8.9,0.0
18222,907,2025-06-03,Present,8.5,0.0
18223,907,05/05/2025,Late,,0.0
18224,907,2025-12-17,Present,7.5,3.2
18225,907,2025-01-22,Present,8.7,0.0
18226,907,2025-06-06,Present,7.7,0.0
18227,907,23/01/2025,Present,,3.7
18228,907,2025-02-10, Present,9.3,3.0
18229,907,2025-02-07,Present,7.1,3.6
18230,907,03-12-2025,Present,8.6,0.0
18231,907,2025-02-10,Present,7.8,0.0
18232,908,2025-01-17,Present,7.5,0.0
18233,908,2025-07-18,Present,7.3,0.0
18234,908,2025-04-28,Present,7.1,3.1
18235,908,10-03-2025,Present,7.6,0.0
18236,908,2025-09-01,Present,7.1,0.0
18237,908,2025-01-24,Absent,0.0,0.0
18238,908,03-23-2025,Present,8.0,0.0
18239,908,2025-09-01,Late,5.9,0.0
18240,908,2025-08-26,Present,7.4,0.0
18241,908,2025-03-24,Present,7.1,0.0
18242,908,30-Sep-2025,Leave,0.0,0.0
18243,908,2025-05-20, Present,7.5,0.0
18244,908,2025-02-01,Present,8.7,0.0
18245,908,03-13-2025,Absent,0.0,0.0
18246,908,2025-04-29,Present,7.2,0.0
18247,908,2025-07-01,Present,8.4,0.0
18248,908,2025-08-11,Present,7.4,0.0
18249,909,2025-01-29,Present,7.5,0.0
18250,909,10-03-2025, Absent,0.0,0.0
18251,909,2025-11-14,Present,8.0,0.0
18252,909,24/06/2025,PRESENT,7.3,0.0
18253,909,2025-10-07,Absent,0.0,0.0
18254,909,2025-05-19,Absent,0.0,0.0
18255,909,2025-03-11,Present,7.4,0.0
18256,909,2025-03-18,Present,7.9,0.0
18257,910,2025-09-14,Present,7.8,0.0
18258,910,2025-11-12,Late,6.7,0.0
18259,910,2025-09-02,Present,7.2,0.0
18260,910,2025-03-07,Present,9.2,0.0
18261,910,2025-08-28,Absent,0.0,0.0
18262,910,31-Jul-2025,Present,9.0,3.2
18263,910,2025-09-13,Present,7.8,0.0
18264,910,2025-11-30,Present,9.1,0.0
18265,910,2025-06-03,Present,7.5,0.0
18266,910,2025-06-25,Present,7.3,0.0
18267,910,2025-08-29,Present,7.1,0.0
18268,911,2025-08-13,Absent,0.0,0.0
18269,911,2025-04-29,Present,9.3,0.0
18270,911,22/12/2025,Present,7.8,0.0
18271,911,2025-09-07,Absent,0.0,0.0
18272,911,2025-12-11,Absent,0.0,
18273,911,2025-06-02,Absent,0.0,0.0
18274,911,01/06/2025,Absent,0.0,0.0
18275,911,2025-08-08,Present,9.3,0.0
18276,911,2025-05-24,Present,7.7,0.0
18277,911,2025-07-10,Present,9.3,0.0
18278,911,2025-01-07,Present,9.3,3.7
18279,911,2025-06-27,Present,8.2,0.0
18280,911,2025-12-31,Present,9.2,0.0
18281,911,15-Dec-2025,Absent,0.0,0.0
18282,911,2025-08-31,Late,7.4,0.0
18283,911,2025-09-09,Present,7.8,0.0
18284,911,2025-07-19,Absent,0.0,0.0
18285,911,02-26-2025,Present,8.0,0.0
18286,911,2025-10-09,Present,8.8,0.0
18287,911,2025-09-22,Present,7.8,0.0
18288,911,09-08-2025,Absent,0.0,0.0
18289,911,2025-08-01,Present,8.9,0.0
18290,911,11-23-2025,Absent,0.0,0.0
18291,911,2025-09-10,Absent,,0.0
18292,911,2025-11-29,Present,7.2,0.0
18293,911,2025-12-30,Present,8.3,0.0
18294,911,2025-12-16,Present,7.3,0.0
18295,911,2025-07-27,Present,,0.0
18296,911,04-23-2025,Present,7.6,0.0
18297,911,2025-05-03,Late,7.0,1.2
18298,911,2025-10-25,Absent,0.0,0.0
18299,911,01-14-2025,Absent,0.0,0.0
18300,911,2025-02-09,Present,9.0,0.0
18301,911,2025-09-18,Present,9.0,0.0
18302,911,01-03-2025,Absent,0.0,0.0
18303,911,13/03/2025,Absent,0.0,0.0
18304,911,2025-01-29,Late,6.0,1.3
18305,911,2025-03-27,Absent,0.0,0.0
18306,912,2025-10-28,Late,5.2,0.0
18307,912,2025-07-16,Present,8.2,0.5
18308,912,2025-10-20,Present,8.3,0.0
18309,912,2025-07-16,Absent,0.0,0.0
18310,912,2025-08-17,Absent,0.0,
18311,912,2025-01-08,Present,9.4,0.0
18312,912,10-02-2025,Late,5.0,0.0
18313,912,30-Jun-2025,Present,8.4,
18314,912,2025-02-21,Present,9.4,0.0
18315,912,2025-04-09,Present,9.2,0.0
18316,912,2025-08-03,Present,9.1,0.0
18317,912,2025-09-21,Present,9.1,0.0
18318,912,2025-07-06,Present,7.8,0.0
18319,912,2025-01-20,Late,7.2,0.0
18320,912,2025-04-11,Absent,0.0,
18321,912,11/01/2025,Leave,0.0,0.0
18322,912,28/06/2025,Absent,0.0,0.0
18323,912,12-19-2025,Present,9.4,0.0
18324,912,2025-01-08,Present,8.2,0.0
18325,912,2025-04-13,Absent,0.0,0.0
18326,912,2025-08-26,PRESENT,7.9,0.0
18327,912,2025-12-20,Present,8.0,0.0
18328,912,05-21-2025,Present,7.8,0.0
18329,912,07/08/2025,Present,7.5,0.0
18330,913,2025-11-22,Present,8.5,0.0
18331,913,2025-06-03,Present,8.4,0.0
18332,913,2025-08-28,Present,8.2,0.0
18333,913,2025-12-04,Present,7.2,0.0
18334,913,11/11/2025,Present,9.0,
18335,913,2025-03-26,Present,7.3,0.0
18336,913,2025-01-09,Absent,0.0,0.0
18337,913,01-07-2025,Present,8.6,1.9
18338,913,16-Aug-2025,Present,7.1,0.0
18339,914,2025-05-19,Present,7.9,3.2
18340,914,2025-09-01,Present,8.5,0.0
18341,914,2025-04-08,Present,7.9,1.2
18342,914,2025-12-06,Present,8.6,0.0
18343,914,25/04/2025,Present,9.2,0.0
18344,914,2025-03-26,Present,8.6,3.3
18345,914,04-18-2025,PRESENT,8.3,0.0
18346,914,2025-01-23,Absent,0.0,0.0
18347,914,2025-05-22,Absent,0.0,0.0
18348,914,2025-09-10,present,8.8,0.0
18349,914,2025-08-04,Present,9.2,0.0
18350,914,22/01/2025,PRESENT,8.9,3.7
18351,914,2025-01-10,Present,8.1,0.0
18352,914,2025-03-04,Present,9.3,0.0
18353,914,26-Nov-2025,Present,8.6,0.0
18354,914,2025-05-03,Present,9.2,0.0
18355,914,2025-04-16,Present,7.1,0.0
18356,914,23/10/2025,Absent,0.0,0.0
18357,914,2025-01-29,Absent,0.0,0.0
18358,914,2025-10-29,Present,8.6,0.0
18359,914,2025-04-26,Absent,0.0,0.0
18360,914,2025-06-13,Present,9.1,0.0
18361,914,2025-06-29,Present,7.4,2.8
18362,914,2025-01-10,Present,9.1,0.0
18363,914,2025-06-23,Present,7.7,1.9
18364,914,2025-12-20,Late,6.2,0.0
18365,914,2025-04-25,Present,8.3,0.0
18366,914,2025-04-09,Present,7.1,0.0
18367,915,03/10/2025,Present,7.2,0.0
18368,915,02/10/2025,Present,7.3,0.0
18369,915,2025-02-23,Present,7.7,0.0
18370,915,2025-02-14,Present,7.6,0.0
18371,915,13-Dec-2025,Present,8.9,2.5
18372,915,08/06/2025,Present,8.9,0.0
18373,915,2025-07-26,Present,7.2,0.0
18374,915,2025-08-21,Late,6.0,0.0
18375,915,2025-08-18,Present,7.8,0.0
18376,915,2025-09-07,Present,9.1,3.0
18377,915,05/08/2025,Present,9.2,0.0
18378,915,2025-06-27,Present,7.1,0.0
18379,916,2025-10-17, Present,8.8,0.0
18380,916,2025-10-23,Present,8.4,0.0
18381,916,2025-10-01,Late,7.0,0.0
18382,916,28/11/2025,Present,8.3,0.0
18383,916,2025-08-03,Present,8.4,0.0
18384,916,2025-11-03,Present,7.1,0.0
18385,916,2025-01-01, Present,8.7,1.5
18386,916,01-Mar-2025,Present,7.0,0.0
18387,916,2025-07-18,Absent,0.0,0.0
18388,916,2025-07-04,Present,7.2,0.0
18389,916,2025-02-21,Absent,0.0,0.0
18390,916,2025-10-12,Leave,0.0,0.0
18391,916,2025-10-23,Late,7.4,1.7
18392,917,2025-01-09,Present,9.2,0.0
18393,917,09/08/2025,Present,9.4,0.0
18394,917,2025-05-02,Late,7.3,0.0
18395,917,2025-04-25,Present,9.2,0.0
18396,917,2025-04-12,Leave,0.0,0.0
18397,917,2025-05-15,PRESENT,9.2,0.0
18398,918,2025-03-10,present,7.7,0.0
18399,918,2025-10-24,Absent,0.0,0.0
18400,918,2025-12-18,Present,7.4,0.0
18401,918,2025-06-13,Present,8.6,0.0
18402,918,2025-04-22,Present,8.2,0.0
18403,918,21-May-2025,Present,7.2,0.0
18404,918,05-24-2025,Present,8.7,0.0
18405,918,2025-01-15,Present,8.4,0.0
18406,918,2025-10-18,Present,9.2,0.0
18407,918,2025-03-20,Present,8.5,0.0
18408,918,04-May-2025,Absent,0.0,0.0
18409,918,2025-04-12,Present,8.4,0.0
18410,918,2025-01-31,Present,8.1,0.0
18411,918,2025-08-24,PRESENT,8.2,0.0
18412,918,2025-05-06,Present,9.4,0.0
18413,918,2025-02-19,Present,7.3,
18414,918,2025-09-17,Present,8.1,0.0
18415,918,2025-05-29,Present,8.6,0.0
18416,918,2025-05-03,Present,8.1,0.0
18417,918,2025-04-06,Present,7.7,0.0
18418,919,2025-08-20,Present,7.7,0.0
18419,919,15/08/2025,Present,7.6,0.0
18420,919,2025-01-25,Present,7.9,0.0
18421,919,2025-11-17,Present,9.2,
18422,919,2025-09-14,Absent,0.0,0.0
18423,919,2025-10-13,Absent,0.0,
18424,919,06-Dec-2025,Present,7.6,0.0
18425,919,2025-09-09,Present,8.0,0.9
18426,919,04/01/2025,Absent,0.0,0.0
18427,919,2025-01-23,Absent,0.0,0.0
18428,919,2025-09-09,Present,9.3,0.0
18429,919,2025-09-13,Late,5.7,0.0
18430,919,2025-05-14,Absent,0.0,0.0
18431,919,2025-11-17,Present,9.5,0.0
18432,919,2025-11-24,PRESENT,7.9,3.4
18433,919,2025-02-01,Absent,0.0,0.0
18434,919,2025-01-08,Present,7.6,0.8
18435,919,03-May-2025,Absent,0.0,0.0
18436,919,2025-12-18,Present,7.1,0.0
18437,919,2025-05-22,Present,8.5,0.0
18438,919,05-11-2025,Present,7.8,2.1
18439,919,2025-05-07,Present,9.0,0.0
18440,919,2025-10-20,Absent,0.0,0.0
18441,919,2025-07-01,Present,7.6,0.0
18442,920,2025-02-09,Present,,0.0
18443,920,2025-09-09,Present,9.1,0.0
18444,920,08/05/2025,Present,8.2,0.0
18445,920,2025-05-28,Present,9.1,1.8
18446,920,2025-06-08,Present,8.0,0.0
18447,920,2025-02-20,Present,7.4,0.0
18448,920,2025-10-07,Present,9.3,0.0
18449,920,2025-07-23,Present,9.2,0.0
18450,920,2025-08-15,Present,9.5,
18451,920,2025-11-19,Present,8.0,3.4
18452,920,2025-09-21,Present,8.0,0.0
18453,920,2025-03-02,Present,8.1,0.0
18454,920,2025-11-08,Present,9.1,0.0
18455,920,2025-04-25,Present,7.4,
18456,920,2025-03-09,Present,7.6,0.0
18457,921,2025-08-05,Late,5.4,0.0
18458,921,2025-11-22,Present,9.0,0.0
18459,921,2025-10-06,Present,7.9,1.8
18460,921,2025-07-26,Present,9.5,0.0
18461,921,2025-03-02,Present,8.0,0.0
18462,921,2025-10-18,Present,7.6,0.0
18463,921,23/08/2025,Present,8.6,0.0
18464,921,2025-12-12,present,9.0,0.0
18465,921,2025-08-06,Present,7.2,0.0
18466,921,2025-08-22,Present,8.5,0.0
18467,921,2025-10-03,Present,7.1,0.0
18468,921,2025-11-02,Present,8.3,0.0
18469,921,2025-06-13,Present,7.6,0.0
18470,921,2025-09-09,Present,7.8,0.0
18471,921,2025-12-07,Present,8.2,0.0
18472,921,2025-01-09,Absent,0.0,0.0
18473,921,2025-08-25,Present,9.3,0.0
18474,921,2025-07-30,Present,8.8,0.0
18475,921,2025-05-08,Present,9.3,0.0
18476,921,2025-04-25,Present,8.6,0.0
18477,921,25/05/2025,PRESENT,7.0,0.0
18478,921,2025-03-31,Present,7.7,0.0
18479,921,27-Jul-2025,Present,9.3,0.0
18480,921,2025-08-17,Present,8.6,0.0
18481,921,2025-07-08,Present,9.5,0.0
18482,921,2025-07-04,Late,5.0,0.0
18483,921,2025-04-18,Late,5.4,0.0
18484,921,2025-01-02,PRESENT,7.9,0.0
18485,921,2025-08-13,Present,7.8,0.0
18486,921,2025-11-18,Present,7.6,0.0
18487,921,2025-03-26,Present,8.1,0.0
18488,921,03-22-2025,Present,8.6,0.0
18489,921,2025-06-20,Present,7.8,0.0
18490,921,2025-09-13,Present,7.2,
18491,922,01-29-2025,Present,8.8,0.0
18492,922,2025-09-13,Present,8.1,2.4
18493,922,2025-11-03,Present,8.1,0.0
18494,922,12-22-2025,Present,,0.0
18495,922,2025-01-06,Present,8.4,0.0
18496,922,2025-12-06,Present,9.3,0.0
18497,923,2025-05-25,Absent,0.0,
18498,923,2025-06-06,Late,6.0,1.5
18499,923,2025-09-09,Late,5.6,0.0
18500,923,2025-01-02,Present,8.3,0.0
18501,923,2025-05-27,Present,8.3,0.0
18502,923,2025-03-05,Absent,0.0,0.0
18503,923,2025-08-14,Present,8.7,0.0
18504,923,2025-11-09,Present,7.6,0.0
18505,923,2025-10-27,Leave,0.0,0.0
18506,923,05-12-2025,Absent,0.0,0.0
18507,923,2025-07-11,Present,8.6,0.0
18508,923,2025-01-25,Present,8.9,0.0
18509,923,2025-08-02,Present,8.7,0.0
18510,923,2025-12-22,Present,8.2,0.0
18511,923,2025-04-02,Absent,0.0,0.0
18512,923,2025-09-16,PRESENT,9.5,0.0
18513,924,2025-12-07,Present,8.0,0.9
18514,924,2025-05-07,Late,7.0,1.2
18515,924,2025-07-23,Present,8.8,1.1
18516,924,2025-12-13,Present,7.0,1.1
18517,924,08-27-2025,Late,5.6,0.9
18518,924,18/05/2025,Present,7.5,0.0
18519,924,2025-10-21,Present,8.9,0.0
18520,924,2025-01-24,Present,8.9,3.4
18521,924,2025-09-22,Present,9.1,0.0
18522,924,2025-12-09,Present,8.1,3.5
18523,924,02-10-2025,Present,8.3,0.0
18524,924,2025-10-26,Present,8.2,3.0
18525,924,2025-01-18,Present,7.5,0.0
18526,924,2025-02-25,Present,9.0,0.0
18527,924,2025-08-31,Present,8.1,0.9
18528,924,2025-09-05,PRESENT,7.3,0.0
18529,924,2025-02-15,Present,7.4,0.0
18530,924,2025-06-26,Present,9.2,0.0
18531,924,04/04/2025,Present,9.5,0.0
18532,924,2025-06-24, Present,7.9,1.5
18533,924,04/06/2025,Present,7.5,3.4
18534,925,2025-12-02,Late,5.1,0.0
18535,925,2025-12-20,Absent,0.0,0.0
18536,925,2025-04-13,Absent,0.0,0.0
18537,925,2025-07-30,Present,9.3,0.0
18538,925,2025-06-20,Absent,0.0,0.0
18539,925,2025-08-17,Present,8.7,0.0
18540,925,2025-06-16,Absent,0.0,0.0
18541,925,2025-06-12,Present,9.2,2.4
18542,925,2025-10-18,Absent,0.0,0.0
18543,925,2025-07-07,Absent,0.0,0.0
18544,925,2025-05-13,Present,8.7,0.0
18545,925,2025-11-30, Leave,0.0,0.0
18546,925,2025-08-07,Present,8.5,0.0
18547,925,2025-12-14,Present,9.1,0.0
18548,925,2025-02-20,Present,9.1,0.0
18549,925,03/02/2025,Absent,0.0,0.0
18550,925,2025-06-25,Absent,0.0,0.0
18551,925,2025-05-22,present,8.5,0.0
18552,925,2025-10-26,Absent,0.0,0.0
18553,925,2025-06-11,Absent,0.0,0.0
18554,926,2025-01-13,Present,8.6,0.0
18555,926,2025-04-11,Present,9.3,0.0
18556,926,2025-02-08,Present,9.3,0.0
18557,926,07-13-2025,Present,8.7,0.0
18558,926,2025-11-04,Present,7.0,0.0
18559,926,2025-07-26,Present,7.3,
18560,926,2025-04-15,Late,7.1,0.0
18561,926,2025-01-26,Absent,0.0,0.0
18562,926,2025-11-13,Present,7.2,1.2
18563,926,2025-03-30,Present,7.6,0.0
18564,927,2025-05-24,Present,8.5,0.0
18565,927,2025-09-22,Absent,0.0,0.0
18566,927,2025-08-30,Present,8.4,0.0
18567,927,2025-10-15,Absent,0.0,0.0
18568,927,2025-03-23,Present,7.7,0.0
18569,927,2025-11-07,Absent,0.0,0.0
18570,927,2025-07-16,Present,7.5,0.0
18571,927,13-Dec-2025,Present,8.9,0.0
18572,927,2025-05-05,Present,9.3,0.0
18573,927,2025-03-07,ABSENT,0.0,0.0
18574,927,2025-04-23,Absent,0.0,0.0
18575,927,10-Oct-2025,Leave,0.0,0.0
18576,927,2025-09-08,Present,7.1,1.0
18577,927,2025-12-22,Present,8.6,0.0
18578,927,2025-12-29,Absent,0.0,0.0
18579,927,10-21-2025,Present,9.0,3.3
18580,927,2025-04-19,Absent,0.0,0.0
18581,928,2025-01-14,Leave,0.0,0.0
18582,928,2025-05-03,Present,8.8,3.6
18583,928,04-19-2025,Present,7.5,0.0
18584,928,2025-11-15,Absent,0.0,0.0
18585,928,2025-07-06,Absent,0.0,0.0
18586,928,2025-09-10,Present,7.3,0.0
18587,928,2025-07-24,Absent,0.0,0.0
18588,928,2025-10-21,Present,8.5,0.0
18589,928,2025-02-13,Absent,0.0,0.0
18590,928,2025-03-14,Present,9.1,0.0
18591,928,2025-03-18,Absent,0.0,0.0
18592,928,2025-12-27,Absent,0.0,0.0
18593,928,2025-03-04,Absent,0.0,0.0
18594,928,2025-04-18,Late,6.2,
18595,928,2025-07-11,Absent,0.0,0.0
18596,928,2025-08-10,Absent,0.0,0.0
18597,928,2025-10-06,Present,9.0,0.0
18598,928,06-09-2025,Present,8.8,0.0
18599,928,2025-11-21,Absent,0.0,0.0
18600,928,05-20-2025,Present,7.2,0.0
18601,928,2025-12-21,Absent,0.0,0.0
18602,928,2025-05-10,Absent,0.0,0.0
18603,928,2025-08-17,Present,7.3,3.2
18604,928,2025-08-08,Present,7.5,0.0
18605,929,2025-11-09,Present,7.1,3.7
18606,929,2025-11-30,Absent,0.0,0.0
18607,929,2025-05-27,Present,9.2,0.0
18608,929,2025-02-19,Present,7.5,0.0
18609,929,2025-11-03,PRESENT,9.0,0.0
18610,929,2025-08-09,Present,7.1,0.0
18611,929,2025-12-23,Present,7.7,0.0
18612,929,2025-11-24,Present,8.6,0.0
18613,929,03-14-2025,Present,8.9,0.0
18614,929,2025-03-13,PRESENT,7.0,0.0
18615,929,2025-08-10,Late,5.5,0.0
18616,929,2025-10-12,Present,7.5,0.0
18617,929,2025-02-10,Absent,0.0,0.0
18618,929,09/05/2025,Absent,0.0,0.0
18619,929,2025-06-25,Present,9.5,0.0
18620,929,09-06-2025,Present,8.7,0.0
18621,929,2025-09-02,Present,8.0,0.8
18622,929,13-May-2025,Present,8.5,0.0
18623,929,08-15-2025,Present,8.6,0.0
18624,929,18-May-2025,Absent,0.0,0.0
18625,929,2025-06-26,Present,9.0,0.0
18626,929,2025-01-18,Present,7.7,0.0
18627,929,2025-06-29,Late,7.4,0.0
18628,929,2025-11-20,Absent,0.0,0.0
18629,929,2025-06-03,Present,8.1,0.0
18630,929,2025-04-29,Present,7.7,0.0
18631,929,2025-10-23,Present,7.9,0.0
18632,929,2025-01-03,Present,8.3,0.0
18633,929,06-Nov-2025,Present,9.3,0.0
18634,929,2025-05-16,Present,,0.0
18635,929,2025-03-03,Present,8.4,0.0
18636,929,2025-01-15,Present,7.4,0.0
18637,929,2025-06-27,Present,7.4,2.3
18638,930,28-Dec-2025,Present,8.8,0.0
18639,930,2025-01-14,Present,8.9,0.0
18640,930,2025-08-18,Present,7.6,
18641,930,2025-11-10,Present,8.0,0.0
18642,930,2025-09-01,Absent,0.0,0.0
18643,930,09-23-2025,Leave,0.0,0.0
18644,930,2025-03-08,Present,9.3,0.0
18645,930,2025-09-23, Present,8.4,0.0
18646,930,14/12/2025,Late,5.5,0.0
18647,930,2025-08-06,Present,7.8,0.0
18648,930,2025-10-14,Present,7.3,0.0
18649,930,11-Jan-2025,Present,8.2,0.0
18650,930,2025-01-03,Present,9.0,0.0
18651,930,2025-04-04,Late,7.4,2.3
18652,930,2025-03-08,Present,7.4,0.0
18653,930,2025-01-03,Present,8.7,0.0
18654,930,2025-05-21,Present,8.9,0.0
18655,930,06-26-2025,Present,7.2,0.0
18656,930,2025-02-11,Late,7.1,0.0
18657,930,2025-09-08,Present,9.1,0.0
18658,930,2025-10-28,Present,8.2,0.0
18659,930,2025-03-27, Present,8.4,3.0
18660,930,2025-12-11,Present,8.7,0.0
18661,930,2025-11-03,Present,7.0,
18662,930,2025-07-04,Present,7.3,0.0
18663,930,20/10/2025,present,7.4,0.0
18664,930,07-May-2025,Present,8.9,0.0
18665,930,2025-12-08,Leave,0.0,0.0
18666,931,2025-04-19,Present,8.1,0.0
18667,931,04-29-2025,Present,8.4,0.0
18668,931,01-26-2025,Present,8.9,0.0
18669,931,2025-08-28,Present,7.9,3.1
18670,931,2025-04-30,Present,8.1,0.0
18671,931,2025-09-09,Late,5.6,0.0
18672,931,07-14-2025,Present,7.8,3.9
18673,931,2025-07-15,Absent,0.0,0.0
18674,931,2025-09-19,Present,8.9,0.0
18675,931,2025-10-27,Present,7.1,0.0
18676,931,2025-12-12,Late,7.4,0.0
18677,931,2025-07-03,Late,6.8,0.0
18678,931,2025-11-27,Present,7.4,0.0
18679,931,2025-07-16,Present,7.2,1.6
18680,931,21/10/2025,Present,8.6,0.0
18681,931,2025-12-20,Present,8.5,0.0
18682,931,2025-02-26,Late,5.3,0.0
18683,931,2025-07-11,PRESENT,8.1,0.0
18684,931,2025-05-01,Present,7.5,0.0
18685,932,2025-09-14,present,7.1,0.0
18686,932,2025-03-06,Present,8.3,0.0
18687,932,2025-12-06,Present,7.9,0.0
18688,932,16/03/2025,Present,8.4,0.0
18689,932,17/09/2025,Late,7.3,0.0
18690,932,2025-05-18,Present,7.4,0.0
18691,932,2025-10-16,Present,7.0,0.0
18692,932,2025-10-04, Present,7.2,0.0
18693,932,2025-09-09,Absent,0.0,0.0
18694,933,2025-06-09,Present,8.2,0.0
18695,933,2025-04-05,Present,8.8,0.0
18696,933,2025-10-18,PRESENT,8.5,0.0
18697,933,2025-12-11,Present,8.2,0.0
18698,933,2025-06-15,Present,7.9,1.6
18699,933,2025-10-25,Absent,0.0,0.0
18700,933,2025-12-10,Present,7.9,
18701,933,2025-01-23,Present,8.5,1.1
18702,933,2025-02-12,Present,8.9,
18703,933,25-Jan-2025,Absent,0.0,0.0
18704,933,2025-04-07,Absent,0.0,0.0
18705,933,2025-04-25,Present,8.4,0.0
18706,933,2025-02-28,Present,7.7,0.0
18707,933,2025-04-14,Absent,0.0,0.0
18708,933,2025-06-23,Present,8.3,3.9
18709,933,2025-06-14,present,7.1,
18710,933,2025-10-06,Present,7.5,0.0
18711,933,2025-05-07,Present,8.1,2.7
18712,934,2025-12-04,Present,7.5,0.0
18713,934,05/10/2025,Present,9.3,0.0
18714,934,2025-02-02, Present,8.6,3.6
18715,934,2025-03-01,Late,5.5,0.0
18716,934,2025-09-25,Present,9.1,0.0
18717,934,2025-06-23,Present,7.9,0.0
18718,934,2025-02-28,Present,7.6,
18719,934,2025-07-17,Present,9.3,0.0
18720,934,02-Mar-2025,Present,7.2,0.0
18721,934,2025-12-01,Present,9.4,0.0
18722,934,2025-03-03,Present,8.1,4.0
18723,934,2025-08-19,Present,8.3,3.2
18724,934,2025-01-01,Present,7.0,0.0
18725,934,2025-01-30,Present,8.2,0.0
18726,934,2025-01-03,Present,8.8,0.0
18727,934,2025-03-26,Present,9.0,0.0
18728,934,2025-05-01,Present,7.4,0.0
18729,934,2025-05-16,present,8.0,0.0
18730,934,2025-06-10,Late,5.8,0.0
18731,934,11-17-2025,Present,7.3,2.1
18732,935,2025-10-24,Present,9.0,0.0
18733,935,2025-06-19,Present,7.8,2.0
18734,935,2025-08-19,Present,9.4,0.0
18735,935,2025-05-03,Late,4.6,0.0
18736,935,2025-01-21,Present,8.5,0.0
18737,935,2025-05-19,late,6.7,0.0
18738,935,2025-10-01,Present,8.9,0.0
18739,935,05-26-2025,Present,8.8,3.0
18740,935,2025-01-24,Present,7.1,2.4
18741,935,03-Jan-2025,Leave,0.0,0.0
18742,935,2025-06-16,Late,6.8,0.0
18743,935,2025-11-05,Present,7.2,0.0
18744,935,2025-04-08,Absent,0.0,0.0
18745,935,2025-08-29,Present,7.0,0.0
18746,936,2025-07-19,Present,9.0,0.0
18747,936,2025-12-25,Absent,0.0,0.0
18748,936,2025-01-25,Late,6.6,1.9
18749,936,16-Oct-2025,Present,9.4,0.0
18750,936,02-Dec-2025,Present,8.9,0.0
18751,936,09-22-2025,Absent,0.0,0.0
18752,936,2025-07-12,Late,7.4,3.8
18753,936,2025-02-23,Late,5.9,0.0
18754,936,2025-02-20,Absent,0.0,0.0
18755,936,2025-06-16,PRESENT,8.9,0.0
18756,936,14/01/2025,PRESENT,8.7,0.0
18757,936,2025-09-13,ABSENT,0.0,
18758,936,2025-05-20,Absent,0.0,0.0
18759,936,2025-07-02,Present,9.0,0.0
18760,936,2025-04-07,Absent,0.0,0.0
18761,936,2025-07-06,PRESENT,9.0,0.0
18762,936,17/07/2025,Present,7.4,0.0
18763,936,2025-10-17,Present,7.6,0.0
18764,936,25/08/2025,Present,7.7,3.4
18765,936,2025-03-17,Present,9.0,0.0
18766,936,2025-10-08,Present,8.2,2.5
18767,936,2025-08-29,Present,9.1,0.0
18768,936,10-13-2025,Present,7.8,0.0
18769,936,27/12/2025,PRESENT,7.1,0.0
18770,936,2025-01-31,Absent,0.0,0.0
18771,936,08-26-2025,Absent,0.0,0.0
18772,937,04-22-2025,Absent,0.0,0.0
18773,937,2025-11-18,Present,8.2,3.7
18774,937,2025-08-05,Late,6.9,0.0
18775,937,2025-03-30,Present,7.9,0.0
18776,937,06/10/2025,Late,4.7,0.0
18777,937,2025-11-15,Present,8.6,0.0
18778,937,2025-08-14,PRESENT,9.1,2.8
18779,937,2025-07-05,Present,8.1,
18780,937,2025-08-19,Present,7.3,0.0
18781,938,2025-06-09,Absent,0.0,0.0
18782,938,2025-07-19,Present,9.3,0.0
18783,938,10-Jan-2025,Absent,0.0,0.0
18784,938,04-Dec-2025,Present,7.7,0.0
18785,938,2025-06-26,Present,7.6,0.0
18786,938,2025-06-11,Present,9.0,0.0
18787,938,2025-05-12,Present,9.5,0.0
18788,938,2025-06-04,Present,8.7,0.0
18789,938,2025-12-07,present,8.6,0.0
18790,938,2025-11-01,PRESENT,7.8,0.0
18791,939,2025-11-12,Absent,0.0,0.0
18792,939,04-Feb-2025,Present,7.1,0.0
18793,939,2025-05-16,Absent,0.0,0.0
18794,939,2025-10-28,Present,7.5,0.0
18795,939,2025-11-27,ABSENT,0.0,0.0
18796,939,2025-10-20,Absent,0.0,0.0
18797,939,2025-11-29,Present,8.5,0.0
18798,939,26-Feb-2025,Absent,0.0,0.0
18799,939,2025-05-07,Late,5.0,0.0
18800,939,22/08/2025,Present,9.2,0.0
18801,939,2025-04-22,Present,7.5,0.0
18802,940,12-11-2025,Absent,0.0,0.0
18803,940,2025-07-26,Present,8.3,0.0
18804,940,2025-07-02,Present,8.3,0.0
18805,940,2025-11-26,Present,8.5,1.6
18806,940,2025-05-04,Absent,0.0,0.0
18807,940,2025-06-14,Present,9.2,0.0
18808,940,2025-01-05,Present,8.1,0.0
18809,940,10-13-2025,Absent,0.0,0.0
18810,940,09/03/2025, Present,8.8,0.0
18811,940,2025-08-31,Present,8.6,0.0
18812,940,2025-04-25,Present,7.3,
18813,940,16/11/2025,Present,8.6,0.0
18814,941,2025-02-22,Present,8.4,0.0
18815,941,2025-08-24,Absent,0.0,0.0
18816,941,2025-08-03,Leave,0.0,0.0
18817,941,2025-04-16,Present,9.2,0.0
18818,941,2025-04-28,Late,7.1,0.0
18819,941,2025-01-01,Absent,0.0,0.0
18820,941,2025-11-19,Present,7.4,0.0
18821,941,2025-08-02,Late,4.7,0.0
18822,941,15/04/2025,Absent,0.0,0.0
18823,941,2025-08-11,Absent,0.0,0.0
18824,941,2025-06-21,Present,7.7,0.0
18825,941,2025-03-11,Present,9.5,0.0
18826,941,03-Jan-2025,Absent,0.0,0.0
18827,941,2025-10-10,Absent,0.0,0.0
18828,941,2025-04-14,Present,7.1,0.0
18829,941,2025-11-26,Present,8.7,2.6
18830,941,2025-03-27,Absent,0.0,0.0
18831,941,2025-12-17,Absent,0.0,0.0
18832,941,22-May-2025,Present,8.6,0.0
18833,941,2025-07-24,Present,7.5,0.0
18834,941,2025-08-21,Absent,0.0,0.0
18835,941,2025-07-10,Absent,0.0,0.0
18836,941,2025-02-27,Present,7.6,0.0
18837,941,2025-06-01,Present,8.1,
18838,941,08-01-2025,Absent,0.0,0.0
18839,941,12-Oct-2025,Present,7.2,0.0
18840,941,2025-12-18,Absent,0.0,0.0
18841,941,2025-09-18,Absent,0.0,0.0
18842,941,2025-05-02,Absent,0.0,0.0
18843,942,2025-05-28,Present,7.2,0.8
18844,942,2025-03-18,Present,8.4,0.0
18845,942,28-Oct-2025,Present,8.0,0.0
18846,942,2025-09-24,Present,7.7,1.6
18847,942,2025-07-16,Present,7.5,0.0
18848,942,25/01/2025,Present,8.0,1.2
18849,942,2025-02-19,PRESENT,8.7,0.0
18850,942,2025-09-20,Absent,0.0,0.0
18851,943,2025-01-02,Absent,0.0,0.0
18852,943,2025-03-21,Present,7.3,3.8
18853,943,2025-12-25,Present,7.2,0.0
18854,943,2025-06-21,Present,9.4,0.0
18855,943,2025-12-11,Absent,0.0,0.0
18856,943,03-10-2025,Present,9.1,0.0
18857,943,2025-02-21,Late,,0.0
18858,943,2025-04-08,Present,9.3,0.0
18859,943,2025-05-29,ABSENT,0.0,0.0
18860,943,2025-11-30,Absent,0.0,0.0
18861,943,2025-10-22,Present,7.3,0.0
18862,943,06-05-2025,Present,7.4,0.0
18863,943,2025-06-25,Present,7.6,0.0
18864,944,2025-08-12,Present,7.6,0.0
18865,944,2025-12-31,Present,7.8,0.0
18866,944,2025-07-30,Present,8.4,0.6
18867,944,2025-09-06,late,5.6,1.4
18868,944,2025-04-27,Present,8.5,0.0
18869,944,2025-09-03,Present,9.5,2.3
18870,944,2025-08-16,Present,8.1,0.0
18871,944,2025-11-13,Present,,0.0
18872,944,2025-01-03,Absent,0.0,0.0
18873,944,03-08-2025,Leave,0.0,0.0
18874,944,2025-04-02,Late,6.9,0.0
18875,944,2025-08-19,Late,4.7,0.0
18876,944,2025-06-09,Present,9.4,0.0
18877,944,2025-04-09,Present,8.0,
18878,944,2025-12-22,Present,7.8,3.9
18879,944,2025-11-03,Present,9.3,0.0
18880,944,2025-03-23,Present,8.6,0.6
18881,944,12-Jun-2025,Late,6.7,
18882,944,24/03/2025,Present,7.8,0.0
18883,944,12/11/2025,Present,8.0,0.0
18884,944,2025-01-29,Present,7.4,0.0
18885,944,2025-11-19,Present,8.3,3.1
18886,944,12-24-2025,Present,7.7,0.0
18887,944,17-Feb-2025,Present,9.3,0.0
18888,944,2025-12-22,Present,7.5,0.0
18889,944,2025-01-21,Absent,0.0,0.0
18890,944,11-10-2025,present,7.2,2.8
18891,944,2025-12-15,Present,9.1,0.0
18892,944,2025-01-25,Present,9.4,0.0
18893,944,2025-01-24,PRESENT,8.9,0.0
18894,944,07-18-2025,Present,7.5,0.0
18895,944,2025-07-25,Present,9.4,3.7
18896,944,2025-04-13,PRESENT,7.4,0.0
18897,945,2025-04-18,Present,8.4,0.0
18898,945,2025-03-11,Present,8.4,0.0
18899,945,29/09/2025,Present,8.1,0.0
18900,945,2025-04-04,Present,9.5,0.7
18901,945,06-24-2025,Present,8.6,0.0
18902,945,2025-05-18,Present,7.5,0.0
18903,945,2025-01-12,Present,8.3,0.0
18904,945,2025-11-03,Present,8.9,0.0
18905,945,2025-07-02,Present,7.6,0.0
18906,945,2025-06-11,Present,8.0,0.0
18907,945,2025-11-02,PRESENT,9.4,0.0
18908,945,2025-02-21,Present,8.9,0.0
18909,945,2025-02-07,Late,6.2,0.0
18910,945,2025-06-01,Present,7.6,0.0
18911,945,2025-08-21,Present,,0.0
18912,945,2025-02-03,Present,8.9,0.0
18913,945,2025-09-18,Present,9.1,0.0
18914,945,2025-10-06,Present,7.6,2.8
18915,945,2025-03-22,Late,4.8,0.0
18916,946,2025-05-17,Present,7.1,0.0
18917,946,29-May-2025,Late,6.1,0.0
18918,946,2025-12-08,Present,7.6,0.0
18919,946,2025-09-26,Present,7.2,0.0
18920,946,2025-11-14,Present,8.8,0.0
18921,946,2025-06-04,Present,8.2,3.3
18922,946,2025-05-15,Absent,0.0,0.0
18923,946,2025-11-19,Present,8.7,3.1
18924,946,2025-10-28,Absent,0.0,0.0
18925,946,2025-03-09,Present,7.8,1.4
18926,946,2025-02-02,Absent,0.0,0.0
18927,946,2025-10-24,Absent,0.0,0.0
18928,946,2025-04-30,Present,8.5,1.2
18929,946,26/07/2025,Present,9.0,0.0
18930,946,01-Mar-2025,present,8.3,1.3
18931,946,2025-11-04,Present,8.6,0.0
18932,946,2025-11-23,Present,9.4,0.0
18933,946,2025-10-20,Present,7.2,0.0
18934,946,2025-08-15,Absent,0.0,0.0
18935,946,2025-01-06,Present,7.3,0.0
18936,946,2025-08-14,Present,9.1,0.0
18937,946,2025-01-31,Present,7.3,0.0
18938,946,2025-08-24,Present,,0.0
18939,946,2025-11-10,Present,7.9,0.0
18940,946,24-Jul-2025,Present,8.2,0.0
18941,946,2025-09-03,Present,8.4,0.0
18942,946,19-Apr-2025,Present,8.3,0.0
18943,946,2025-02-14,Present,9.3,0.0
18944,947,2025-10-26,Present,8.9,
18945,947,2025-03-22,Present,9.5,0.0
18946,947,2025-02-12,Present,8.2,0.0
18947,947,2025-06-14,ABSENT,0.0,0.0
18948,947,2025-05-01,Present,7.2,0.0
18949,947,2025-11-23,Present,9.4,0.0
18950,947,2025-07-05,Absent,0.0,0.0
18951,947,2025-09-18,Absent,0.0,0.0
18952,947,2025-02-18,Present,7.0,0.0
18953,947,2025-03-10,Present,8.9,0.0
18954,947,2025-07-22,Present,7.1,0.0
18955,947,2025-03-24,Absent,0.0,0.0
18956,947,2025-12-28,Present,8.9,0.0
18957,947,2025-12-12, Present,9.3,0.0
18958,947,2025-06-08,Late,5.7,0.0
18959,947,2025-03-05,Present,7.6,0.0
18960,947,2025-07-05,Present,7.6,0.0
18961,947,2025-06-29,Absent,0.0,0.0
18962,947,2025-05-18,Present,8.2,0.0
18963,947,2025-04-15,Present,7.4,2.9
18964,947,13-May-2025,Present,7.9,0.0
18965,947,2025-10-06,Leave,0.0,0.0
18966,947,2025-06-16,Present,7.8,0.0
18967,947,2025-02-15,Absent,0.0,0.0
18968,947,14/03/2025,Absent,0.0,0.0
18969,947,2025-11-12,Present,8.2,0.0
18970,947,2025-11-28,Present,8.4,0.0
18971,947,2025-02-21,late,4.9,3.0
18972,947,2025-01-28,Present,9.2,0.0
18973,947,2025-05-06,ABSENT,0.0,0.0
18974,947,2025-10-21,Present,7.7,
18975,947,2025-01-13,Present,7.5,0.0
18976,948,2025-12-01,Present,8.9,
18977,948,2025-01-21,Absent,0.0,0.0
18978,948,2025-06-08,Present,7.5,0.0
18979,948,2025-08-07,Present,7.1,0.0
18980,948,2025-08-13,Absent,0.0,0.0
18981,948,2025-12-15,Present,8.5,0.0
18982,948,23/12/2025,Present,7.6,0.0
18983,948,07-13-2025,Present,7.4,0.0
18984,948,01-31-2025,Present,9.5,1.5
18985,948,2025-01-04,Present,9.3,0.0
18986,948,2025-09-04,Present,7.4,0.0
18987,948,2025-05-31,Present,9.0,0.0
18988,948,2025-07-07,Present,8.3,0.0
18989,948,2025-10-30,Absent,0.0,0.0
18990,948,2025-03-01,Absent,0.0,0.0
18991,948,22/04/2025,Present,7.2,0.0
18992,948,27/01/2025,Absent,0.0,0.0
18993,948,2025-06-23,Late,6.7,0.0
18994,948,2025-04-12,Present,9.2,0.0
18995,948,2025-08-08,Present,7.4,0.0
18996,948,2025-08-07, Present,8.8,0.0
18997,949,11-Aug-2025,Present,8.1,3.1
18998,949,2025-11-19,Late,6.6,0.0
18999,949,2025-04-04,Late,4.6,0.0
19000,949,2025-05-14,Present,7.4,0.0
19001,949,2025-12-24,Present,8.2,3.8
19002,949,2025-06-27, Present,7.9,0.0
19003,949,2025-03-25,Late,6.4,0.0
19004,949,2025-11-29,Present,7.0,0.0
19005,949,2025-10-10,Present,8.8,0.0
19006,949,2025-06-30,Present,8.5,0.0
19007,949,2025-11-02,PRESENT,8.8,0.0
19008,949,06-30-2025,Present,9.3,0.0
19009,949,20-Jul-2025, Absent,0.0,0.0
19010,949,2025-03-23, Late,4.9,
19011,949,2025-05-25,Present,7.7,0.0
19012,949,2025-10-24,Late,7.5,0.0
19013,949,2025-09-30,Present,7.4,0.0
19014,949,2025-12-31,Present,8.8,0.0
19015,949,2025-09-16,Present,8.8,2.9
19016,949,2025-01-16,Present,7.6,0.0
19017,949,2025-04-03,Present,7.5,0.0
19018,949,2025-06-09,Present,8.7,1.2
19019,949,2025-03-31,Present,8.7,0.0
19020,949,2025-08-06,LATE,,0.0
19021,949,2025-02-18,Present,8.0,0.0
19022,949,30/04/2025,Present,7.8,3.8
19023,949,2025-11-23,Late,6.0,0.0
19024,949,2025-12-28,Late,6.2,3.8
19025,949,2025-12-04,Present,8.6,0.0
19026,949,2025-06-28,Absent,0.0,0.0
19027,949,2025-11-29,Present,9.4,0.0
19028,949,01-03-2025,Present,7.3,0.0
19029,950,2025-11-11,Present,9.1,0.0
19030,950,2025-08-15,late,5.5,0.0
19031,950,2025-02-12,Absent,0.0,0.0
19032,950,2025-05-15,Late,6.9,0.0
19033,950,2025-06-28,Present,9.1,1.5
19034,950,07-03-2025,Present,8.0,0.0
19035,950,2025-06-01,Present,8.8,0.0
19036,950,2025-05-25,Present,7.2,0.0
19037,950,2025-06-07,Late,6.8,0.9
19038,950,2025-01-04,Present,9.3,0.0
19039,950,09-23-2025,Late,5.3,0.0
19040,950,2025-06-28,Present,8.4,0.9
19041,950,24-Dec-2025,Present,7.7,0.0
19042,950,2025-03-24,Absent,0.0,0.0
19043,950,2025-02-28,Present,8.0,0.0
19044,950,2025-11-20, Present,8.2,0.5
19045,950,2025-02-02,Absent,0.0,0.0
19046,950,2025-09-26,Absent,0.0,0.0
19047,950,2025-01-08,Absent,0.0,0.0
19048,950,02-Sep-2025,Present,9.2,0.0
19049,950,2025-04-28,ABSENT,0.0,
19050,950,2025-11-16,Present,7.0,0.0
19051,950,2025-06-08,Late,6.8,0.0
19052,950,2025-02-21,Absent,0.0,0.0
19053,950,2025-06-10,Present,8.2,0.0
19054,951,2025-04-06,Present,8.3,0.0
19055,951,2025-06-04,Absent,0.0,0.0
19056,951,2025-07-14,present,7.5,0.0
19057,951,2025-05-23,Absent,0.0,0.0
19058,951,2025-06-22,Absent,0.0,0.0
19059,951,2025-08-16,Absent,0.0,0.0
19060,951,28-Jul-2025,Present,8.5,0.0
19061,951,2025-08-14,Present,8.3,0.0
19062,951,2025-04-16,Present,7.4,1.3
19063,951,2025-06-01,Absent,0.0,0.0
19064,951,2025-02-04,Present,,0.0
19065,951,2025-02-18,Present,7.2,0.0
19066,951,07-08-2025,Present,7.0,0.0
19067,951,12/03/2025,Absent,0.0,0.0
19068,951,2025-09-11,Absent,0.0,0.0
19069,951,2025-09-25,Present,7.6,0.0
19070,951,2025-03-25,Absent,0.0,0.0
19071,951,2025-11-23,Absent,0.0,0.0
19072,951,2025-04-15,Absent,0.0,0.0
19073,951,2025-02-14,Absent,0.0,0.0
19074,951,2025-02-11,Absent,0.0,0.0
19075,951,03/12/2025,Present,,0.0
19076,951,25/09/2025,Absent,0.0,0.0
19077,951,2025-03-02,Present,7.8,0.0
19078,952,2025-02-04,Absent,0.0,0.0
19079,952,2025-01-28,Absent,0.0,0.0
19080,952,2025-03-08,Absent,0.0,0.0
19081,952,02-11-2025,Present,7.9,0.0
19082,952,08-28-2025,Absent,0.0,0.0
19083,952,2025-10-14,Absent,0.0,0.0
19084,952,2025-06-10,Present,7.3,0.0
19085,952,2025-02-19,Present,,0.0
19086,952,2025-05-21,Present,7.9,0.0
19087,952,2025-09-14,Absent,0.0,0.0
19088,952,2025-02-04,Absent,0.0,0.0
19089,952,14/06/2025,Present,8.7,0.0
19090,952,15/05/2025,Present,8.9,0.0
19091,952,2025-01-05,Present,8.5,1.5
19092,952,13-Sep-2025,ABSENT,0.0,0.0
19093,952,2025-04-03,Present,8.3,0.0
19094,952,2025-07-05,Present,7.6,0.0
19095,952,2025-07-29,Present,9.3,0.0
19096,953,2025-05-21,Absent,0.0,0.0
19097,953,2025-06-08,Present,8.9,2.2
19098,953,2025-03-30,Absent,0.0,0.0
19099,953,2025-02-25,Late,7.4,0.0
19100,953,2025-12-05,Absent,0.0,0.0
19101,953,07-27-2025,Absent,0.0,0.0
19102,953,17-Nov-2025,Absent,0.0,0.0
19103,954,2025-01-01,Present,8.4,0.0
19104,954,2025-10-20,Present,7.8,0.8
19105,954,2025-05-01,Present,8.4,0.0
19106,954,2025-09-25,Present,9.2,0.0
19107,954,18/09/2025,present,9.2,0.0
19108,954,2025-05-04,Absent,0.0,
19109,954,06-04-2025,Present,8.5,0.0
19110,954,04-29-2025,Present,8.0,
19111,954,2025-01-24,PRESENT,8.6,0.0
19112,954,2025-12-01,Absent,0.0,0.0
19113,954,2025-04-13,Present,8.9,0.0
19114,954,2025-06-14,Present,8.0,0.0
19115,954,2025-09-14,Absent,0.0,0.0
19116,954,2025-03-12,Present,8.2,0.0
19117,954,2025-03-20,Present,8.7,0.0
19118,954,2025-12-21,Absent,0.0,0.0
19119,954,2025-07-13,Present,9.2,0.0
19120,954,2025-05-22,Present,9.0,0.0
19121,954,2025-12-17,Present,7.1,0.0
19122,954,2025-08-23,Present,7.3,0.0
19123,954,2025-08-22,Late,7.1,0.0
19124,954,2025-09-09,Present,9.1,0.0
19125,954,2025-11-23,Absent,0.0,0.0
19126,954,09/08/2025,Absent,0.0,0.0
19127,954,2025-10-04,Present,8.0,0.0
19128,954,2025-05-08,Present,8.5,3.7
19129,954,2025-12-16,Absent,0.0,0.0
19130,954,2025-12-16,Present,9.3,0.0
19131,954,02/10/2025,Absent,0.0,0.0
19132,954,2025-11-23,Present,9.0,0.0
19133,954,2025-03-13,Present,7.5,0.0
19134,954,2025-11-20,Late,6.7,0.9
19135,955,2025-03-17,Present,9.2,
19136,955,2025-03-03,present,7.4,0.0
19137,955,2025-07-24,Present,8.7,0.0
19138,955,2025-06-13,Present,8.5,0.0
19139,955,2025-03-31,Present,8.9,2.4
19140,955,2025-03-27,Present,7.1,
19141,955,2025-05-13,Present,8.8,1.8
19142,955,2025-07-20,Present,7.8,0.0
19143,955,2025-10-12,Present,9.5,0.0
19144,955,2025-02-11,Present,8.5,0.0
19145,955,2025-11-28,Present,8.8,0.0
19146,955,2025-12-09,Present,8.3,0.0
19147,955,04-20-2025,Present,8.9,0.0
19148,955,2025-04-01,Present,8.9,0.0
19149,955,2025-08-06,Present,8.6,0.0
19150,955,2025-03-03,PRESENT,9.5,0.0
19151,956,2025-02-11,Late,5.9,0.0
19152,956,2025-09-18,Present,8.8,3.3
19153,956,2025-02-26,Present,7.9,0.0
19154,956,12-21-2025,Present,8.1,0.0
19155,956,2025-04-02,LATE,7.4,0.0
19156,956,2025-12-05,Present,7.1,0.0
19157,956,2025-08-17,Leave,0.0,0.0
19158,956,2025-09-02,Absent,0.0,0.0
19159,956,2025-01-27,Present,7.8,0.0
19160,956,09-Nov-2025,Present,8.2,0.0
19161,956,2025-09-10,Present,7.0,0.0
19162,956,2025-03-26,Present,9.2,0.0
19163,956,2025-11-11,Present,7.7,0.0
19164,956,2025-01-17,Present,,0.0
19165,956,2025-07-06,Present,9.1,0.0
19166,956,2025-08-13,Present,7.7,0.0
19167,956,2025-03-16,Present,8.6,0.0
19168,956,2025-01-27,Present,9.1,3.3
19169,956,2025-11-28,Present,9.0,0.0
19170,956,2025-11-24,Present,7.2,0.0
19171,956,2025-08-11,Present,7.2,0.0
19172,956,2025-07-06,Present,7.8,0.0
19173,956,2025-09-23,Present,7.1,0.0
19174,956,2025-02-17,Present,8.3,0.0
19175,957,12/06/2025,Present,8.0,0.0
19176,957,2025-04-30,Present,8.4,0.0
19177,957,2025-04-19,Present,7.7,0.0
19178,957,2025-01-20,Leave,0.0,0.0
19179,957,2025-10-01,Present,8.2,0.0
19180,957,2025-10-31,Present,7.8,0.0
19181,957,2025-12-12,Absent,0.0,
19182,957,2025-08-12,Present,7.5,0.0
19183,957,2025-08-23,Present,8.6,2.9
19184,957,2025-11-10,Late,7.0,0.0
19185,957,2025-09-26,Late,7.1,0.0
19186,957,2025-01-23,Present,8.8,0.0
19187,957,21/03/2025,Present,8.7,0.7
19188,958,2025-10-22,Present,7.3,0.0
19189,958,2025-03-23,Absent,0.0,
19190,958,2025-03-10,Present,9.0,0.0
19191,958,2025-03-01,Present,7.6,0.0
19192,958,2025-08-17,Absent,0.0,0.0
19193,958,2025-02-10,Present,7.9,0.0
19194,958,2025-01-12,Absent,0.0,0.0
19195,958,17-Aug-2025,Late,4.9,0.0
19196,958,2025-12-22,Present,7.5,0.0
19197,958,2025-05-31,Present,8.9,0.0
19198,958,2025-01-23,Present,,0.0
19199,958,05/06/2025,Present,8.1,0.0
19200,958,2025-11-06,Present,7.4,0.0
19201,958,2025-10-16,Present,8.7,0.0
19202,958,2025-09-09,Present,8.8,0.0
19203,958,07-Sep-2025,Present,7.9,0.0
19204,958,2025-12-31,Present,9.0,0.0
19205,958,2025-03-26,Present,,0.0
19206,958,10-22-2025,Present,8.7,0.0
19207,958,2025-12-13,Present,8.8,0.0
19208,958,2025-01-05, Present,9.4,0.0
19209,958,2025-03-03,Present,7.6,0.0
19210,958,2025-03-03,Present,7.2,0.0
19211,958,2025-12-17,Absent,0.0,0.0
19212,958,11/04/2025,Present,7.7,0.0
19213,958,28-Apr-2025,Present,7.3,0.0
19214,958,2025-01-06,Absent,0.0,0.0
19215,958,2025-07-09,Absent,0.0,0.0
19216,958,2025-02-23,Present,7.4,0.0
19217,958,2025-04-23,Absent,0.0,0.0
19218,958,2025-12-31,Present,7.8,0.0
19219,958,2025-01-15,Present,8.0,0.0
19220,958,2025-09-21,Present,9.3,0.0
19221,958,2025-10-07,Absent,0.0,0.0
19222,958,12/11/2025,Present,7.5,0.0
19223,959,10-17-2025,Present,9.4,0.0
19224,959,2025-04-27,Present,9.0,0.0
19225,959,2025-10-26,Leave,0.0,0.0
19226,959,2025-09-04,Present,9.2,0.0
19227,959,2025-03-15,PRESENT,9.3,0.0
19228,959,2025-12-25,Present,8.9,0.0
19229,959,2025-07-22,Present,9.0,0.0
19230,959,2025-11-19,Late,5.8,0.0
19231,959,2025-05-22,present,8.3,0.0
19232,959,2025-10-15,Present,9.3,0.0
19233,959,21/01/2025,Present,7.9,0.0
19234,959,2025-07-18,Present,7.1,0.0
19235,959,2025-05-12,Present,8.9,0.0
19236,959,2025-08-28,Present,8.4,0.0
19237,959,03-Oct-2025,Present,9.0,0.0
19238,960,2025-05-12,Leave,0.0,0.0
19239,960,2025-05-21,Present,7.2,2.7
19240,960,2025-06-29,Absent,0.0,0.0
19241,960,2025-02-24,Present,7.6,0.0
19242,960,2025-08-14,Present,9.3,0.0
19243,960,2025-06-21,Present,7.3,0.0
19244,960,02-22-2025,Present,9.1,0.0
19245,960,2025-09-27,Present,7.2,0.0
19246,960,2025-06-04,Late,4.6,0.0
19247,960,2025-03-09,Absent,0.0,0.0
19248,960,2025-09-01,Present,7.6,0.0
19249,960,2025-04-03,Present,7.8,0.0
19250,960,2025-07-10,Absent,0.0,0.0
19251,960,2025-12-18,Present,8.6,0.0
19252,960,09-07-2025,Present,7.3,0.0
19253,960,2025-12-08,Absent,0.0,0.0
19254,960,02-05-2025,Present,8.1,0.0
19255,960,2025-04-24,Present,7.5,0.0
19256,960,2025-07-16,Present,9.1,0.0
19257,960,2025-03-23,Present,7.1,0.0
19258,961,2025-07-07,Present,7.9,0.0
19259,961,2025-08-27,Present,8.6,3.7
19260,961,2025-10-20,Present,9.2,0.0
19261,961,2025-01-14,Leave,0.0,0.0
19262,961,12-26-2025,Present,9.2,0.0
19263,961,2025-06-19,present,7.2,0.0
19264,961,01/02/2025,Present,9.1,0.0
19265,961,2025-04-29,Absent,0.0,0.0
19266,961,2025-11-28,Present,8.9,0.0
19267,961,2025-11-17,Present,9.3,0.0
19268,961,2025-08-07,Present,7.8,0.0
19269,961,2025-07-25,Present,9.3,0.0
19270,961,2025-10-17,Absent,0.0,0.0
19271,961,12/09/2025,Present,8.0,0.0
19272,961,01-10-2025, Late,6.4,
19273,961,2025-11-02,Absent,0.0,0.0
19274,961,2025-10-06,Present,8.1,2.0
19275,962,2025-01-07,absent,0.0,0.0
19276,962,2025-09-04,Present,8.4,0.0
19277,962,2025-05-02,Present,,3.3
19278,962,2025-09-23,Present,8.6,0.0
19279,962,2025-07-29,Leave,,
19280,962,2025-11-24,present,8.7,0.0
19281,962,2025-09-06,Present,7.6,3.9
19282,962,2025-04-04,late,6.5,1.2
19283,962,2025-09-21,Absent,0.0,0.0
19284,962,2025-04-12,Present,8.9,0.0
19285,962,24/03/2025,Present,7.4,0.0
19286,962,2025-11-29,Present,7.2,0.0
19287,962,2025-12-04,Present,8.3,0.0
19288,962,2025-05-26,Present,8.4,0.0
19289,962,2025-03-24,Present,7.5,0.0
19290,962,2025-12-30,Present,7.9,0.0
19291,962,25-May-2025,Present,9.4,0.0
19292,962,2025-12-18,Present,7.7,0.0
19293,962,2025-08-22,Present,7.4,0.0
19294,962,2025-07-20,Present,9.5,0.0
19295,962,2025-10-23,present,7.8,2.9
19296,962,2025-01-03,Present,7.6,0.0
19297,962,2025-04-22,Present,8.4,0.0
19298,962,09-30-2025,Present,8.0,0.0
19299,962,2025-07-12,Absent,0.0,0.0
19300,962,2025-10-15,Late,7.4,0.0
19301,962,2025-11-06,Present,8.1,0.0
19302,963,2025-04-15,Present,8.5,0.0
19303,963,23-Sep-2025,Present,9.4,0.0
19304,963,2025-01-15,Present,9.5,0.0
19305,963,2025-02-09,Absent,0.0,0.0
19306,963,2025-02-12,Present,7.3,0.0
19307,963,04-22-2025,Present,9.1,0.0
19308,963,2025-10-12,Absent,0.0,0.0
19309,963,2025-08-11,Present,8.0,2.6
19310,963,2025-07-19,Absent,0.0,0.0
19311,963,2025-12-30,Present,7.9,0.0
19312,963,2025-02-22,Present,8.0,0.0
19313,963,2025-08-03,Absent,0.0,0.0
19314,963,2025-09-17,Present,7.4,0.0
19315,964,2025-09-07,Present,8.4,0.0
19316,964,2025-04-05,Present,8.4,
19317,964,15/01/2025,Present,7.5,2.4
19318,964,2025-03-27,Present,9.4,0.0
19319,964,2025-01-30,Absent,0.0,0.0
19320,964,06-May-2025,Absent,0.0,
19321,964,2025-10-16,Present,8.8,0.0
19322,964,09-14-2025,Present,8.2,3.7
19323,964,05-30-2025,Present,8.4,0.0
19324,964,2025-12-04,Present,7.3,0.0
19325,964,2025-12-05,Present,8.4,0.0
19326,964,04-09-2025, Present,7.5,
19327,964,2025-11-02,Present,8.9,3.9
19328,964,2025-11-09,Absent,0.0,0.0
19329,964,09-01-2025,Present,7.9,0.0
19330,964,08-01-2025,Present,,0.0
19331,964,13/05/2025,Present,8.1,0.0
19332,964,2025-12-01,Absent,0.0,0.0
19333,964,11-01-2025,Present,7.7,0.0
19334,964,2025-11-11,Present,9.0,0.0
19335,965,2025-10-12,Late,6.4,0.0
19336,965,2025-11-16,Absent,0.0,0.0
19337,965,2025-09-18,Present,7.2,0.0
19338,965,2025-11-15,Present,9.1,0.0
19339,965,20/09/2025,Late,5.1,0.0
19340,965,2025-05-15,Absent,0.0,0.0
19341,965,2025-07-26,Present,9.4,
19342,965,2025-06-27,Present,7.9,0.0
19343,965,2025-04-20,Present,8.5,0.8
19344,965,02-20-2025,Absent,0.0,0.0
19345,965,2025-08-25,Leave,0.0,0.0
19346,965,2025-03-31,Present,7.9,0.0
19347,965,2025-11-08,Present,9.0,0.0
19348,965,2025-06-23,Present,8.2,0.0
19349,965,2025-12-28,Late,7.2,2.5
19350,965,2025-03-31,LATE,7.3,0.0
19351,965,2025-03-02,Present,9.5,0.0
19352,965,2025-04-05,Present,8.1,0.0
19353,965,2025-05-18,Present,8.4,0.0
19354,965,2025-10-19,Present,9.1,0.0
19355,965,2025-11-17,Absent,0.0,0.0
19356,965,2025-12-15,Absent,0.0,0.0
19357,965,23-Oct-2025,Late,5.2,3.5
19358,965,2025-05-09, Present,8.5,0.0
19359,966,2025-08-14,Absent,0.0,0.0
19360,966,11-13-2025,Present,8.8,0.0
19361,966,2025-09-24,Late,4.7,3.2
19362,966,2025-08-16,Present,7.8,3.3
19363,966,2025-04-14,Present,8.3,0.0
19364,966,2025-04-03,Present,7.7,0.0
19365,966,2025-06-03,Absent,0.0,0.0
19366,966,2025-12-22,Present,9.4,0.0
19367,966,2025-01-20,Present,8.9,0.0
19368,966,2025-03-11,Late,7.5,0.0
19369,966,2025-02-27,Present,7.9,0.0
19370,966,2025-01-08,Late,6.4,2.6
19371,966,2025-11-21,Present,8.7,0.0
19372,966,2025-05-09,Absent,0.0,0.0
19373,966,2025-04-04,Present,7.1,0.0
19374,966,2025-11-10,Present,7.7,0.0
19375,966,2025-12-07,Present,9.3,0.0
19376,966,2025-05-24,Present,8.1,3.9
19377,966,2025-11-24,Present,7.5,0.0
19378,966,2025-03-06,Present,9.5,0.0
19379,966,2025-07-25,Absent,0.0,0.0
19380,966,2025-03-10,Absent,0.0,0.0
19381,967,2025-10-31,Absent,0.0,0.0
19382,967,2025-07-02,Present,8.7,3.2
19383,967,2025-09-07,Present,8.0,0.0
19384,967,19/09/2025,Present,9.3,0.0
19385,967,2025-11-15,Absent,0.0,0.0
19386,967,2025-10-04,Present,8.4,0.0
19387,967,2025-05-10,Late,6.5,0.8
19388,967,2025-01-04,Present,8.6,0.0
19389,967,2025-05-15,Absent,0.0,0.0
19390,967,2025-12-10,Present,9.2,0.0
19391,967,2025-11-07,Absent,0.0,0.0
19392,967,2025-08-13,Absent,0.0,0.0
19393,967,2025-02-03,Present,7.4,3.1
19394,967,2025-12-11,Present,7.1,0.0
19395,967,2025-04-13,present,9.3,3.9
19396,967,09/05/2025,Leave,0.0,0.0
19397,967,2025-10-30,Present,7.9,0.9
19398,967,2025-04-02,Late,6.5,0.6
19399,967,2025-10-02, Present,8.2,0.0
19400,967,2025-07-04,Present,7.7,0.0
19401,967,2025-06-13,Absent,0.0,0.0
19402,967,2025-08-31,Present,8.2,0.0
19403,967,03-Oct-2025,PRESENT,7.0,0.0
19404,967,2025-08-07,Present,7.1,0.0
19405,967,2025-01-23,Present,7.0,0.0
19406,967,2025-02-23,Present,8.5,0.0
19407,967,2025-09-17,Present,8.4,0.0
19408,967,2025-06-05,Present,7.6,0.0
19409,967,2025-04-03,Absent,0.0,0.0
19410,967,2025-11-24,present,8.6,0.0
19411,967,2025-06-15,Absent,0.0,0.0
19412,967,2025-08-25,Absent,0.0,0.0
19413,967,09-02-2025,Present,9.2,0.0
19414,967,2025-07-23,Absent,0.0,0.0
19415,967,2025-11-23,Present,7.7,0.0
19416,967,2025-10-10,Present,9.1,0.0
19417,967,2025-06-09,Present,8.7,0.0
19418,967,08-01-2025,Absent,0.0,0.0
19419,967,2025-04-29,Present,7.1,0.0
19420,968,2025-12-28,present,7.9,2.3
19421,968,2025-02-06,Present,8.8,0.0
19422,968,2025-07-06,Late,5.4,0.0
19423,968,2025-02-13,Present,9.5,
19424,968,07-16-2025,Late,6.6,0.0
19425,968,16/11/2025,Present,7.9,0.8
19426,968,2025-01-30,Present,7.5,2.2
19427,968,2025-10-28,Late,6.0,3.2
19428,968,2025-06-16,Present,8.8,0.0
19429,968,2025-02-22, Present,7.5,0.0
19430,968,05-23-2025,Present,8.5,0.0
19431,968,2025-01-21,Present,7.1,0.0
19432,969,2025-11-21,Present,8.0,0.0
19433,969,2025-03-24,Late,,0.0
19434,969,2025-12-22,Present,8.0,0.0
19435,969,2025-09-24,Late,7.0,
19436,969,2025-04-27,Present,9.4,0.0
19437,969,08/05/2025,Present,8.5,0.0
19438,969,05-27-2025,PRESENT,7.4,0.0
19439,969,2025-12-18,absent,0.0,0.0
19440,969,2025-11-19,Absent,0.0,0.0
19441,969,2025-01-05,Present,7.9,
19442,969,2025-08-08,Present,7.0,0.0
19443,969,2025-09-13,Present,8.5,0.0
19444,969,2025-02-14,Absent,0.0,0.0
19445,969,01-11-2025,Absent,0.0,0.0
19446,969,2025-10-02,Present,9.1,2.7
19447,969,2025-01-11,Late,6.9,0.0
19448,969,2025-08-03,Present,9.0,0.0
19449,970,2025-08-27,Present,9.1,0.0
19450,970,2025-09-19,Present,7.7,0.0
19451,970,07/06/2025,Present,,0.0
19452,970,2025-10-25,Present,8.6,0.0
19453,970,2025-03-15,Present,7.7,0.0
19454,970,2025-07-31,Present,9.5,3.8
19455,970,2025-11-08,Present,8.4,0.0
19456,970,2025-03-24,Present,9.1,0.0
19457,970,20/03/2025,Absent,0.0,
19458,971,2025-10-21,Absent,0.0,0.0
19459,971,2025-04-14,Present,7.7,0.0
19460,971,2025-10-27,Present,8.0,0.0
19461,971,2025-09-04,Absent,0.0,0.0
19462,971,10-31-2025,Present,7.5,0.0
19463,971,2025-07-21,Present,8.3,0.0
19464,971,28/05/2025,Absent,0.0,0.0
19465,971,2025-04-08,Late,6.0,1.2
19466,971,2025-12-09,Absent,0.0,0.0
19467,971,2025-08-31,Present,8.7,0.9
19468,971,2025-08-13,Present,7.2,0.0
19469,971,2025-05-31,Present,8.0,1.9
19470,971,2025-04-24,Present,7.8,0.0
19471,971,2025-07-12,Leave,0.0,0.0
19472,971,2025-03-01,Present,7.6,0.0
19473,971,2025-08-22,Present,7.8,0.0
19474,972,2025-04-14,Absent,0.0,0.0
19475,972,2025-03-09,Present,7.4,0.0
19476,972,2025-06-13,PRESENT,8.0,0.0
19477,972,03/11/2025,Present,9.3,0.0
19478,972,2025-09-08,Late,5.2,0.0
19479,972,2025-11-23,Late,6.6,0.0
19480,972,2025-06-02,Absent,0.0,0.0
19481,972,2025-05-24,present,7.4,0.0
19482,972,2025-12-22,Present,7.9,0.0
19483,972,2025-10-14,ABSENT,0.0,0.0
19484,972,2025-04-08,Present,7.8,0.0
19485,972,2025-04-09,Present,9.3,2.0
19486,972,2025-09-28,Present,8.7,0.0
19487,972,2025-09-27, Late,6.3,0.0
19488,972,2025-07-31,Late,4.9,0.0
19489,972,2025-07-02,Present,,0.0
19490,972,2025-02-04,Absent,0.0,0.0
19491,972,2025-12-03,Present,7.9,0.0
19492,972,02-11-2025,LATE,4.6,0.0
19493,972,2025-10-29,Present,7.8,0.0
19494,972,22/06/2025,Present,7.8,
19495,972,2025-01-04,Absent,0.0,0.0
19496,973,2025-10-21,Absent,0.0,0.0
19497,973,20-May-2025,Present,7.2,0.0
19498,973,2025-06-22,Present,8.5,0.0
19499,973,2025-05-29,Present,7.9,
19500,973,12-06-2025,Present,8.6,0.5
19501,973,2025-06-10,Absent,0.0,
19502,973,2025-02-06,Absent,0.0,0.0
19503,973,2025-01-20,Present,9.5,0.0
19504,973,10-07-2025,Present,7.4,2.8
19505,973,2025-08-20,Absent,0.0,0.0
19506,973,2025-11-22,Late,6.6,0.0
19507,973,03-09-2025,Absent,0.0,0.0
19508,973,2025-02-20,Present,7.4,0.9
19509,973,27/05/2025,Late,5.0,0.0
19510,973,2025-08-30,Absent,0.0,0.0
19511,973,2025-02-11,Absent,0.0,0.0
19512,974,2025-01-31,Present,7.6,0.0
19513,974,10/06/2025,Present,7.4,0.0
19514,974,2025-06-19,Present,8.7,0.0
19515,974,2025-09-22,Present,8.1,2.4
19516,974,2025-03-26,Present,7.1,0.0
19517,974,11-26-2025,Present,9.2,0.0
19518,974,2025-02-18,Present,7.4,
19519,974,2025-07-15,Present,7.2,0.0
19520,974,2025-03-15,Present,7.3,0.0
19521,974,2025-11-27,Present,8.7,0.0
19522,974,2025-01-17,Present,8.7,2.9
19523,974,2025-07-14,Present,8.4,0.0
19524,974,10/09/2025,Present,9.4,0.0
19525,974,2025-09-26,Present,8.3,0.0
19526,974,2025-04-07,Present,8.1,0.0
19527,974,2025-10-22,Present,7.6,0.0
19528,974,2025-06-20,Late,4.8,0.0
19529,974,2025-11-22,Present,8.4,0.0
19530,974,2025-09-05,Absent,0.0,0.0
19531,974,2025-06-06,Present,7.8,0.0
19532,974,12-18-2025,Present,8.3,
19533,974,2025-08-25,Present,7.5,0.0
19534,974,2025-07-05,Present,9.1,
19535,974,2025-08-24,Present,9.5,0.0
19536,974,13-Oct-2025, Present,7.8,
19537,974,2025-07-22,Present,9.1,0.0
19538,975,2025-03-07,Present,9.2,0.0
19539,975,2025-04-17,Present,9.5,0.0
19540,975,05-01-2025,Present,7.9,0.0
19541,975,2025-03-12,Present,8.9,0.0
19542,975,2025-01-02,Absent,0.0,0.0
19543,975,2025-07-30,Present,7.6,
19544,975,2025-01-16,Present,8.6,3.0
19545,975,2025-11-05,Present,8.9,0.0
19546,975,2025-02-13,Present,7.5,0.0
19547,975,2025-02-01,Late,7.0,0.0
19548,975,2025-01-23,Present,8.1,1.3
19549,975,2025-01-11,Present,8.4,0.0
19550,975,22-Apr-2025,Absent,0.0,0.0
19551,975,2025-01-23,Present,9.2,3.9
19552,975,2025-10-25,Present,8.9,0.0
19553,975,2025-05-11,Absent,0.0,0.0
19554,975,2025-10-24,Present,7.0,0.0
19555,976,2025-01-29,Present,7.3,0.0
19556,976,2025-07-26,Present,7.2,0.0
19557,976,20/07/2025,Present,7.3,0.0
19558,976,2025-06-05,Present,8.0,0.0
19559,976,2025-08-26,Present,7.8,0.0
19560,976,2025-08-28,Present,7.3,0.0
19561,976,05-31-2025,Present,9.2,2.7
19562,976,31/03/2025,Present,9.0,0.0
19563,976,2025-02-14,Present,7.9,1.9
19564,976,2025-07-04,Late,5.5,0.0
19565,976,14-Aug-2025,Present,8.1,0.0
19566,976,2025-04-06,Present,8.5,0.0
19567,976,2025-08-06,present,8.2,0.0
19568,976,01-Jul-2025,Present,9.1,0.0
19569,976,2025-02-22,Present,9.3,0.0
19570,976,2025-08-19,Late,5.9,0.0
19571,976,2025-01-12,Present,7.6,0.0
19572,976,2025-12-07,Present,9.4,0.0
19573,976,2025-08-19,Present,8.8,2.7
19574,976,2025-05-10,Absent,0.0,0.0
19575,976,29/10/2025,Present,8.9,0.0
19576,976,2025-04-20,Present,7.2,0.0
19577,976,2025-02-04,Present,7.2,0.0
19578,976,06-29-2025,Present,7.4,0.0
19579,976,2025-04-13,Present,7.4,0.0
19580,976,2025-08-28,Present,8.1,0.0
19581,976,2025-08-11,Present,7.4,0.0
19582,977,2025-09-18,Present,9.1,0.0
19583,977,2025-08-09,Present,8.4,0.0
19584,977,2025-11-19,Present,7.9,0.0
19585,977,2025-11-15,PRESENT,7.2,2.6
19586,977,12-13-2025,Present,,0.0
19587,977,2025-09-08,Present,8.9,3.3
19588,977,2025-05-06,Present,8.4,0.0
19589,977,2025-06-14,Present,7.4,0.0
19590,977,2025-05-18, Present,9.0,0.0
19591,977,2025-11-25,Present,7.8,0.0
19592,977,2025-10-18,Present,7.6,0.0
19593,977,29/07/2025,Present,8.2,0.0
19594,977,2025-11-16,Absent,0.0,0.0
19595,977,2025-06-10,Absent,0.0,0.0
19596,977,2025-07-22,Late,7.3,0.0
19597,977,2025-06-27,Present,7.7,0.0
19598,977,2025-02-19,Late,7.2,0.0
19599,978,2025-11-01,Present,7.1,0.8
19600,978,2025-09-24,Present,8.7,0.0
19601,978,2025-07-15,Present,7.5,1.6
19602,978,2025-10-12,Present,7.3,1.7
19603,978,2025-09-07,Absent,0.0,0.0
19604,978,2025-09-15,Present,7.7,3.1
19605,978,2025-08-22,Present,8.8,0.0
19606,978,2025-04-06,Present,9.4,0.0
19607,978,2025-11-25,Late,6.7,0.0
19608,978,2025-03-28,present,8.7,0.0
19609,978,2025-01-31,Present,8.7,0.0
19610,978,2025-02-05,Present,9.2,0.0
19611,978,2025-09-04,Present,7.7,1.6
19612,978,2025-05-17,Present,8.9,0.0
19613,979,2025-07-27,Present,7.6,0.0
19614,979,04/02/2025,Present,,0.0
19615,979,30-Dec-2025,Late,6.1,0.0
19616,979,2025-01-01,Present,7.8,0.0
19617,979,2025-03-30,Late,6.8,1.6
19618,979,2025-12-23,Late,7.4,0.0
19619,979,2025-06-24,Present,9.5,0.0
19620,979,2025-03-13,Absent,0.0,0.0
19621,979,2025-04-03,Absent,0.0,0.0
19622,979,19/01/2025,Present,8.7,0.0
19623,979,03-Jun-2025,Leave,0.0,0.0
19624,979,10-16-2025,Present,7.3,0.0
19625,979,2025-06-16,Absent,0.0,0.0
19626,979,2025-05-09,Present,7.7,0.0
19627,979,2025-02-11,Late,6.0,0.0
19628,979,2025-02-10,Present,,0.0
19629,979,2025-05-24,Present,7.5,0.0
19630,979,2025-02-04,Present,7.3,0.0
19631,980,2025-07-17,Present,7.2,0.0
19632,980,2025-01-09,Present,8.3,0.0
19633,980,2025-09-11,Present,9.2,0.0
19634,981,2025-06-29,Absent,0.0,0.0
19635,981,2025-06-13,Present,7.1,0.0
19636,981,2025-11-14,Late,5.1,0.0
19637,981,2025-04-24,PRESENT,8.7,3.4
19638,981,2025-05-30,Present,9.0,3.2
19639,981,2025-10-23,Present,7.3,0.0
19640,981,22-Feb-2025,Present,8.0,0.0
19641,981,01-11-2025,Present,9.5,0.0
19642,981,2025-01-04,Present,9.5,0.0
19643,981,2025-05-11,Present,8.5,0.0
19644,981,2025-11-29,Present,8.8,0.0
19645,981,2025-12-21,Absent,,0.0
19646,981,2025-10-28,Present,9.4,0.0
19647,981,2025-12-20,Absent,0.0,0.0
19648,981,2025-02-15,Present,,0.0
19649,981,2025-04-30,Present,7.3,0.0
19650,981,2025-11-29,Absent,0.0,0.0
19651,981,2025-08-28,Present,8.7,0.0
19652,982,2025-08-14,Present,9.4,0.0
19653,982,2025-06-27,Present,8.7,0.0
19654,982,2025-06-18,Present,9.0,2.0
19655,982,2025-03-09,Late,4.8,0.0
19656,982,2025-07-13,Present,7.4,3.9
19657,982,2025-10-11,Present,8.2,0.0
19658,982,2025-08-11,Present,7.0,3.8
19659,982,04-01-2025,Present,8.2,0.0
19660,982,26-May-2025,Present,9.1,0.0
19661,982,2025-03-04,Present,8.4,
19662,982,2025-07-27,Present,7.3,0.0
19663,982,2025-03-15,Absent,0.0,0.0
19664,982,01-04-2025,Present,8.5,0.0
19665,982,2025-04-09,Absent,0.0,0.0
19666,982,2025-04-17,Present,9.5,0.0
19667,982,2025-09-08,Late,4.6,0.0
19668,982,2025-09-23,Present,9.1,0.0
19669,982,2025-06-27,Present,7.6,0.0
19670,982,2025-04-28,Present,8.0,0.0
19671,982,18/04/2025,Present,7.9,0.0
19672,982,2025-08-22,Late,7.2,0.0
19673,982,25/09/2025,present,8.3,0.0
19674,982,2025-09-18,Present,8.1,0.0
19675,982,04-10-2025,Late,7.0,0.0
19676,982,24/04/2025,Present,7.1,0.0
19677,982,04-Apr-2025,Present,7.2,0.0
19678,982,2025-11-30,Present,7.1,0.0
19679,982,2025-04-09,Present,8.7,0.0
19680,982,2025-02-26,Present,8.3,0.0
19681,982,2025-01-05,Present,9.2,0.0
19682,983,18/12/2025,Present,8.2,0.0
19683,983,13-Mar-2025,Absent,0.0,0.0
19684,983,2025-02-12,Present,7.6,0.0
19685,983,2025-12-08,Absent,0.0,0.0
19686,983,2025-01-24,Absent,0.0,0.0
19687,983,2025-06-06,Absent,0.0,
19688,983,2025-03-18,Absent,0.0,0.0
19689,983,24/05/2025,Absent,0.0,0.0
19690,983,25-Jan-2025,Absent,0.0,0.0
19691,983,14-Dec-2025,Present,9.0,0.0
19692,983,2025-04-18,Present,7.7,
19693,983,2025-04-18,Present,9.3,1.4
19694,983,2025-01-28,Absent,0.0,0.0
19695,983,2025-06-10,Present,7.4,0.0
19696,983,2025-10-06,Absent,,0.0
19697,983,2025-07-13,Present,8.2,0.0
19698,983,2025-04-07,Present,,0.0
19699,983,2025-07-12,present,7.1,0.0
19700,984,2025-11-12,Absent,0.0,0.0
19701,984,2025-10-23,Present,8.2,0.0
19702,984,2025-06-14,Present,7.5,0.5
19703,984,2025-04-23,Present,7.7,0.0
19704,984,2025-05-31,Present,8.2,0.0
19705,984,05-07-2025,Present,8.0,0.0
19706,984,2025-09-12,Present,7.3,0.0
19707,984,2025-06-11,Present,8.4,0.0
19708,984,2025-03-21,Present,8.8,2.9
19709,984,2025-11-28,Present,8.0,0.0
19710,984,25/02/2025,Present,7.3,0.0
19711,984,28-Apr-2025,Leave,0.0,0.0
19712,984,2025-06-03,Late,6.0,0.0
19713,984,18/01/2025,Present,9.2,2.1
19714,984,2025-05-13,Present,7.5,0.0
19715,984,2025-03-30,Present,7.2,0.0
19716,984,2025-08-22,Absent,0.0,0.0
19717,984,2025-07-02,Present,9.4,0.0
19718,984,2025-10-21,Absent,0.0,0.0
19719,984,12/12/2025,Present,8.9,0.0
19720,984,2025-01-17,present,7.8,0.0
19721,984,2025-11-26,Present,,0.0
19722,984,2025-06-30,Absent,0.0,
19723,984,2025-04-03,Present,9.2,0.0
19724,984,2025-12-17,Present,7.4,0.0
19725,985,2025-05-21,Present,8.3,0.0
19726,985,2025-08-23,Present,8.8,0.0
19727,985,2025-02-21,Late,5.7,0.0
19728,985,2025-07-07,Present,7.1,0.0
19729,985,2025-04-21,Late,5.2,0.0
19730,985,16-Jun-2025,Present,9.3,0.0
19731,985,2025-06-21,Present,8.3,0.0
19732,985,2025-12-27,Present,9.0,0.0
19733,985,2025-01-27,Present,8.4,0.0
19734,985,2025-09-07,Present,9.4,0.0
19735,985,07/08/2025,Present,9.3,0.0
19736,985,2025-07-06,Present,8.2,0.0
19737,985,2025-03-27,Present,7.8,0.0
19738,985,2025-12-16,Late,6.3,0.0
19739,985,2025-06-02,Present,8.7,0.0
19740,986,2025-09-06,Present,8.2,0.0
19741,986,10-25-2025,Present,9.1,0.0
19742,986,2025-09-18,Present,7.5,0.0
19743,986,2025-03-26,Present,7.8,2.9
19744,986,2025-05-27,Present,7.6,0.0
19745,986,2025-08-31,Present,8.1,0.0
19746,986,11-24-2025,Present,9.4,0.0
19747,986,2025-01-25,Present,8.6,0.0
19748,986,2025-02-11,Present,9.4,0.0
19749,986,2025-09-21,Present,8.8,0.0
19750,986,05-15-2025,Present,8.8,0.0
19751,986,2025-08-12,present,8.5,0.0
19752,986,2025-04-13,Leave,0.0,0.0
19753,986,23-Aug-2025,Late,4.9,2.3
19754,986,2025-02-19,Present,7.6,0.0
19755,986,28/02/2025,Present,9.5,0.0
19756,986,21-Jul-2025,Present,7.7,0.0
19757,986,2025-12-09,Late,5.2,0.0
19758,986,2025-08-28,Present,8.6,0.0
19759,987,2025-06-25,Present,8.3,0.0
19760,987,2025-12-11,present,7.1,0.0
19761,987,11-Jan-2025,Present,7.3,0.0
19762,987,23-Oct-2025,Absent,0.0,0.0
19763,987,2025-10-27,Present,9.0,0.0
19764,987,2025-12-24,PRESENT,8.2,0.0
19765,987,2025-12-03,Present,7.4,0.0
19766,987,2025-09-04,Present,8.2,0.0
19767,987,2025-06-09,Late,5.3,0.0
19768,987,2025-06-08,Absent,0.0,0.0
19769,987,2025-07-03,Late,5.2,0.0
19770,987,2025-03-27,PRESENT,9.4,0.0
19771,987,2025-09-14,Present,7.9,0.0
19772,987,2025-04-22,Present,7.1,3.9
19773,987,2025-03-01,Absent,0.0,0.0
19774,987,2025-05-01,Present,9.0,0.0
19775,987,2025-04-25,Present,7.6,0.0
19776,987,01/03/2025,Absent,0.0,0.0
19777,987,2025-06-09,Present,8.0,0.0
19778,987,2025-04-02,PRESENT,9.2,1.8
19779,987,03-03-2025,Present,8.4,0.0
19780,988,10-05-2025,Present,8.3,0.0
19781,988,12-02-2025,Present,8.0,0.0
19782,988,11-24-2025,Leave,0.0,0.0
19783,988,02/04/2025,Late,6.4,0.0
19784,988,2025-02-21,Present,8.2,0.6
19785,988,2025-02-06,Absent,0.0,0.0
19786,988,2025-08-11,Late,6.9,0.0
19787,988,2025-05-18,Present,7.3,0.0
19788,988,2025-10-24,Absent,0.0,0.0
19789,988,2025-12-18,Leave,0.0,0.0
19790,988,10-Jan-2025,Present,8.2,0.0
19791,988,2025-12-10,Absent,0.0,0.0
19792,988,2025-07-18,Absent,0.0,0.0
19793,988,2025-12-01,Present,8.4,0.0
19794,988,2025-07-04,Present,8.8,0.0
19795,988,2025-09-30,Present,8.0,0.0
19796,988,2025-11-15,Present,8.8,0.0
19797,988,2025-08-03,Absent,0.0,0.0
19798,988,2025-09-23,Present,7.3,0.0
19799,988,2025-03-31,Absent,0.0,0.0
19800,989,2025-05-02,Late,6.5,0.0
19801,989,2025-06-29,Present,9.1,0.0
19802,989,2025-09-13,Absent,0.0,0.0
19803,989,2025-07-20,Absent,0.0,0.0
19804,989,15/03/2025,Late,7.2,2.5
19805,989,2025-05-19,present,7.8,0.0
19806,989,2025-07-15,Absent,0.0,0.0
19807,989,06/05/2025,Present,7.4,0.0
19808,989,2025-10-01,Present,,0.0
19809,989,2025-08-29,Absent,0.0,0.0
19810,989,2025-08-10,Absent,0.0,0.0
19811,989,2025-11-14,PRESENT,8.3,0.0
19812,989,2025-07-11,Present,,0.0
19813,989,2025-01-23,Present,9.4,3.6
19814,989,2025-08-09,Late,4.6,2.5
19815,989,2025-07-12,Present,9.0,0.0
19816,989,2025-05-06,Present,7.6,0.0
19817,989,2025-11-19,Present,8.3,0.0
19818,989,2025-03-04,Present,8.0,0.0
19819,989,23/06/2025,Present,7.5,0.0
19820,989,21-Aug-2025,Present,8.5,0.0
19821,989,2025-11-05,Present,9.5,0.0
19822,989,2025-06-07,Present,-7.9,0.0
19823,989,2025-04-21,Present,8.4,
19824,989,2025-11-25,Present,9.2,3.5
19825,990,2025-11-10,Present,7.4,0.0
19826,990,2025-07-13,Present,9.2,0.0
19827,990,2025-10-05,Present,7.4,
19828,990,2025-07-23,Present,7.2,0.0
19829,990,2025-08-13,Present,8.6,0.0
19830,990,2025-05-27,Present,8.0,0.0
19831,990,2025-04-07,Present,8.3,0.0
19832,990,2025-08-19,Present,8.6,0.7
19833,990,2025-04-22,Present,7.7,0.0
19834,990,09/10/2025,Present,8.2,0.0
19835,990,2025-10-06,Absent,0.0,0.0
19836,990,2025-05-26,Present,7.7,0.0
19837,990,2025-12-20,Leave,0.0,0.0
19838,990,2025-05-09,Present,7.1,0.0
19839,990,06-17-2025,Present,7.2,0.0
19840,990,2025-04-24,present,9.0,0.0
19841,990,2025-04-18,Present,9.3,0.0
19842,990,2025-10-10,Present,,1.4
19843,990,2025-11-13,Late,6.5,0.0
19844,990,2025-03-13,Present,9.4,0.0
19845,990,30/01/2025,Present,7.7,0.0
19846,991,2025-04-04,Absent,0.0,0.0
19847,991,2025-04-29,Present,9.1,0.0
19848,991,2025-10-20,Present,8.3,0.0
19849,991,2025-01-16,Late,7.4,0.0
19850,991,2025-10-16,PRESENT,7.3,0.0
19851,991,2025-09-13,Present,9.4,0.0
19852,991,17/02/2025,Absent,0.0,0.0
19853,991,2025-04-13,PRESENT,8.1,0.0
19854,991,2025-12-26,Present,9.4,0.0
19855,991,2025-04-22,Present,8.1,0.0
19856,991,2025-12-29,Present,8.3,0.0
19857,991,02-11-2025,Absent,0.0,0.0
19858,991,08-Mar-2025,Present,9.0,0.0
19859,991,2025-03-08,Present,8.8,0.0
19860,991,2025-02-04,Late,6.4,0.0
19861,991,2025-05-27, Leave,0.0,0.0
19862,991,2025-08-31,Present,8.0,0.0
19863,992,2025-12-05,Present,9.0,0.0
19864,992,2025-08-30,Present,9.4,0.0
19865,992,10-Feb-2025,Present,7.0,2.6
19866,992,26/04/2025,Present,9.2,0.0
19867,992,2025-04-11,Present,8.6,0.0
19868,992,2025-08-05,Present,9.0,0.0
19869,992,07/10/2025,Present,9.2,0.0
19870,992,2025-10-15,Absent,0.0,0.0
19871,992,2025-05-03,Present,8.9,0.0
19872,993,2025-12-17,Present,8.8,0.0
19873,993,2025-04-12,Present,9.4,0.0
19874,993,2025-08-22,Present,9.2,0.0
19875,993,2025-04-12,Present,9.0,
19876,993,2025-06-03,Present,7.2,1.3
19877,993,2025-09-13,Present,8.4,3.0
19878,993,2025-05-28,Present,7.8,0.0
19879,993,2025-08-04,Absent,0.0,0.0
19880,993,2025-12-09,Present,7.2,0.0
19881,993,16/09/2025,Late,5.4,3.2
19882,993,2025-07-23,present,9.2,0.0
19883,993,2025-05-28,Present,9.3,0.0
19884,993,2025-10-24,Leave,0.0,0.0
19885,993,2025-05-01,Absent,0.0,0.0
19886,994,2025-11-14,Present,7.9,0.0
19887,994,2025-12-31,present,7.9,0.0
19888,994,2025-12-13,Present,8.0,0.0
19889,994,2025-11-26,Present,7.9,2.8
19890,994,2025-01-20,Present,7.9,0.0
19891,994,09-23-2025,Present,7.1,0.0
19892,994,2025-09-04,Absent,0.0,0.0
19893,994,2025-03-17,Present,8.1,1.3
19894,994,2025-12-11,Present,7.1,0.0
19895,994,2025-08-14,Present,8.2,0.0
19896,995,2025-02-16,Absent,0.0,0.0
19897,995,2025-06-08,Absent,0.0,0.0
19898,995,2025-01-04,Absent,0.0,0.0
19899,995,2025-10-02,Absent,,0.0
19900,995,2025-05-18,Absent,,0.0
19901,995,2025-06-23,Absent,0.0,0.0
19902,995,2025-05-30,Absent,0.0,
19903,995,2025-11-03,Late,5.1,2.1
19904,995,2025-09-11,Absent,0.0,0.0
19905,995,09-Oct-2025,Absent,0.0,0.0
19906,995,2025-09-13,Absent,0.0,0.0
19907,995,04-21-2025,ABSENT,,0.0
19908,995,2025-09-17,Absent,0.0,0.0
19909,995,2025-04-08,Absent,0.0,0.0
19910,995,2025-11-05,Absent,0.0,0.0
19911,995,2025-08-13,Present,7.7,0.0
19912,995,2025-02-17,Absent,0.0,0.0
19913,995,11-25-2025,Absent,0.0,0.0
19914,995,2025-10-31,Absent,0.0,
19915,995,2025-10-23,Absent,,0.0
19916,995,2025-03-31,Present,,0.0
19917,996,2025-06-08,Present,9.5,2.4
19918,996,2025-03-20,Present,8.6,0.0
19919,996,2025-06-28,Absent,0.0,0.0
19920,996,2025-11-07,Present,9.3,0.0
19921,996,2025-01-29,Present,7.9,0.0
19922,996,2025-08-05,Present,7.4,0.0
19923,996,2025-02-03,Present,7.7,0.0
19924,997,2025-08-28,Present,8.0,0.0
19925,997,2025-10-04,PRESENT,8.6,0.5
19926,997,08-29-2025,Present,9.1,0.0
19927,997,2025-08-13,Present,7.2,0.0
19928,997,2025-08-02,Absent,0.0,0.0
19929,997,2025-01-11,Absent,0.0,0.0
19930,997,2025-10-28,Present,,0.0
19931,997,2025-10-07,Present,9.4,4.0
19932,997,2025-02-17,Present,9.0,0.0
19933,997,02-Feb-2025,Absent,0.0,0.0
19934,997,2025-01-15,Present,,
19935,997,2025-06-26,Present,8.8,0.0
19936,997,2025-04-19,Absent,0.0,0.0
19937,997,06-26-2025,Absent,0.0,0.0
19938,998,2025-09-03,Present,7.5,0.0
19939,998,2025-06-16,Present,9.2,0.0
19940,998,2025-03-19,Present,7.8,0.0
19941,998,2025-09-21,Absent,0.0,
19942,998,01-22-2025,Leave,0.0,0.0
19943,998,02-Aug-2025,Present,7.8,0.0
19944,998,2025-05-21,Present,9.3,
19945,998,2025-01-23,Present,7.5,0.0
19946,998,2025-10-28,Present,8.1,0.0
19947,998,2025-02-14,Present,8.8,0.0
19948,998,2025-05-13,Absent,0.0,0.0
19949,998,01-26-2025,Present,8.6,0.0
19950,998,2025-01-12,Present,8.7,0.0
19951,998,2025-10-14,Present,9.2,0.0
19952,998,2025-03-06,Present,7.3,0.0
19953,998,2025-09-25,Present,8.3,0.0
19954,998,2025-04-30,Late,6.7,0.0
19955,998,2025-10-10,Present,8.6,0.0
19956,998,2025-12-16,Present,8.1,0.6
19957,999,2025-09-03,Present,7.2,0.9
19958,999,2025-03-14,Absent,0.0,0.0
19959,999,2025-04-20,Absent,0.0,0.0
19960,999,2025-03-13,Absent,0.0,0.0
19961,999,2025-01-13,Absent,0.0,0.0
19962,999,08-28-2025,Absent,0.0,0.0
19963,999,2025-02-12,Present,7.9,0.0
19964,999,2025-07-09,Absent,0.0,0.0
19965,999,2025-01-28,Present,7.3,0.0
19966,999,2025-09-29,Absent,0.0,0.0
19967,999,2025-09-17,Present,8.1,0.0
19968,999,2025-05-16,Absent,0.0,0.0
19969,999,2025-02-21,Absent,0.0,0.0
19970,999,2025-06-24,Present,7.4,0.0
19971,1000,2025-06-05,Present,8.9,3.6
19972,1000,2025-11-28,Present,8.0,0.0
19973,1000,2025-06-07,Present,8.3,0.0
19974,1000,2025-08-20,Present,9.4,0.0
19975,1000,2025-11-17,Late,6.1,0.0
19976,1000,2025-04-29,Absent,0.0,0.0
19977,1000,2025-01-09,Absent,0.0,0.0
19978,1000,2025-01-23,Present,9.5,0.0
19979,1000,2025-12-26,Leave,0.0,0.0
19980,1000,2025-02-11,Present,7.4,0.0
19981,1000,2025-09-20,Present,,0.0
19982,1000,2025-01-02,Present,8.2,0.0
19983,1000,2025-11-05,Absent,0.0,0.0
19984,1000,2025-10-02,PRESENT,7.1,0.0
19985,1000,2025-11-02,Present,9.4,0.0
19986,1000,2025-02-02,Present,9.4,0.0
19987,1000,2025-05-09,Present,8.0,0.0
19988,1000,2025-04-11,Absent,0.0,0.0
19989,1000,2025-02-04,Absent,0.0,0.0
19990,1000,11-11-2025,Present,9.4,
19991,1000,15-Jul-2025,Present,7.4,0.0
19992,1000,2025-06-22,Present,8.7,0.0
19993,1000,2025-12-03,Absent,0.0,0.0
19994,1000,2025-03-22,Present,7.5,1.4
19995,1000,30/09/2025,Absent,0.0,0.0
19996,1000,2025-04-08,Present,8.9,0.0
19997,1000,2025-09-11,Present,7.9,0.0
19998,1000,2025-10-23,Present,7.0,0.0
19999,1000,2025-11-01,Present,8.0,0.0
20000,1000,2025-04-05,Present,7.6,0.0
