EmployeeID,EmployeeName,Gender,DepartmentID,Department,JobRole,Location,EmploymentType,HireDate,Salary,EmploymentStatus,ExitDate,ExitMode
954,Alyssa Haynes,Female,5,Finance,Financial Analyst,Abuja,full-time,2023-09-11,418500.0,Exited,2024-06-24,Termination
613,Brenda Morris,Female,6,Marketing ,Marketing Executive,Lagos,FULL-TIME,2022-01-04,504900.0,Active,,
970,Michael Anderson,Male,2,Operations,Operations Manager,lagos,Full-Time,2023-06-30,598500.0,Active,,
405,Lori Hernandez,Female,4,IT,Network Engineer,Lagos,Full-Time,04-16-2023,428500.0,Active,,
678,Joseph Howard,Male,2,OPERATIONS,Logistics Coordinator,Lagos,full-time,2022-09-20,479600.0,Active,,
986,Carolyn Bennett,Female,4,IT,Systems Analyst,Lagos,Full-Time,11-18-2022,631700.0,Exited,01-06-2025,Termination
591,Kevin Sanchez,Male,6,Marketing ,Digital Marketing Officer,Lagos,FULL-TIME,2023-01-19,415700.0,Active,,
673,Sean Cook,Male,4,IT,IT Support Officer,Kano,Full-Time,04-07-2024,703500.0,Active,,
825,Jacob Clements,Male,2,Operations,Warehouse Supervisor,,Full-Time ,2025-05-25,505700.0,Exited,2025-11-22,Resignation
50,Emily Carney,Female,3,Customer Service,Customer Support Lead,Abuja, Full-Time,2023-10-06,411200.0,Active,,
555,Rebecca Morgan,Female,6,Marketing,Digital Marketing Officer,LAGOS,Contract,2023-06-15,369500.0,Exited,2023-12-21,Resignation
143,Kelly Williams,Female,3,Customer Service,Call Center Agent,, Full-Time,2023-02-10,245900.0,Active,,
375,Jacob Griffith,Male,2,Operations,Operations Officer,ABUJA,Full-Time,2024-05-05,167600.0,Active,,
249,Peter Harris,,9,Legal,Legal Counsel, Abuja,Full-Time,2023-12-17,772400.0, Active,,
302,Steven Lucas,Male,1,sales,Business Development Officer,Lagos,Full-Time,2025-05-18,191400.0,Active,,
134,Kaylee Schultz,Female,8,Procurement,Procurement Officer,Port Harcourt,Full-Time,2024-03-31,173300.0,Active,,
105,Marc Moore,Male,1,sales,Business Development Officer,Lagos,full-time,2025-01-09,173000.0,Exited,2025-09-05,Resignation
7,Abigail Shaffer,Female,1,Sales,Sales Executive,Lagos,Full-Time,03/01/2025,333200.0,Exited,2025-09-13,Resignation
636,Arthur Mcknight,Male,8,Procurement,Procurement Officer,port harcourt,Full-Time,2025-01-13,375600.0,Active,,
714,Amanda Mcfarland,Female,4,IT,Network Engineer,Lagos,PART-TIME,2024-02-29,510400.0,Active,,
409,Billy Lin,,2,,Operations Manager,Lagos,Full-Time,2022-04-26,256000.0,Exited,2024-02-07,Termination
483,James Beltran,Male,2,Operations,Logistics Coordinator,Ibadan,Full-Time,2022-08-03,266000.0,Active,,
430,Heidi White,Female,8,Procurement ,Buyer,,Full-Time,2024-10-01,360500.0,Active,,
568,Lauren Jackson,Female,1, Sales,Sales Manager,Lagos,Full-Time,2025-04-26,218500.0,Active,,
346,Karen Morales,Female,2,Operations,Operations Officer,Lagos,Full-Time,11/07/2024,459600.0,Active,,
120,Kenneth Scott,Male,4,IT,Network Engineer,Lagos,Part-Time,2023-06-14,714500.0,Active,,
109,Sharon Cochran,Female,1, Sales,Account Manager,Lagos,Full-Time,2025-05-28,648100.0,Active,,
518,Penny Bowman,Female,10, Administration,Office Manager,Port Harcourt,Contract,2025-07-19,351700.0,Active,,
593,Jennifer Love,Female,5,Finance ,Payroll Officer,Abuja,Part-Time,2025-02-01,542700.0,Active,,
429,Matthew Henderson,Male,3,Customer Service,Customer Support Lead, Abuja,Full-Time,03/11/2025,394500.0,Active,,
914,Nicolas Stewart,Male,1,,Account Manager,Lagos,contract,2022-05-27,368300.0,Active,,
722,Patricia Friedman,Female,10,Administration,Admin Officer,Port Harcourt,Full-Time,2025-02-17,235000.0, Active,,
748,Mr. Michael Henry,Male,6,Marketing ,Digital Marketing Officer, Lagos,Full-Time,2025-04-08,530500.0,Active,,
242,Michael Hodge,Male,2,Operations,Logistics Coordinator,Lagos,Part-Time,2022-03-28,185400.0,Active,,
863,Taylor Anderson DVM,Female,2,Operations,Operations Manager,Lagos,Full-Time,2022-09-03,276800.0,Active,,
692,Theresa Barnett,Female,5,Finance,Accountant,Abuja,FULL-TIME,04/04/2022,243300.0,Active,,
79,David Wheeler,Male,3,customer service,Call Center Agent,Abuja,Part-Time,11/04/2024,201900.0,Active,,
933,Amanda Murray,Female,2,Operations,Logistics Coordinator,Lagos,Contract,2025-07-30,491200.0,Active,,
605,William Daniels,Male,3,Customer Service,Call Center Agent,Abuja,Full-Time,2023-11-11,311700.0,Active,,
803,Patrick Cannon,Male,3,,Call Center Agent,Abuja,Full-Time,2025-06-11,129100.0,Active,,
710,Brandon Rice,Male,4,IT,Systems Analyst,Lagos,Full-Time,2025-10-18,265700.0,Active,,
341,Kelly Reese,Female,9, Legal,Compliance Officer,Ibadan,Full-Time,17-Feb-2022,253600.0,EXITED,2024-07-01,Resignation
91,Ashley Rodriguez,Female,2, Operations,Warehouse Supervisor,Ibadan,Full-Time,2024-07-10,152500.0,Active,,
102,Robert Valencia,Male,5,Finance,Financial Analyst,Abuja,Full-Time,2022-10-05,724300.0,Active,,
95,Brandon Henderson,Male,4,,IT Support Officer,Lagos,Full-Time,2024-04-14,646200.0,Active,,
842,Karen Anderson,Female,2,operations,Operations Officer,,full-time,2024-02-27,163800.0,Active,,
784,Cody Nguyen,Male,3,Customer Service,Call Center Agent,Abuja,Part-Time,2025-01-05,280700.0,Active,,
42,Fred Smith,Male,2,Operations,Operations Manager,Lagos,Full-Time,2024-09-21,599500.0,Active,,
725,Teresa Reynolds,Female,1,Sales,Account Manager, Lagos,Full-Time,2023-04-02,235700.0,Active,2025-06-15,
473,Robin Thompson,Female,4,IT,IT Support Officer,Lagos,Full-Time,2023-08-20,633600.0,Active,,
503,Sydney Henry,Female,5,Finance,Payroll Officer,Abuja,Contract,2024-05-01,253200.0,Active,,
35,Debra Davidson,Female,1,Sales,Sales Manager,Lagos,Contract,15/03/2025,775700.0,Active,,
259,Desiree Tyler,Female,1,Sales,Sales Executive,LAGOS,Full-Time,05-Dec-2023,349100.0,Active,,
36,Jeffrey Chavez,Male,5,Finance,Payroll Officer,Abuja,PART-TIME,2023-01-25,0.0,Exited,2025-01-28,
149,Karen Green,Female,4,IT,Software Developer,LAGOS,contract,2022-12-25,251700.0,Active,,
460,Elizabeth Williams,Female,4,IT,Network Engineer,Lagos,Full-Time,2024-04-27,851700.0,Active,,
687,Roberto Levy,Male,2,Operations,Operations Manager,Lagos,Full-Time,2022-06-30,594400.0,Exited,2025-02-02,Resignation
681,Suzanne Wood,Female,1,sales,Business Development Officer,Ibadan,FULL-TIME,2022-04-20,375200.0,Active,,
624,Matthew Robinson,Male,2,Operations,Operations Officer,,FULL-TIME,2022-07-10,497800.0,Active,,
689,Christopher Cortez,Male,2,Operations,Operations Manager,Lagos,Full-Time,2022-01-29,734600.0,Active,,
310,Mrs. Tracy Dalton,Female,3,Customer Service,Customer Support Lead,Abuja,Full-Time,2022-06-07,330500.0,Active,,
431,Theresa Tucker,Female,5,Finance,Accountant,Abuja,Full-Time,01-24-2025,255000.0,Active,,
538,Jacob Hoffman,Male,2,Operations,Warehouse Supervisor,Lagos,FULL-TIME,2024-06-25,320200.0,Active,,
738,Elizabeth Snyder,Female,1,Sales,Business Development Officer,Lagos,Full-Time,2024-10-29,525600.0,Exited,2025-09-09,Resignation
949,Matthew Adams,Male,2,Operations,Operations Manager,Lagos,Full-Time,2024-10-30,552600.0,Active,,
572,Brittany Vaughn,Female,5,Finance,Financial Analyst, Abuja,Full-Time,2023-05-03,331100.0,Active,,
771,Charles Collins,Male,6,Marketing,Digital Marketing Officer,lagos,Part-Time,2022-07-16,348200.0,Exited,2025-09-19,Resignation
820,Michelle Poole,Female,6,Marketing ,Brand Manager,Lagos ,Full-Time,09-17-2025,210100.0,Active,,
312,Jacob Gibbs,Male,5,Finance,Financial Analyst,ABUJA,Full-Time,2024-10-19,516400.0,Active,,
18,Timothy Wong,Male,1,Sales,Sales Manager,lagos,Full-Time,2022-07-06,482100.0,Active,,
873,Ruben Becker,Male,6,Marketing,Digital Marketing Officer,Lagos,Full-Time,2024-05-08,396000.0,Active,,
336,April Garrison,Female,3,Customer Service,Customer Support Lead,Abuja,Full-Time,29-Jan-2024,250900.0,Active,,
243,Melissa Roberts,Female,7,,HR Officer,kano,Full-Time,29-May-2024,302900.0,Active,,
275,Marie Christian,Female,2,Operations,Warehouse Supervisor,Lagos,Full-Time,2024-02-22,307600.0,Active,,
677,Kristen Rowe,Female,3,Customer Service,Call Center Agent,Abuja,PART-TIME,2023-09-07,243200.0,Active,,
66,Anthony Kidd,Male,1,Sales,Business Development Officer, Lagos,Full-Time ,2023-11-12,495900.0,Active,,
192,Sierra Sanchez,Female,3,Customer Service,Call Center Agent,Abuja,Full-Time,2023-07-13,215600.0,Active,,
867,Antonio Mccormick,Male,2,Operations,Operations Manager, Lagos,CONTRACT,2024-05-16,362700.0,Active,,
816,Shannon Duke,Female,7,Human Resources,Recruitment Specialist,,Part-Time ,2023-03-08,366500.0,Active,,
896,Tiffany Jones DDS,Female,6,Marketing,Brand Manager,Kano,Full-Time,2024-06-30,565400.0,Exited,2025-12-27,Resignation
838,Matthew Wright,Male,8,Procurement,Buyer,Port Harcourt,FULL-TIME,2025-12-03,380800.0,Active,,
746,Frank Valentine,Male,3,CUSTOMER SERVICE,Customer Service Rep,Abuja,full-time,19/08/2023,122700.0,Active,,
544,Jose Jimenez,Male,1,Sales,Business Development Officer,Lagos,Full-Time,2023-05-09,301600.0,Active,,
796,Joanne Brown,Female,6,Marketing,Digital Marketing Officer,LAGOS,Full-Time,2023-09-18,244800.0,Active,,
955,Justin Hart,Male,1,Sales,Account Manager,Lagos,Full-Time,2025-11-13,403400.0,Active,,
332,Richard Sanchez,Male,4,IT,Network Engineer, Kano,Contract,2023-08-17,759100.0,Active,,
468,James Harrison,Male,6,Marketing,Digital Marketing Officer,Lagos,Full-Time,2025-11-24,518000.0,Active,,
685,James Whitaker,Male,2, Operations,Operations Officer,Lagos, Full-Time,2025-07-16,168600.0,Active,,
577,Susan Peterson,Female,10,Administration,Executive Assistant,Port Harcourt,Full-Time,2023-10-31,182000.0,Active,,
839,Steven Martin,Male,4,IT,IT Support Officer,Lagos ,FULL-TIME,2023-11-25,295600.0,Active,,
416,Christopher Wright,Male,6,marketing,Digital Marketing Officer,Abuja,Full-Time,2024-08-06,177200.0,Active,,
190,Jeffrey Simon,Male,1,Sales,Account Manager,Lagos ,FULL-TIME,2022-07-04,405000.0,Active,,
958,David Robinson,Male,6,Marketing,Brand Manager,Lagos,FULL-TIME,2023-10-27,476300.0,Active,,
404,Mark Weber,Male,3,customer service,Call Center Agent,lagos, Full-Time,16-Feb-2022,313700.0,Active,,
836,Melissa Anderson,Female,3,Customer Service,Customer Service Rep,Abuja,Part-Time,2025-02-10,356600.0,Active,,
530,Marilyn Wang,Female,1,Sales,Sales Manager,Lagos,Full-Time,2022-07-06,452300.0,Active,,
974,Mrs. Krystal Zuniga,Female,1,Sales,Sales Executive,Abuja,Full-Time,2023-02-13,638500.0,Active,,
780,Alyssa Mendez,Female,8,Procurement,Buyer,Port Harcourt,Full-Time,2024-06-15,327400.0,Active,,
245,Ernest Morris,Male,6,Marketing,Brand Manager,Lagos,Full-Time,2025-11-13,613900.0,Active,,
155,Jennifer Daniels,Female,2,Operations,Warehouse Supervisor,Lagos,full-time,2024-11-27,330100.0,Active,,
645,April Johnson,Female,6,marketing,Marketing Executive,Lagos,full-time,2022-10-31,468500.0,Active,,
14,Angel Perez,Male,2,Operations,Operations Manager,Lagos,Full-Time,2023-10-09,374900.0,Active,,
711,Daniel Parrish,Male,8,Procurement,Procurement Officer,Lagos,Full-Time,2022-01-20,436800.0,Active,,
157,Kevin Dominguez,Male,10,Administration,Office Manager,Port Harcourt, Contract,2025-12-01,413700.0,Active,,
433,Brian Wise,Male,2,OPERATIONS,Operations Officer,Lagos,Contract,15/07/2025,214200.0,Active,,
828,Heather Brown,Female,5,Finance,Accountant,Ibadan,Full-Time,2024-02-20,,Active,,
269,William Simpson,Male,8,procurement,Procurement Officer,PORT HARCOURT,Full-Time,2022-07-27,200600.0,Active,,
528,Kristy Bryan,Female,8,Procurement,Procurement Officer,Port Harcourt,Part-Time,2022-07-11,428200.0,Active,,
582,Christine Bush,Female,4,IT,Software Developer,Lagos,Contract,03/11/2023,368500.0,Exited,2025-12-30,Resignation
717,Carla Allen,Female,3,Customer Service,Customer Service Rep,Abuja,Full-Time,2024-01-05,299100.0,Active,,
705,Sarah Valdez,Female,8, Procurement,Procurement Manager,Port Harcourt ,PART-TIME,2025-01-27,527900.0,Active,,
305,Casey Anderson,Female,4,IT,Network Engineer,Lagos,Full-Time,2023-12-24,664600.0,Active,,
755,Jason Porter,Male,1,Sales,Business Development Officer,Lagos,Full-Time,2025-11-04,221300.0,active,,
60,John Daniel,Male,8, Procurement,Buyer,Abuja ,contract,2024-06-23,364200.0,Active,,
872,Joshua Myers,Male,5,Finance,Finance Manager,Abuja,Full-Time,2025-06-09,471200.0,Active,,
176,Randall Jackson,Male,1,Sales ,Business Development Officer,Lagos,Full-Time,2023-09-06,527600.0,Active,,
720,Nathaniel Mason DVM,Male,2,Operations ,Logistics Coordinator,Lagos,FULL-TIME,2025-11-10,333700.0,Active,,
454,Marie Moody,Female,1,,Sales Manager,Lagos,Full-Time,2025-09-15,703300.0,Active,,
121,April Frost,Female,6,marketing,Brand Manager,Lagos,Full-Time ,2023-01-27,321800.0,Exited,2025-04-03,Termination
263,Kimberly Reed,Female,1,Sales,Sales Executive,Lagos,Full-Time,2024-03-02,359500.0,Active,,
181,Melissa Burton,Female,6,Marketing,Digital Marketing Officer,Lagos,Full-Time,20/01/2022,429900.0,Active,,
643,Gregory White,Male,2,Operations,Operations Officer,Lagos,Part-Time,2024-03-24,370100.0,Active,,
4,Colleen Wagner,Female,10,administration,Admin Officer,Port Harcourt,PART-TIME,07-24-2023,159500.0,Active,,
195,Rebecca Peterson,Female,8,procurement,Buyer,Port Harcourt,Contract,2024-03-19,152600.0,Exited,2025-11-18,Resignation
989,Andre Dunlap,Male,4, IT,Systems Analyst,Lagos,Full-Time,12-01-2023,457900.0,Active,,
356,Jeffery Ortega,Male,3,Customer Service,Call Center Agent,Abuja,Full-Time,2024-12-09,185300.0, Active,,
700,Susan Rodriguez,Female,7, Human Resources,HR Manager,Abuja,Full-Time,25/01/2025,697000.0,Active,,
809,Mrs. Hannah Montoya MD,Female,2,OPERATIONS,Logistics Coordinator,Lagos,Part-Time,2025-03-13,521000.0,Exited,2025-10-26,Resignation
415,Gwendolyn Klein,Female,3,Customer Service,Customer Support Lead,abuja,Full-Time,2025-01-06,367700.0,Active,,
890,Brittany Velazquez,Female,6,Marketing,Brand Manager,Lagos,Full-Time,06-13-2022,,Exited,2024-11-02,Resignation
484,Jonathan Glass,Male,6,Marketing,Marketing Executive,LAGOS,Full-Time,2022-10-18,290100.0,Active,,
662,Dr. Megan Floyd,Female,6, Marketing,Brand Manager,Lagos,Full-Time,2022-07-05,786500.0, Active,,
574,Nancy Brown,Female,6,Marketing,Brand Manager,Ibadan,Full-Time,2022-06-23,450600.0,Active,,
3,Brandon Henderson,Male,8,Procurement,Buyer,Port Harcourt, Full-Time,2025-02-23,,Exited,07-Oct-2025,Resignation
481,Gary Martinez,Male,9,Legal,Legal Counsel,Abuja,full-time,2025-02-16,1064900.0,Active,,
256,Denise Davenport,Female,7,Human Resources ,HR Officer,Abuja,Full-Time,2022-07-04,517500.0,Active,,
798,Victor Wagner,Male,5,Finance,Accountant,Abuja,Part-Time,2025-07-07,347900.0,Exited,2025-09-14,Resignation
861,Brian Porter,Male,6,Marketing ,Digital Marketing Officer,Lagos,Contract,2023-04-26,395000.0,Active,,
444,Vincent Montoya,Male,6,Marketing,Brand Manager,Abuja,Full-Time,2023-03-09,509000.0,Active,,
315,Teresa Rodriguez,Female,1,Sales,Sales Manager,Ibadan,Full-Time,2022-06-29,821100.0,Active,,
74,Mr. Joshua Adkins,Male,6, Marketing,Digital Marketing Officer,Lagos,full-time,2024-06-12,160900.0,Exited,2025-11-27,Termination
118,Jeffrey Chandler,Male,7,Human Resources,HR Officer,Abuja,FULL-TIME,2024-07-12,473900.0,Active,,
912,Tracey Young,Female,3,Customer Service,Customer Support Lead,abuja,FULL-TIME,2024-10-17,205900.0,Active,,
321,Stacy Taylor,Female,8,Procurement,Buyer,port harcourt, Full-Time,2024-04-18,388000.0,Active,,
112,Joe Torres,Male,4,IT,Software Developer,Lagos ,CONTRACT,2023-09-10,602800.0,Active,,
6,Daniel Lawrence,Male,4,IT,Systems Analyst, Lagos,Full-Time,2024-02-18,403900.0,Exited,2025-04-05,Termination
788,Lisa Cervantes,Female,3,Customer Service,Call Center Agent, Abuja,Part-Time,19/08/2023,331700.0,ACTIVE,,
921,Andrew Huff,Male,6,Marketing,Brand Manager,Lagos,Contract ,2022-08-20,685200.0,Active,,
595,Timothy Russell,Male,2,Operations,Operations Officer,Port Harcourt,Full-Time,2024-09-09,546600.0,Active,,
465,Jennifer Beck,Female,8,Procurement,Buyer,port harcourt,Full-Time,2024-07-26,339800.0,Exited,26/02/2025,
590,Melissa Taylor,Female,2,Operations,Warehouse Supervisor,,Full-Time,23-Feb-2024,484700.0,Active,,
438,Jason Rhodes,Male,5,finance,Financial Analyst,Kano,Full-Time,2022-11-01,0.0,Active,,
9,Gabrielle Davis,Female,4,IT,IT Support Officer,Lagos ,Full-Time,04/04/2022,625300.0,Active,,
719,Perry Taylor,Male,3,Customer Service,Customer Support Lead,Abuja,Full-Time,2022-01-26,182800.0,Active,,
57,Timothy Duncan,Male,1,Sales,Account Manager,Lagos ,Contract ,08/03/2023,824100.0,Active,,
396,Gary Jackson,Male,3,Customer Service,Customer Support Lead,Abuja ,FULL-TIME,2024-04-30,353600.0,Active,,
564,William Silva,Male,8,Procurement,Buyer,Port Harcourt,Full-Time,25/10/2024,357200.0,Active,,
802,Kimberly Jackson,Female,4,IT,IT Support Officer,Lagos, Full-Time,2024-11-11,541300.0,Exited,2025-07-15,Resignation
85,Dr. Angel Lewis MD,Female,6,Marketing,Brand Manager,Lagos,Part-Time,30-May-2022,756300.0,Active,,
229,Jessica Stephens,Female,7,human resources,Recruitment Specialist,Abuja,full-time,2024-05-28,466100.0,active,,
160,Troy Barnes,Male,7,Human Resources ,Recruitment Specialist, Abuja,Contract,2024-10-17,437500.0,Active,,
206,Cathy Robinson,Female,3,Customer Service,Customer Service Rep,,full-time,2025-08-07,265800.0,Active,,
126,Jennifer Powell,Female,8,,Procurement Manager,port harcourt,FULL-TIME,09/07/2023,610100.0, Active,,
384,Breanna Scott,Female,5,finance,Finance Manager,Lagos, Full-Time,06-19-2023,1010800.0, Active,,
891,Juan Sloan,Male,3,Customer Service,Customer Service Rep,Abuja,Full-Time ,2024-08-27,144400.0,Active,,
488,Elizabeth Morrison,Female,5,,Financial Analyst,Abuja,Full-Time,2022-12-03,503400.0,Active,,
340,Carrie Williams,Female,3,Customer Service,Customer Service Rep,Abuja,Full-Time,2024-10-17,,Active,,
532,Donna Frye,Female,1,Sales,Sales Executive,Lagos,Part-Time,05-Dec-2023,611400.0,ACTIVE,,
801,Paige Carter,Female,5,Finance ,Accountant,Abuja,Full-Time,2023-04-03,662200.0,Active,,
196,Michael Hill,Male,6,Marketing,Digital Marketing Officer,lagos,Full-Time,2025-10-08,233000.0,Active,,
203,Erin Warner,Female,1,Sales,Sales Executive,Lagos,Full-Time,2023-03-21,0.0,Active,,
82,David Foster,Male,10,Administration,Executive Assistant,Port Harcourt,Full-Time,11-21-2024,245100.0,Active,,
237,Dr. Laura Sampson,Female,1,Sales,Account Manager,Lagos,Contract,2024-11-15,649400.0,Exited,2025-08-22,Resignation
495,Paula Diaz,Female,2,Operations,Logistics Coordinator,LAGOS,Part-Time,2025-06-05,313700.0,Active,,
239,Marisa Moon,Female,4,IT,Software Developer,Lagos,Part-Time,2025-05-12,752000.0,exited,2025-09-01,Resignation
202,Kiara Coleman,Female,2,Operations,Operations Manager,lagos,FULL-TIME,2024-09-29,412600.0,Active,,
187,Mr. Ronald Zimmerman,Male,1,Sales,Business Development Officer,Lagos,Full-Time,2023-08-10,240900.0,Active,,
234,Kathryn Snyder,Female,3,Customer Service,Customer Service Rep,Abuja,Full-Time,2023-10-27,326800.0,Active,,
806,Andrew Ball,Male,2,OPERATIONS,Operations Officer,Lagos,Full-Time,2023-04-25,345300.0,Exited,2024-01-21,Abscondment
971,Tiffany Fry,Female,5,Finance,Financial Analyst,Abuja,Full-Time,2024-04-27,188800.0,Active,,
217,Kristine Torres,Female,4,,Software Developer,Port Harcourt,Full-Time,30-May-2025,738600.0,Exited,2025-08-30,Resignation
51,Jessica Holmes,Female,4,IT,IT Support Officer,Lagos,full-time,2023-09-07,784700.0,Active,,
948,Yvonne Dickson,Female,1,Sales,Business Development Officer,Lagos,FULL-TIME,2024-05-24,293800.0,Active,,
513,Logan Miller,Male,10,Administration,Admin Officer,PORT HARCOURT,full-time,2025-03-13,293200.0,Active,,
960,Carlos Love,Male,2,Operations,Logistics Coordinator,LAGOS,Full-Time,2025-03-26,250100.0,Active,,
956,William Keith,Male,3,Customer Service,Customer Service Rep,Abuja,Contract,2023-12-30,129600.0,Exited,2024-11-25,Resignation
201,Eric Perkins,Male,1,Sales,Business Development Officer,Lagos,Full-Time,10-05-2025,416300.0,Active,,
224,Angela Smith,Female,5,Finance,Accountant,Abuja,Full-Time,2025-04-16,519500.0,Active,,
330,Ryan Gibson,Male,4,IT,Software Developer,LAGOS,Full-Time,2025-08-06,217100.0,Active,,
389,Thomas Atkins,,1,Sales,Sales Manager,Ibadan,full-time,2022-11-10,468000.0,Active,,
981,Dr. Katherine Gray,Female,6,Marketing,Marketing Executive,Lagos, Full-Time,2022-01-18,261800.0,Exited,2025-11-30,Resignation
994,Kenneth Larsen,Male,2,Operations,Warehouse Supervisor,Abuja,Full-Time,09-05-2025,149000.0,ACTIVE,,
580,Danielle Grant,Female,2,Operations,Operations Officer,Lagos, Contract,2023-03-02,232100.0,Active,,
588,Jeremy Scott,Male,10,administration,Executive Assistant, Port Harcourt,Contract,21/09/2022,112100.0,Exited,2024-09-29,Resignation
655,Kathy Roberts,Female,2,Operations,Operations Officer,Lagos,Full-Time,2022-11-22,543800.0,Exited,2025-11-23,Abscondment
435,Pamela Anderson,Female,8,Procurement,Buyer,Port Harcourt,Full-Time,2022-01-14,320500.0,Active,,
900,Leslie Snyder,Female,1,Sales,Business Development Officer,Lagos,Part-Time ,2023-09-14,291200.0,Exited,2025-05-01,Retirement
554,Michael Wilson DVM,Male,1,Sales,Sales Executive,lagos,full-time,2025-12-07,637900.0,Active,,
757,Rachel Jones,Female,1,SALES,Sales Manager,Port Harcourt ,Full-Time,20/04/2025,655800.0,Active,,
208,Douglas Garcia,Male,1,Sales,Sales Executive,Lagos,Full-Time,2025-02-09,331500.0,Exited,29-Jul-2025,Termination
348,Angela Franklin,Female,8,Procurement,Buyer, Abuja,Contract,2023-02-12,498100.0,Active,,
251,Bryan Dudley,Male,9,Legal,Legal Counsel,Abuja,Full-Time,2025-07-10,865200.0,Active,,
920,Melissa Mckenzie,Female,1,Sales,Business Development Officer,LAGOS, Full-Time,2023-02-11,601000.0,Active,,
48,Shane Henderson,Male,10,Administration,Office Manager,Port Harcourt,full-time,2025-03-12,403500.0,Active,,
542,Caitlin Murphy,Female,1,SALES,Sales Executive,Lagos,Contract,2025-09-10,178900.0,Active,,
640,Willie Reyes,Male,5,finance,Financial Analyst,Ibadan,Full-Time,21/12/2022,502200.0,Active,,
20,James Mayo,Male,2,Operations,Warehouse Supervisor, Lagos,Full-Time,2024-08-16,197800.0,Active,,
790,Brandi Wilson,Female,1,Sales,Account Manager,LAGOS,Part-Time,2025-09-04,517400.0,Active,,
764,James Goodwin,Male,1,Sales,Sales Executive,lagos,Full-Time,23/11/2022,528100.0,Active,,
601,Christopher Gillespie,Male,10,Administration,Admin Officer,Port Harcourt,Full-Time,14-Oct-2023,191500.0,Active,,
679,Jose Crawford,Male,2,Operations,Logistics Coordinator, Lagos,Full-Time,2023-04-01,431900.0,Active,,
650,Pamela Stephenson,Female,4,IT,Systems Analyst,Lagos,Part-Time,2023-11-23,521500.0,Active,2025-06-15,
268,James Alvarado,Male,4,IT,IT Support Officer, Lagos,Full-Time,2024-09-22,725000.0,EXITED,2025-01-30,Resignation
434,Stephen Johnson,Male,7,Human Resources,HR Officer,Abuja,FULL-TIME,22/07/2024,241400.0,Active,,
827,Nicholas Ellis,Male,5,Finance,Payroll Officer,Abuja,FULL-TIME,2024-01-29,,Active,,
978,Derek Wright,Male,1,sales,Sales Manager,Lagos,Full-Time,2023-06-14,639300.0,Active,,
359,Nancy Cain,Female,3,Customer Service,Call Center Agent,Abuja,Full-Time,2024-10-24,281800.0,Active,,
178,Traci Rodriguez,Female,1,Sales,Sales Manager,Lagos ,Full-Time ,2024-04-23,455400.0, Active,,
637,Benjamin Peck,Male,10,Administration,Executive Assistant,Port Harcourt,Full-Time,2024-03-03,362300.0,Active,,
61,Victoria Garcia,Female,2,Operations,Operations Officer,Lagos,FULL-TIME,2025-11-16,437600.0,ACTIVE,,
365,Courtney Rodriguez,Female,6,MARKETING,Digital Marketing Officer,Lagos,Full-Time,02-21-2025,546400.0,Active,,
623,Kirsten Ruiz,Female,2,OPERATIONS,Logistics Coordinator,Lagos,full-time,2023-12-02,262500.0,Exited,18/02/2025,Retirement
968,Tanya Buchanan,Female,9,Legal,Legal Officer,Abuja,Full-Time,2024-06-08,292900.0,Active,,
371,Gerald Smith,Male,4,IT,Software Developer,Lagos,Full-Time,2023-11-08,274900.0,Active,,
598,Susan Davis,Female,1,SALES,Sales Executive,LAGOS,full-time,2024-08-24,541900.0,Active,,
765,Mrs. Alexandra Green,Female,3,CUSTOMER SERVICE,Customer Service Rep,ABUJA, Full-Time,2023-03-13,371000.0,Active,,
108,Evelyn Galvan,Female,3,Customer Service,Call Center Agent,Abuja ,Full-Time,2023-03-23,,Active,,
751,Kevin Gardner,Male,6,Marketing ,Digital Marketing Officer,Lagos,Part-Time,2022-10-27,535900.0,Active,,
992,Miranda Blair,Female,5,Finance,Finance Manager,Abuja ,Full-Time,27/09/2022,605200.0,Exited,2023-09-05,Termination
998,Angela Anthony,Female,2,Operations,Operations Manager,Lagos,Full-Time,07/08/2022,288100.0,Exited,28-Nov-2022,Resignation
810,Patricia Young PhD,Female,8,procurement,Procurement Manager,Port Harcourt,Full-Time,2022-06-09,428800.0,Active,,
100,Sandra Aguilar,Female,3,Customer Service,Customer Support Lead,Abuja,full-time,08-Apr-2024,217500.0,Active,,
560,Louis Martin,Male,8,Procurement,Procurement Officer,, Contract,2022-01-06,421200.0,Exited,2022-04-01,Resignation
494,Richard Johnson,Male,8,Procurement,Procurement Manager,,Full-Time,2024-07-26,304700.0,Exited,2025-09-02,Abscondment
789,Elizabeth Mendez,Female,4,IT ,Software Developer,Lagos ,Contract,2025-04-04,340300.0,Active,,
642,Mary Ryan,Female,1,SALES,Sales Manager,Abuja,Full-Time ,2025-05-03,367700.0,Active,,
458,Ruben Dunn,Male,7,Human Resources,HR Officer,Abuja ,Contract,2024-06-01,420100.0,Active,,
945,Christopher Flores,Male,5,Finance,Accountant,LAGOS,Full-Time,2022-07-27,322800.0,Active,,
929,Maria Aguilar,Female,7,human resources,Recruitment Specialist,Abuja,FULL-TIME,2022-03-22,432900.0,Active,,
182,Patricia Jefferson,Female,8,Procurement,Procurement Manager,PORT HARCOURT,Contract,2022-11-20,258200.0,Exited,2024-12-26,Retirement
13,Shannon Ray,Female,3,Customer Service,Call Center Agent,Abuja,Full-Time,2023-03-26,373700.0,Active,,
943,Ian Stephens,Male,1,Sales,Account Manager,Lagos,part-time,2024-05-01,320100.0,Active,,
86,Stanley Suarez,Male,8,Procurement,Buyer,Port Harcourt,Full-Time,2024-10-09,315600.0,Active,,
299,Lawrence Gomez,Male,4,IT,Systems Analyst, Lagos,full-time,2024-01-24,665500.0,Active,,
653,Natalie Morales,Female,6, Marketing,Digital Marketing Officer,Lagos,Full-Time,05-23-2025,242200.0,Active,,
505,Jeremy Miller,Male,1,Sales,Account Manager,Lagos,Full-Time,06/04/2023,0.0,Active,,
390,Laura Mckinney,Female,8,Procurement,Procurement Manager,Port Harcourt,Full-Time,2024-08-22,683500.0,Active,,
894,Jacqueline Shaw,Female,3,Customer Service,Call Center Agent,abuja,full-time,12-14-2024,376300.0, Active,,
889,Dana Ruiz,Female,5,Finance,Payroll Officer,Abuja,full-time,17/02/2022,363400.0,Exited,2023-08-11,Abscondment
136,Danny Gonzalez,Male,1,Sales,Sales Manager,LAGOS,Full-Time,2024-05-02,700700.0,active,,
585,James Baird,,7,Human Resources,HR Officer, Abuja,Contract ,2022-10-14,243400.0,Exited,2023-04-18,Termination
553,Pamela Ramirez,Female,6,MARKETING,Marketing Executive,Lagos,Full-Time,2025-05-31,390900.0,Exited,2025-09-12,Resignation
161,Kimberly Morrison,Female,4,IT,Systems Analyst,lagos, Full-Time,2024-09-15,852900.0,Active,,
709,Rachel Knight,,4,IT,Systems Analyst,Lagos,Full-Time,2022-07-24,782000.0,Active,,
539,John Adams,Male,1,Sales,Sales Executive,Lagos,Full-Time,2022-09-10,258000.0,Active,,
1000,Anna Stephens,Female,7,Human Resources,HR Officer,Abuja, Full-Time,2024-09-03,185300.0,Exited,07/09/2025,Resignation
342,Paula Palmer,Female,8,Procurement,Procurement Officer,Port Harcourt,Contract,2023-12-24,302900.0,Exited,2024-12-06,Termination
910,Mr. Brendan Anderson,Male,5,Finance,Accountant,Port Harcourt ,Full-Time,2023-07-06,553200.0,Exited,2024-11-25,Resignation
517,Michael Cooper,Male,2,Operations,Operations Manager,Lagos,Full-Time,2023-05-22,283500.0,Active,,
957,Ellen Henry,Female,1,Sales,Sales Manager,Lagos, Contract,09-08-2023,289300.0,Exited,2024-12-20,Resignation
964,Mr. Tom Foster,Male,4,IT,Systems Analyst,Lagos,Full-Time,29/03/2023,654000.0,Exited,2025-04-16,Resignation
122,Michelle Harmon,Female,6,marketing,Digital Marketing Officer,Lagos,Contract,2023-05-08,335700.0,Active,,
736,Steven Stein,Male,1,Sales,Sales Executive, Ibadan,full-time,2023-03-18,493300.0,Active,,
188,Nicholas Sheppard,Male,2,Operations,Logistics Coordinator,Lagos,Part-Time,2023-01-25,334300.0,Active,,
17,Jacqueline Clark,Female,9,LEGAL,Legal Counsel,Abuja,Full-Time,2025-04-10,444600.0,Active,,
531,Mark Jimenez,Male,10,Administration,Admin Officer,Port Harcourt,Full-Time,2022-09-29,330300.0,Active,,
456,Brenda Thornton,Female,1,SALES,Sales Manager,Lagos,Full-Time,2023-10-11,520600.0,Active,,
387,Roy Drake,Male,2,Operations,Warehouse Supervisor,lagos,Contract,2024-04-10,307800.0,ACTIVE,,
307,Sandra Scott,Female,2,Operations,Operations Manager,Abuja,Full-Time ,2025-05-29,225500.0,Active,,
922,Anna Wright,Female,3,Customer Service,Customer Support Lead,Abuja,Full-Time,2023-07-20,422400.0,Active,,
107,Stanley Johnson,Male,3,Customer Service,Customer Service Rep,Abuja,Full-Time,26/06/2025,,Exited,2025-09-26,Resignation
474,John Dominguez,Male,3,Customer Service,Customer Support Lead,Abuja,Full-Time,2022-10-13,504500.0,Active,,
24,Tommy Walter,Male,6,MARKETING,Brand Manager,Lagos,Full-Time,2025-08-01,435800.0,Active,,
835,April Rubio,Female,3,Customer Service,Call Center Agent,Abuja,Full-Time,2023-02-22,332600.0,Active,,
70,Victoria Baker,Female,4,IT,Software Developer,Port Harcourt,full-time,2023-12-21,457400.0,Active,,
423,Gavin Aguilar,Male,1,sales,Business Development Officer,Kano,Full-Time,21/10/2023,381300.0,Active,,
464,Jeffrey Mendez,Male,1,Sales,Account Manager,LAGOS,Contract,2023-05-21,494800.0,Active,,
497,Tiffany Watson,Female,3,CUSTOMER SERVICE,Call Center Agent, Abuja,Full-Time,2025-10-08,158700.0,Exited,2025-12-10,Termination
829,Daniel Jordan,Male,1,Sales,Business Development Officer,, Full-Time,2024-09-04,483200.0,Active,,
805,Rodney Richardson,Male,9,Legal,Legal Counsel,Abuja,Full-Time,2024-01-05,1082300.0,Exited,2025-07-17,Resignation
895,Christopher Brock,Male,10,Administration,Admin Officer,Port Harcourt,Full-Time ,29-Oct-2023,200000.0,Active,,
440,Joann Ferguson,Female,1,Sales,Sales Manager,Abuja,Full-Time ,2023-09-07,573800.0,Active,2025-06-15,
877,Patrick Yang,Male,2,Operations,Operations Manager,Lagos,Contract,2022-10-03,309000.0,Active,,
75,Kevin Shaw,Male,1,Sales,Account Manager,Lagos,Contract,2025-09-22,877800.0, Active,,
219,Courtney Mills,Female,2,Operations,Warehouse Supervisor,Lagos,Full-Time,2025-12-08,390400.0,Active,,
529,Amber May,Female,6,Marketing,Marketing Executive,Lagos, Full-Time,21-Aug-2025,186400.0,Exited,12-09-2025,Resignation
266,Cynthia Rowe,Female,10,Administration,Executive Assistant,Port Harcourt,Full-Time,2023-11-04,216100.0,Active,,
561,Patrick Evans MD,Male,5,Finance,Financial Analyst, Abuja,Full-Time,2024-02-24,325200.0,Active,,
111,Shannon Walker,Female,1,Sales,Business Development Officer,Abuja,Full-Time,2022-06-05,163300.0,Active,,
369,Tanya Gallegos,Female,2,Operations,Logistics Coordinator,Lagos,Full-Time,2025-06-14,542300.0,Active,,
984,Angela Singleton,Female,5,Finance,Payroll Officer,kano,full-time,30-Jun-2022,722300.0,Exited,2025-06-19,Abscondment
878,Michelle Miles,Female,10,Administration,Office Manager,port harcourt,Contract,2025-02-25,419000.0,Active,,
186,Samantha Garcia,Female,1,Sales,Account Manager,LAGOS,Full-Time ,2025-11-05,316300.0,Active,,
287,Charles Murray,Male,3,Customer Service,Customer Support Lead,Abuja,Full-Time,2022-02-03,262800.0,Active,,
651,Christine Garcia,Female,1,,Account Manager,Lagos,Full-Time,2024-10-03,351000.0,Active,,
603,Shawn Smith,Male,10,ADMINISTRATION,Executive Assistant, Ibadan,Full-Time,2025-01-15,225600.0,Active,,
837,Caitlin Cantu,Female,2,Operations ,Logistics Coordinator,Lagos,Full-Time,2024-03-26,333600.0,Active,,
420,Matthew Jones,Male,4,IT,Software Developer,Lagos,full-time,2025-04-18,359900.0,Active,,
62,Gerald Hensley,Male,8,Procurement,Procurement Manager,Port Harcourt,Part-Time,2022-10-31,586000.0,Active,,
383,Aimee Turner,Female,5,Finance,Finance Manager,Abuja,Full-Time,2025-10-02,317700.0,Exited,2025-12-05,Termination
760,Heather Woodard,Female,3,Customer Service,Customer Support Lead,ABUJA,FULL-TIME,2022-09-24,555100.0,Exited,2024-04-28,Resignation
436,Carla Guerra,Female,2,Operations,Operations Officer,Lagos,Full-Time,2023-07-17,207000.0,Active,,
674,Adrian Giles,Male,8,PROCUREMENT,Buyer,Port Harcourt,Full-Time,15/10/2024,400700.0,Active,,
644,Kendra Luna,Female,4,IT,Network Engineer,Lagos,Full-Time,2025-12-05,802100.0,Active,,
808,Paul Evans,Male,3,Customer Service,Call Center Agent,Abuja,Full-Time,12-12-2025,177400.0, Active,,
741,Mario Wheeler,Male,4,IT,Software Developer,lagos,Full-Time,2025-05-14,645300.0,Active,,
883,Dillon Brown,Male,4,it,IT Support Officer,Port Harcourt,CONTRACT,2023-12-29,730100.0, Active,,
308,Karen Drake,Female,3,Customer Service,Customer Service Rep,Abuja,Full-Time,2023-04-29,206900.0,Active,,
849,Charles Moreno Jr.,Male,6,Marketing,Marketing Executive,Lagos, Full-Time,2025-02-19,384600.0,Active,,
135,Robert Potter,Male,1,Sales,Sales Manager,Lagos,full-time,26/02/2025,642800.0,Active,,
508,Sarah Joseph,Female,1,sales,Sales Executive,,PART-TIME,2024-06-22,266900.0,Active,,
999,Jennifer Burns,Female,1,Sales,Sales Manager,Lagos,Full-Time,2023-04-18,827200.0,Active,,
350,Erika Vang,Female,5,Finance,Payroll Officer,Abuja,Full-Time,2024-11-21,645000.0,Exited,2025-11-29,Resignation
58,Richard Aguirre,Male,2, Operations,Logistics Coordinator,Lagos,Full-Time,2023-05-30,475100.0,Active,,
967,Mr. Christopher Novak,Male,2,Operations,Warehouse Supervisor,LAGOS,Full-Time,2022-04-11,495100.0,Active,,
901,Craig Mccullough,Male,4,IT,Systems Analyst,Lagos, Full-Time,2024-12-31,606100.0,EXITED,2025-11-07,Resignation
756,David Hopkins,Male,8, Procurement,Procurement Officer,PORT HARCOURT,Full-Time,2023-02-20,187200.0,Active,,
373,Mark Johnson,Male,2,Operations,Warehouse Supervisor,Lagos,Full-Time,2024-09-01,, Active,,
319,Jason Taylor,Male,9,Legal,Compliance Officer,Abuja,Full-Time,2024-01-26,623300.0,Active,,
292,Sarah Gonzalez,Female,3,Customer Service,Customer Support Lead,Abuja,Full-Time,02-Jan-2024,,Active,,
47,John Pierce,Male,8,PROCUREMENT,Procurement Officer,Lagos,Full-Time,2023-01-16,183600.0,Exited,2023-05-25,Resignation
278,Andrew Jones,Male,5,finance,Finance Manager,Abuja,Full-Time,2022-11-25,335100.0,Active,,
845,Brandi Jones,Female,1,Sales,Sales Manager,Lagos,Full-Time,2025-05-12,499500.0,Active,,
930,Robin Johnson,Female,3,Customer Service,Call Center Agent,Abuja,Contract ,2025-11-28,311400.0,Active,,
225,Linda Carter,Female,3, Customer Service,Call Center Agent,Abuja, Full-Time,2023-12-26,211200.0,Active,,
684,Jennifer Hernandez,Female,5,Finance,Payroll Officer,Ibadan,Full-Time,2022-10-21,565400.0,active,,
281,Shane Wallace,Male,6,Marketing,Digital Marketing Officer,Port Harcourt,PART-TIME,2023-04-05,523600.0,Exited,2023-09-13,Resignation
1,Alexander Hill,Male,3,customer service,Customer Service Rep,ABUJA,Contract,2023-05-17,322300.0,Active,,
942,Robert Mayo,Male,6,MARKETING,Marketing Executive,Lagos, Full-Time,2022-06-13,328400.0,Active,,
770,Tonya Wilson,Female,1,sales,Business Development Officer,Lagos,Full-Time,31/08/2023,420900.0,Active,,
67,Tracy House,Female,5, Finance,Accountant,Abuja,Full-Time,2025-12-07,585900.0,Active,,
556,Nicole Gonzalez,Female,4,IT,Software Developer,Lagos,Full-Time,2022-03-02,791000.0,Active,,
735,Edgar Hughes,Male,1,Sales,Business Development Officer,Lagos,Full-Time,2024-04-18,175600.0,Exited,2025-01-03,Resignation
822,Derrick Perry,Male,5,Finance,Accountant,abuja,Full-Time,2025-05-15,658400.0,Exited,2025-12-10,Resignation
575,Daniel Nguyen,Male,2,Operations,Warehouse Supervisor,Lagos,Full-Time,2025-03-08,392200.0,exited,2025-10-23,Abscondment
551,James Hudson,Male,6,Marketing,Marketing Executive,Lagos ,Full-Time,2024-03-11,155000.0,Active,,
295,William Barrett,Male,1,Sales,Business Development Officer, Ibadan,Full-Time,07-17-2025,159200.0,Exited,2025-10-02,Retirement
355,Jody Perry,Female,5,Finance,Finance Manager,Kano,Full-Time,28/03/2025,321400.0,Active,,
747,Ernest Oconnell,Male,1,Sales,Sales Manager,lagos,Full-Time,2025-11-22,450200.0,Active,,
246,Mr. Jose Travis,Male,5,Finance,Payroll Officer,Abuja,Full-Time,2023-05-14,323500.0,Active,,
258,Jordan Suarez,Male,3,Customer Service,Customer Support Lead, Abuja, Full-Time,2024-10-23,290100.0,Exited,2025-01-22,Abscondment
162,Daniel Graham,Male,8,Procurement,Procurement Manager,Port Harcourt,Full-Time,2024-02-25,195700.0,Exited,29-Dec-2025,Resignation
727,Rebecca Marquez,Female,4,IT,Software Developer,Ibadan,Full-Time,10-Oct-2023,405400.0,Exited,2025-05-01,Retirement
609,Nancy Gibbs,Female,4,IT,Network Engineer,Lagos,Full-Time,2023-11-21,592500.0,Active,,
524,Krista Martinez,Female,2,Operations,Logistics Coordinator,LAGOS,Full-Time,2023-08-04,323400.0,Active,,
680,Vicki Harrison,Female,7,Human Resources,HR Manager,ABUJA,Full-Time,10/11/2023,333700.0,Active,,
859,Nicole Phillips,Female,3,Customer Service,Customer Service Rep,Abuja ,Full-Time,01-01-2023,247400.0,Active,,
996,Matthew Greene,Male,3,CUSTOMER SERVICE,Customer Service Rep,Abuja,Contract,2022-10-26,140600.0,Active,,
248,Isaiah Avila,Male,4,IT ,Systems Analyst,Lagos,Full-Time,2022-06-06,523400.0,Active,,
847,Stanley Taylor,Male,4,it,IT Support Officer,Lagos,Full-Time,2023-07-20,524900.0,Active,,
240,Lauren Walters,Female,2,Operations,Operations Manager,Lagos,Full-Time,2023-06-08,623000.0,ACTIVE,,
221,Elizabeth Oliver DDS,Female,3,Customer Service ,Customer Support Lead,Abuja ,Full-Time,14-Jul-2022,175000.0,Active,,
833,Ariana Bowers,Female,10,administration,Office Manager,PORT HARCOURT,Full-Time,2022-11-13,309600.0,Active,,
93,Dalton Walters,Male,1,Sales,Account Manager,Lagos,Full-Time,2023-08-09,749000.0,Active,,
115,Mrs. Margaret Ross,Female,8,Procurement,Procurement Officer,Port Harcourt,Full-Time,2024-01-12,155700.0,Active,,
648,Desiree Pineda,Female,7,Human Resources,HR Officer,Abuja, Full-Time,2024-04-05,329500.0,Exited,2025-07-20,Resignation
983,Marilyn Mcdaniel,Female,3,Customer Service,Customer Service Rep,Kano,Full-Time,2025-12-24,286000.0,Active,,
77,Charlene Larson,Female,9,legal,Compliance Officer,abuja,Full-Time,2023-08-29,780000.0,Active,,
985,Emma Lynn,Female,6,marketing,Brand Manager,Lagos, Part-Time,2022-03-23,797600.0,Active,,
552,Juan Jones,Male,3,CUSTOMER SERVICE,Customer Support Lead,Abuja ,FULL-TIME,05-04-2023,161800.0,Exited,2023-09-29,Resignation
133,Rebecca Jackson,Female,1,sales,Account Manager,Lagos,FULL-TIME,04-16-2022,519100.0,Active,,
526,Todd Moore,Male,3,Customer Service ,Customer Service Rep,Abuja,Contract,2024-07-30,356900.0,Exited,2025-12-11,Resignation
367,Renee Bruce,Female,1,SALES,Account Manager,Abuja,Full-Time,18/08/2023,730500.0,Exited,2025-10-17,Resignation
59,Brent Jordan,Male,4,IT,Software Developer,Lagos,Full-Time,2023-07-21,369300.0,Exited,2024-08-25,Resignation
290,Jessica Reed,Female,6,Marketing,Marketing Executive,kano,Full-Time,2024-11-05,540800.0,Active,,
247,Kimberly Gutierrez,Female,2,Operations,Operations Officer,Lagos,Full-Time,2023-09-28,512500.0,ACTIVE,,
924,Wanda Johnson,Female,1,Sales,Sales Manager,Lagos,FULL-TIME,2022-07-03,618600.0,Active,,
875,Anthony Miller,Male,2,operations,Operations Officer,Lagos,full-time,28-Apr-2023,485900.0,Active,,
41,Richard Moreno,Male,2,Operations,Warehouse Supervisor,Lagos,Full-Time,2025-02-01,278400.0,exited,09-Apr-2025,Retirement
90,Mary Mcmillan,Female,1,SALES,Account Manager,Ibadan ,full-time,2025-06-08,589900.0,Active,,
193,Lisa Gray,Female,3,Customer Service,Customer Support Lead, Port Harcourt,Full-Time,2023-11-25,170000.0,Active,,
427,Robert Santiago,Male,4,,IT Support Officer,LAGOS,Full-Time,2025-02-07,707700.0,Active,,
69,James Brown,Male,5,Finance,Accountant,Abuja,Part-Time,2023-01-31,554800.0,Active,,
665,Elizabeth Zimmerman,Female,2,Operations ,Operations Officer,Lagos,contract,2024-08-28,197700.0,ACTIVE,,
987,Kimberly Villanueva,Female,6,Marketing,Brand Manager,LAGOS,Full-Time,23-Oct-2024,253100.0,Active,,
140,David Douglas,Male,9,Legal,Legal Officer,Abuja,Contract,2022-06-03,652000.0,Exited,15/11/2024,Resignation
940,Breanna Gonzalez,Female,10,Administration,Executive Assistant,Port Harcourt, Full-Time,01/07/2025,241300.0,Active,,
475,Robert Brown,Male,4,IT,Systems Analyst,Lagos,Full-Time,2024-05-16,217900.0,Active,,
119,Lisa Dixon,Female,2,Operations,Warehouse Supervisor,Lagos,Full-Time,2024-10-09,425700.0,Active,,
972,Wendy Sanford,Female,4,IT,IT Support Officer,Lagos,Full-Time,2025-05-01,515200.0,Active,,
975,Patrick Young,Male,1,Sales,Sales Executive,Lagos,Full-Time,2022-04-22,,Active,,
795,Katherine Taylor,Female,1,Sales,Sales Manager,Lagos,full-time,2023-11-11,461100.0,Active,,
351,Jody Jacobs,Female,2,Operations,Operations Manager,Lagos,Full-Time,2025-06-16,536300.0,Active,,
841,Matthew Padilla,Male,3,customer service,Customer Support Lead,Ibadan,Full-Time,30-Jun-2022,234900.0,exited,2023-11-26,Abscondment
703,Jake Sullivan,Male,2,Operations,Operations Officer,Lagos ,Full-Time,2022-08-06,261900.0,Active,,
777,Carrie Moore,Female,4,IT,Network Engineer,Lagos,Full-Time,2022-02-04,634500.0,Active,,
386,James Padilla,Male,3,CUSTOMER SERVICE,Customer Support Lead,Abuja,Full-Time,2025-11-19,315400.0,Active,,
935,Allen Vega,Male,9,Legal,Compliance Officer,Abuja,Full-Time,2025-09-10,428300.0,active,,
886,Holly Scott,Female,1,Sales,Sales Executive,lagos,Full-Time,2023-12-05,,Active,,
15,Bobby Hall,Male,4,IT,IT Support Officer,kano,FULL-TIME,10-07-2023,329400.0,Exited,2025-04-30,Retirement
376,Keith Miller,Male,4,IT,Software Developer, Ibadan,Full-Time,11/10/2024,634600.0,Exited,28/12/2025,Resignation
83,Elizabeth Stewart,Female,8,Procurement,Procurement Officer,Port Harcourt ,full-time,27/04/2023,387900.0,Active,,
496,Keith Jacobs,Male,5,Finance,Finance Manager,Abuja,FULL-TIME,2024-07-26,749800.0,Active,,
701,Chase Lee,Male,1,Sales,Sales Manager,Lagos,full-time,2025-07-14,588500.0,Exited,2025-11-04,Resignation
916,Kevin Moore,Male,1,Sales,Sales Manager,Lagos,Full-Time,2024-06-26,886800.0,Active,,
579,Michael Bishop,Male,7,human resources,HR Officer,ABUJA,FULL-TIME,2024-07-09,192500.0,Active,,
89,Adam Montoya,Male,3,Customer Service,Call Center Agent,abuja,Full-Time,09-06-2022,277700.0,Active,,
364,Laura Lewis,Female,5,Finance,Accountant,PORT HARCOURT,Full-Time,2023-08-15,532600.0,Active,,
274,Wayne Morgan,,8,Procurement,Procurement Manager,Ibadan,Contract,2023-02-02,,Active,,
173,Tiffany Gonzalez,Female,5,Finance,Financial Analyst,Kano,Full-Time,2024-02-18,620200.0,Active,,
782,Christine Goodwin,Female,6,Marketing,Brand Manager,Lagos,Full-Time,2025-10-19,762600.0,Active,,
104,Penny Henson,Female,2,Operations,Warehouse Supervisor,Lagos ,Full-Time,2024-05-13,450700.0,Active,,
758,John Morales MD,Male,2,Operations,Operations Manager,Lagos,Full-Time,2022-12-30,431100.0,Active,,
447,Ryan Rosales,Male,1,SALES,Sales Manager,Lagos,full-time,2025-12-30,865600.0,Active,,
372,Keith Morales,Male,6,Marketing,Brand Manager,Lagos,Full-Time,2022-01-11,816700.0,Active,,
46,Philip Cannon,Male,3,Customer Service,Call Center Agent,ABUJA, Full-Time,2022-04-13,190800.0,Active,,
787,Kevin Bailey,Male,4,IT,Software Developer,Lagos,Part-Time,2025-03-07,886500.0,Active,,
450,Daniel Hayes,Male,1,SALES,Sales Executive,LAGOS,Full-Time,2023-12-10,643300.0,Exited,30/04/2025,Retirement
852,Shannon Miller,Female,2,Operations,Operations Officer,Lagos,Full-Time,10-27-2024,260300.0,Active,,
608,Jimmy Scott,Male,3,Customer Service,Customer Service Rep, Abuja,full-time,2024-01-18,128800.0,Active,,
892,Jason Morris,Male,2,Operations,Warehouse Supervisor,,Full-Time,2022-06-20,517000.0,Exited,2023-07-03,Retirement
12,Mr. Juan Calderon,,1,Sales,Sales Manager,Lagos, Full-Time,05-17-2023,,Exited,2024-08-07,Resignation
215,Samantha Morales,Female,8,PROCUREMENT,Procurement Manager,Port Harcourt,Part-Time,2022-03-05,315600.0,Exited,2025-01-08,Resignation
345,Judith Maynard,Female,4,IT,Software Developer,Lagos,Full-Time,02-03-2023,323600.0,Active,,
704,William Perez,Male,2,Operations,Logistics Coordinator,Lagos ,Full-Time,2023-02-18,159700.0,Active,,
815,Michael Roberts,Male,5,Finance,Accountant,Abuja,FULL-TIME,2023-11-08,587000.0,Active,,
148,Joshua Merritt,Male,10,Administration,Admin Officer,Kano,Full-Time,04-17-2025,349500.0,Active,,
300,Lisa Byrd,Female,1,Sales ,Business Development Officer,Ibadan,Contract,2023-11-26,359400.0,Active,,
284,Joseph Knight,Male,2,Operations,Operations Officer,Lagos,Full-Time,2023-03-18,214400.0,Active,,
749,Dana Bennett,Female,5, Finance,Finance Manager,Ibadan,Full-Time,2022-01-27,789000.0,Active,,
413,Frank Alvarez,Male,2,Operations,Warehouse Supervisor,Lagos, Part-Time,07-Apr-2022,172800.0,Active,,
633,Julia Roman,Female,3,Customer Service,Customer Service Rep,,Full-Time,2024-03-04,129000.0,EXITED,28/05/2025,Resignation
799,Michael Perry,Male,6,Marketing,Brand Manager,Lagos,Part-Time,2025-04-06,676500.0,Active,,
745,Shannon Mccann,Female,1,Sales,Account Manager,lagos,FULL-TIME,07-Feb-2025,416500.0,Active,,
934,Kenneth Underwood,Male,5,Finance,Financial Analyst,Abuja,Full-Time,2024-01-16,500400.0,Active,,
923,Kayla Byrd,Female,1,Sales,Sales Manager,Lagos,full-time,03-28-2022,706500.0,Active,,
174,Brittany Martinez,Female,4,IT,Software Developer, Lagos,Part-Time,2023-04-26,586300.0,Active,,
437,Rhonda Martin,Female,3,Customer Service,Customer Service Rep,Abuja,Contract,2025-11-30,184900.0,Active,,
932,Taylor Calderon,Male,6,marketing,Marketing Executive, Lagos,Full-Time,2024-07-09,305400.0,Active,,
227,Melissa Bradshaw,Female,1,Sales,Sales Executive,LAGOS,Full-Time,12-Mar-2023,619200.0,exited,2024-09-15,Resignation
306,Valerie Schmidt,Female,9,legal,Compliance Officer,Abuja,Full-Time,2022-04-28,329000.0,Exited,2024-10-05,Resignation
32,James Ferrell,Male,5,finance,Finance Manager,Abuja ,Full-Time,2025-02-08,657800.0, Active,,
522,Gregory Everett,Male,2,Operations,Warehouse Supervisor,Lagos,Full-Time ,2025-11-29,287700.0,Active,,
482,Steve Paul,Male,2,Operations,Warehouse Supervisor,Lagos,Full-Time,06/08/2024,339200.0,Active,,
599,Joseph Sharp,Male,4,IT,IT Support Officer,Lagos,full-time,2025-09-07,732700.0,Active,,
286,Manuel Allen,Male,7,Human Resources,HR Officer,Abuja,Full-Time,2025-06-29,246400.0,Active,,
740,Angela King,Female,5,Finance,Accountant,ABUJA,full-time,22/12/2022,386300.0,Active,,
487,Frank Miller,Male,5,Finance,Finance Manager,Abuja,Full-Time,2025-12-26,671100.0,Active,,
917,John Russell,Male,2,Operations,Operations Manager,Lagos,full-time,2022-07-12,621800.0,Active,,
620,Thomas Phillips,Male,3,CUSTOMER SERVICE,Customer Support Lead,Abuja,Full-Time,2024-02-15,392600.0,Active,,
117,Mrs. Tonya Baker,Female,5, Finance,Payroll Officer,Abuja,Full-Time,2025-04-28,361800.0,Active,,
453,Alyssa Galvan,Female,3, Customer Service,Customer Support Lead,Abuja,Full-Time,2025-02-06,210700.0,Active,,
951,Mrs. Sarah Salinas MD,Female,1,Sales,Account Manager,Lagos, Full-Time,2025-07-20,410000.0,Active,,
510,Barbara Harris,Female,4,IT,Software Developer,LAGOS,Full-Time,2023-12-15,433100.0,Active,,
96,April Wise,Female,6,Marketing,Digital Marketing Officer,lagos,Contract,2024-05-10,382300.0,Active,,
262,Yvonne Burns,Female,2,Operations,Operations Officer,Lagos,Full-Time,2025-08-18,197800.0,Active,,
639,William Brewer,Male,6,Marketing,Digital Marketing Officer,Lagos,Contract,2024-10-25,265400.0,Active,,
693,Jennifer Kirby,Female,3,Customer Service,Customer Support Lead,ABUJA,Full-Time,2025-05-06,505000.0,Active,,
578,Patricia Le,Female,10,Administration,Admin Officer,Port Harcourt,Full-Time,2023-02-20,263100.0,Exited,2025-06-17,Termination
672,Misty Hansen,Female,3,Customer Service,Customer Support Lead, Abuja,Full-Time,2025-08-27,159100.0,Active,,
103,Daniel Wright,Male,6,Marketing,Marketing Executive,Lagos,Full-Time,2023-11-02,425300.0,Exited,2024-11-30,Resignation
63,Connor West,Male,5,FINANCE,Finance Manager,Abuja,FULL-TIME,2022-03-23,381000.0,Active,,
205,Barbara Herrera,Female,4, IT,Software Developer,Lagos,Full-Time,2023-01-24,752400.0,Active,,
480,Heather Norman,Female,1,Sales,Account Manager,ibadan,Full-Time,2022-08-05,838600.0,Exited,03-16-2024,Resignation
791,Catherine Steele,Female,7,Human Resources,Recruitment Specialist,ABUJA,Part-Time,2023-02-01,165600.0, Active,,
185,Katie Peterson,Female,5,Finance,Finance Manager,Port Harcourt,Full-Time,2022-02-14,312500.0,Active,,
706,Peter Davis,Male,4,IT,Network Engineer,Lagos,Part-Time,2022-01-06,329700.0,Exited,2022-09-05,Resignation
737,Kenneth Jackson MD,Male,1,Sales,Account Manager,Lagos,Full-Time,2024-04-28,529400.0,Exited,2024-10-31,Resignation
92,Dominic Jacobs,Male,1,Sales ,Account Manager,lagos,Part-Time,2024-12-03,462100.0,Active,,
946,Stephanie Osborne,Female,4,IT,IT Support Officer,Lagos,Full-Time,07-Sep-2025,783000.0,Active,,
712,John Williams,Male,8,Procurement,Procurement Manager,Port Harcourt,Full-Time,2024-06-15,0.0,Active,,
773,Jessica Horton,Female,2,Operations,Operations Officer, Lagos,full-time,2025-12-10,536200.0,Active,,
619,Michael Collins,Male,1,Sales,Sales Executive,Lagos,Full-Time,2024-06-16,569900.0,Active,,
734,Linda Nguyen,Female,7,Human Resources,Recruitment Specialist,Abuja,Contract,2025-12-08,476700.0,Active,,
412,Joanna Pacheco,Female,8,Procurement,Procurement Officer,port harcourt,Full-Time ,2025-04-26,426600.0,Active,,
347,Katherine Browning,Female,2,Operations,Operations Officer,Lagos,Full-Time,2022-07-18,537300.0,Active,,
485,Rebecca Acosta,Female,4,IT,Network Engineer, Lagos,Full-Time,12-03-2024,390800.0,Active,,
818,Thomas Riddle,Male,2,OPERATIONS,Operations Manager,Lagos,Full-Time,2022-03-22,359200.0,Active,,
30,Amber Rodriguez,Female,3,Customer Service,Customer Service Rep,Abuja,Full-Time,2025-12-31,234000.0,Active,,
55,Shannon Jones,Female,1,Sales,Sales Executive,Lagos,Full-Time,09-Feb-2025,343400.0,Active,,
492,Heidi Owen,Female,8,Procurement ,Buyer,Port Harcourt,Full-Time,2022-01-10,208500.0,Active,,
40,Christian Farmer,Male,1,Sales,Business Development Officer,Lagos,Full-Time,2024-08-05,358700.0,Active,,
158,Ralph James,Male,4,IT,IT Support Officer,Lagos,Full-Time,29/09/2023,769700.0,Active,,
797,Adam Taylor,Male,10,ADMINISTRATION,Admin Officer,Port Harcourt,Full-Time,2022-06-17,379400.0,Active,,
147,Nathan Wagner,Male,2,Operations,Warehouse Supervisor,lagos,Contract,05-21-2025,145000.0,Active,,
222,Theresa Clark,Female,2,Operations,Logistics Coordinator,Lagos,Full-Time,2022-11-09,166000.0,Active,,
726,Mary Miller,Female,1,Sales,Business Development Officer,Lagos, Full-Time,2022-06-11,551300.0,Active,,
866,Andrea Baker,Female,3,Customer Service,Customer Support Lead,Abuja ,Full-Time,2024-11-12,259500.0,Active,,
606,Todd Rosales,Male,1,Sales,Sales Manager,Lagos,Full-Time,2022-12-30,458800.0,Active,,
721,Jeffrey Roberson,Male,1, Sales,Business Development Officer,Lagos,Full-Time,2023-05-25,288400.0,Active,,
395,James Collins,Male,1,Sales,Business Development Officer,Lagos,Full-Time,2024-11-11,492800.0,Active,,
53,David Robinson,Male,4,IT,IT Support Officer,Lagos,Full-Time,2022-09-29,211600.0,Active,,
626,Jillian Padilla,Female,3,Customer Service,Customer Service Rep,Abuja,Full-Time,2023-11-10,133400.0,Exited,2024-07-21,Termination
864,Holly Vega,Female,4,IT,Software Developer,,Full-Time,2025-01-13,604800.0,Active,,
360,Laurie Hoffman,Female,7,Human Resources,Recruitment Specialist,Abuja,full-time,2025-12-16,418000.0,Active,,
676,Larry Harris,Male,4,IT,Systems Analyst, Lagos,Full-Time,2023-04-01,420000.0,Active,,
403,Jerry Glass,Male,2,OPERATIONS,Logistics Coordinator,Lagos,Contract,2025-01-05,198400.0,Active,,
774,Elizabeth Patrick,Female,4,IT,Software Developer,Lagos,Full-Time,2022-11-11,,Exited,2024-11-19,Resignation
422,Matthew Escobar,Male,1,Sales,Sales Manager,lagos,Full-Time,2024-09-07,260500.0,active,,
449,Brittany Kim,Female,9,Legal,Legal Counsel,Port Harcourt,Full-Time,26/02/2024,706100.0,Active,,
166,Kristy Johnson,Female,3,Customer Service,Customer Support Lead,ABUJA,Full-Time,2025-11-29,176900.0,Active,,
285,Carolyn Miller,Female,4, IT,Software Developer,Lagos,Full-Time,2023-05-02,824900.0, Active,,
81,Taylor Harris,Female,5,Finance,Payroll Officer, Abuja,Full-Time ,15-Oct-2025,235400.0,Exited,29-Dec-2025,Termination
228,Mario Guerrero,Male,1, Sales,Sales Executive,Lagos,Full-Time,13/02/2025,437200.0,Active,,
448,Phillip Nelson,Male,1,Sales,Account Manager,Lagos,Full-Time,2023-05-08,526500.0,Active,,
354,Jesse Perez,,10,Administration,Office Manager,port harcourt,Part-Time,2025-11-10,457300.0,Active,,
311,Veronica Coffey,Female,2,OPERATIONS,Warehouse Supervisor,Lagos ,Part-Time,2023-07-25,467800.0,Active,,
731,Derrick Anderson,Male,10,administration,Admin Officer, Port Harcourt,Full-Time,2023-11-11,176900.0,Active,,
260,Timothy Romero,Male,4,IT,IT Support Officer,Lagos,Contract ,2025-12-20,442400.0,Active,,
324,Jason Garcia,Male,7,Human Resources,HR Manager,abuja,Full-Time,2022-04-24,671800.0,Active,,
10,Sarah Munoz,Female,1,Sales,Sales Executive,Lagos,Full-Time,2024-02-18,624400.0,Active,,
683,Debbie Donovan,Female,2,Operations,Logistics Coordinator,Lagos,Part-Time ,2022-11-05,333200.0,Exited,2024-02-18,Retirement
869,Mia Miller,Female,1,Sales,Sales Executive,Lagos,Full-Time,2024-07-31,153900.0,Active,,
31,Rebecca Henderson,Female,1,sales,Business Development Officer, Ibadan,FULL-TIME,2022-09-05,165700.0,Active,,
939,Juan Brown,Male,2,Operations,Operations Officer,Lagos,Full-Time ,2024-09-21,475000.0,Exited,2024-12-06,Resignation
180,James Espinoza,Male,8,Procurement,Procurement Manager,Abuja,Full-Time,21/04/2023,448200.0,Active,,
28,Steven Ross,Male,8,Procurement,Buyer,Port Harcourt,Full-Time,2022-05-22,174200.0,Active,,
34,Nathan Maldonado,Male,2, Operations,Logistics Coordinator,Lagos,FULL-TIME,03/05/2023,,Active,,
335,Erin Hernandez,Female,8,,Procurement Manager,Port Harcourt,CONTRACT,2025-05-27,580000.0,Exited,2025-10-15,Resignation
362,Paul Parrish,Male,6,Marketing,Digital Marketing Officer,Port Harcourt,Full-Time,23-Jan-2025,532800.0,Active,,
294,Laura Haney,Female,7,Human Resources,HR Officer,Abuja,Contract,2025-01-23,355500.0,Active,,
786,Mark Harper,Male,3,Customer Service,Customer Service Rep,Abuja,Full-Time ,2025-06-17,252800.0,Active,,
963,Sarah Valencia,Female,10,Administration,Admin Officer,Port Harcourt,Full-Time,2022-03-26,125800.0,Active,,
198,Katherine Chang,Female,4,IT,IT Support Officer,Lagos,Full-Time,2025-07-25,523800.0,Active,,
898,Aimee Gonzalez,Female,8,Procurement,Buyer,Port Harcourt ,Full-Time,2024-12-29,317200.0,active,,
393,Thomas Davis,Male,4,IT,Software Developer,Lagos ,Full-Time,2024-11-01,222800.0,Exited,2025-10-01,Retirement
547,Anthony Simpson,Male,4,IT,Software Developer,Lagos,Full-Time,2022-01-29,636700.0,Active,,
792,Jennifer Taylor,Female,8,Procurement,Procurement Manager,Port Harcourt,Full-Time,2023-09-19,446400.0,Active,,
635,Laura Williams,Female,1,Sales,Sales Manager,Lagos,FULL-TIME,2025-03-01,497800.0,Exited,2025-11-08,Resignation
536,Erik Higgins,Male,1,Sales,Sales Executive,Lagos,Full-Time,2022-01-18,631600.0,Active,,
511,Richard Johnson,Male,5, Finance,Payroll Officer,Lagos,CONTRACT,2023-05-01,557200.0,Exited,2025-07-24,Termination
123,Helen Jones,Female,3,Customer Service ,Customer Support Lead,Abuja, Full-Time,07-10-2022,292400.0,Active,,
379,Jessica Nelson,Female,1,Sales,Sales Manager,ibadan,Full-Time,2023-07-13,436500.0,Exited,04-Jan-2024,Resignation
39,Elizabeth Fowler,Female,3,Customer Service,Customer Service Rep,ABUJA,Part-Time,2023-01-25,359600.0,Active,,
583,Gregory Peck,Male,1,Sales,Account Manager,Lagos ,Part-Time,2022-04-11,662100.0,Active,,
675,Mrs. Yvonne Mendoza,Female,1,Sales,Business Development Officer,lagos,Part-Time,2022-03-14,559500.0,Active,,
163,George Shelton,Male,7,Human Resources,HR Officer,Abuja, Contract,2024-04-29,201700.0,Active,,
68,Christopher Tucker,Male,2,Operations,Warehouse Supervisor, Lagos,Full-Time,2024-07-31,446100.0,Active,,
125,Michelle Evans,Female,6,Marketing,Brand Manager,Lagos,Full-Time,21/05/2024,275000.0,Active,,
5,Cristian Santos,Male,1,SALES,Sales Manager,Lagos,Full-Time,2023-11-28,423000.0,Active,,
698,Kendra Hill,Female,6,Marketing,Brand Manager,Lagos,Part-Time,2025-05-01,221300.0,Active,,
763,Amanda Terrell,Female,1,Sales,Sales Executive,Lagos,Full-Time,2023-10-13,344000.0,Active,,
428,Nancy Jennings,Female,3,CUSTOMER SERVICE,Customer Support Lead,Abuja,Part-Time,2023-11-07,519700.0,Active,,
615,Troy Turner,Male,2,Operations,Operations Officer,ABUJA,Full-Time,2023-11-10,176300.0,Active,,
670,Debra Nunez,Female,3,Customer Service,Call Center Agent,Abuja,Contract,2025-06-01,303700.0,Active,,
507,Austin Daniels,Male,2,Operations,Operations Officer,LAGOS,Full-Time,2025-01-17,352800.0,Active,,
911,Benjamin Bradley,Male,8,Procurement,Procurement Officer,Port Harcourt,Full-Time ,31/01/2022,234500.0,Active,,
400,Craig Morrison,Male,3,Customer Service,Customer Service Rep,Ibadan,Full-Time,06-Mar-2022,194600.0,Active,,
632,Jose Bryant,Male,2,Operations,Logistics Coordinator,lagos,FULL-TIME,2024-08-22,451400.0,Active,,
353,Patricia Le,Female,2,Operations,Warehouse Supervisor, Lagos,Full-Time,01-25-2024,504400.0,Active,,
843,Melanie Smith,Female,1,Sales,Account Manager,Lagos,full-time,2025-05-08,397300.0,exited,2025-08-20,Abscondment
664,Paul Wells,Male,6,Marketing,Marketing Executive,Lagos ,Full-Time,2025-10-19,535700.0,Exited,28-Dec-2025,Retirement
261,Diane Evans,Female,2,Operations,Operations Manager, Lagos,Full-Time,2023-08-03,455600.0,Active,,
334,Christine Robinson,Female,3,Customer Service,Customer Service Rep,ABUJA,Full-Time,2022-11-20,292000.0,Active,,
154,Michael Mccarthy,Male,8,Procurement,Procurement Manager,Lagos,Full-Time,2025-09-08,503200.0,Active,,
397,Brian Hicks,Male,1,Sales,Business Development Officer,Lagos,Full-Time,2023-09-24,284500.0,Active,,
502,Jeremy Davies,Male,5,Finance,Finance Manager,Ibadan,full-time,2022-10-07,593700.0,EXITED,2025-01-30,Termination
374,Daniel Barnes,Male,1,Sales,Account Manager,Lagos,Contract,15-Aug-2025,691500.0,Exited,25/10/2025,Resignation
313,Joshua Gibson,Male,3,Customer Service,Customer Support Lead,Abuja,Full-Time,12-Dec-2025,,Active,,
43,Sherry Decker,Female,3,Customer Service,Customer Service Rep,Abuja,Contract,2022-01-05,389100.0,Active,,
762,Matthew Kelly,Male,3,customer service,Call Center Agent,Abuja ,Contract,2025-09-17,221400.0,Active,,
523,Ryan King,Male,1,sales,Business Development Officer,Lagos,Contract,2024-05-29,426900.0,Active,,
952,Sarah Thompson,,3,Customer Service,Call Center Agent,Abuja,Full-Time,2025-01-22,206400.0,Exited,2025-12-29,Resignation
856,Lindsay Lawson,Female,8,Procurement,Buyer,Port Harcourt,full-time,2023-03-28,418700.0,Active,,
804,Brian Wilson,Male,2,Operations,Warehouse Supervisor,Lagos,Full-Time,2025-03-05,471400.0,Active,,
686,Mary Cohen,Female,1,Sales,Sales Executive,Lagos,Part-Time,2023-07-15,263600.0,Exited,2025-11-13,Abscondment
614,Debbie Young,Female,4,it,Software Developer,Lagos,Full-Time,10-14-2023,303200.0,Active,,
600,Thomas Thompson,Male,1,Sales,Sales Manager,Lagos,Full-Time,2024-03-06,351700.0,Active,,
759,Michael Stephens,Male,2,Operations,Operations Manager,Kano,Full-Time,2022-09-02,543700.0,Active,,
641,Terry Bennett,Male,3,Customer Service ,Customer Service Rep,Abuja, Contract,16/09/2022,286500.0,Exited,24/04/2023,Resignation
594,Randy Smith,Male,6,Marketing,Digital Marketing Officer, Lagos,Full-Time,2024-05-08,357700.0,Exited,2025-12-27,Resignation
446,Shelly Spencer,Female,8,PROCUREMENT,Buyer,Port Harcourt,Full-Time,09-Mar-2022,171400.0,Exited,2024-02-11,Resignation
273,Matthew Moore,Male,4,IT,Network Engineer,lagos,Full-Time,2024-07-08,327300.0,Active,,
881,Priscilla Adams,Female,10,Administration,Executive Assistant,port harcourt,Full-Time ,12/06/2023,321900.0,Active,,
520,Anthony Martinez,Male,1,Sales,Business Development Officer,Lagos,Full-Time,2023-07-24,213900.0,Active,,
378,Denise Stanley,Female,6,Marketing,Digital Marketing Officer,Lagos,Full-Time,06/08/2025,491200.0,Active,,
499,Marie Wright,Female,1,Sales,Business Development Officer,Lagos,Full-Time,23-Mar-2025,453500.0,Active,,
882,Patricia Johnson,Female,8,Procurement,Procurement Officer,Port Harcourt,CONTRACT,2025-10-23,485300.0,Active,,
824,Kelli Ramirez,Female,1,Sales,Sales Executive,Lagos,Full-Time,2024-02-29,285200.0,Exited,2024-05-15,Abscondment
826,Aaron Schroeder,Male,8,Procurement ,Buyer,PORT HARCOURT,Full-Time ,2022-08-29,486700.0,Exited,2023-07-21,
98,Jessica Smith,Female,3,Customer Service,Customer Support Lead,Abuja,Full-Time,2025-01-23,164300.0,Active,,
129,Elizabeth Kelley,Female,10,Administration,Admin Officer,Port Harcourt,Contract,2023-08-30,260600.0,Active,,
545,Alexander Landry,Male,1,sales,Sales Executive,PORT HARCOURT,Full-Time ,28-Sep-2022,181100.0,Active,,
380,Ashley Jordan,,6, Marketing,Marketing Executive,Lagos,Full-Time,2025-08-20,350700.0,Active,,
204,David Martinez,Male,2,Operations,Logistics Coordinator,Lagos,Full-Time,2025-11-05,505100.0,Active,,
344,Rachel Camacho,,9,Legal,Legal Officer,Port Harcourt,Full-Time,2024-04-05,564600.0,Active,,
732,Joann Peters,Female,3,Customer Service,Call Center Agent,Abuja,full-time,2024-07-15,,Exited,06/10/2025,Retirement
812,Carol Taylor,Female,4,IT,Network Engineer,lagos, Full-Time,22/05/2025,653500.0,Exited,2025-08-25,Resignation
519,Tracy Reynolds,Female,7,Human Resources ,HR Manager,Abuja ,FULL-TIME,21/07/2025,553900.0,Active,,
783,Amy Garcia,Female,9,Legal,Legal Officer, Abuja,Full-Time ,10/02/2025,477600.0,Exited,2025-05-02,Retirement
489,Michael Bell,Male,2,Operations,Operations Manager,Lagos,Contract,2023-11-09,473600.0,Active,,
238,Mr. Derrick Williams DDS,Male,1,Sales,Account Manager,Lagos,Full-Time,2025-04-29,644100.0,Active,,
550,Nicholas Gallagher,Male,3,Customer Service,Customer Support Lead,Abuja,Full-Time,2022-06-11,490000.0,active,,
401,Matthew Thompson,Male,5,FINANCE,Accountant,abuja, Part-Time,15/08/2025,624500.0,Active,,
571,Brian Smith,Male,1,Sales,Account Manager,lagos,Full-Time,2025-09-08,278900.0,Active,,
233,Michael Lyons,Male,7,Human Resources,Recruitment Specialist,Abuja,Full-Time,2024-02-10,294500.0,Active,,
443,Julia Campbell MD,Female,1,Sales ,Business Development Officer,Lagos,Full-Time,2023-11-10,168300.0,Active,,
99,Stephen Mckee,Male,10,Administration,Office Manager,Port Harcourt,Part-Time,2024-06-11,412800.0,Active,,
879,Troy Mills,Male,10,ADMINISTRATION,Office Manager,port harcourt,Full-Time,2022-12-01,241700.0,Exited,2024-07-03,Resignation
982,Ashley Mendoza,Female,2,Operations,Logistics Coordinator,Lagos,FULL-TIME,2023-08-23,165600.0,Active,,
512,Jackie Lara,Female,6,Marketing,Brand Manager,Lagos,Full-Time,2024-05-26,247900.0,EXITED,14-Dec-2024,Termination
840,Eric Lyons,Male,5,finance,Accountant,Abuja,FULL-TIME,2025-07-26,,Exited,2025-10-05,Termination
218,Bailey Duran DDS,Female,2,Operations,Logistics Coordinator,LAGOS,Full-Time,08-May-2025,348100.0,ACTIVE,,
361,Bryan Gomez,Male,4,IT,Systems Analyst,Ibadan,Full-Time,2024-12-12,815000.0,Active,,
559,Larry Robertson,Male,3,Customer Service,Customer Support Lead,Abuja,Full-Time,2022-07-30,472700.0,Active,,
742,Ashley Torres,Female,8,Procurement,Buyer,Ibadan,Full-Time,2025-06-01,453300.0,Active,,
962,Kevin Stark,Male,4,IT,IT Support Officer,Lagos,Full-Time,2025-05-18,252900.0,Active,,
226,Michelle Warner,Female,9,Legal,Legal Counsel,Abuja ,Part-Time,2023-08-13,1090600.0,Active,,
19,Christopher Daniel,Male,2,Operations,Operations Manager,lagos,Part-Time,2025-10-25,400800.0,Active,,
169,Philip Gray,Male,9,Legal,Compliance Officer,Abuja,PART-TIME,2024-10-25,348400.0,ACTIVE,,
293,Karen Young,Female,4, IT,IT Support Officer,Lagos,full-time,07-10-2025,,Exited,2025-11-21,Resignation
660,Shawn Buck,Male,2,Operations,Operations Officer,Lagos,Full-Time,2024-09-28,257700.0,Active,,
398,Hannah Luna,Female,6,Marketing,Digital Marketing Officer,Lagos,Full-Time,2023-03-23,354800.0,Active,,
541,Luis Wright,Male,1,sales,Sales Manager,Lagos,Full-Time,13/05/2025,531900.0,Active,,
329,James Lopez,Male,2,Operations,Operations Manager,lagos,Full-Time,2025-05-24,704600.0,Active,,
903,David Reed,Male,8,Procurement,Procurement Officer, Port Harcourt,Contract,2023-01-22,460200.0,Active,,
630,Christine Aguilar,Female,10,Administration,Executive Assistant,Port Harcourt,Full-Time,2024-09-10,116000.0,Exited,2024-11-22,Resignation
94,Katherine Whitehead,Female,2,Operations,Logistics Coordinator,Lagos,Full-Time,2022-10-11,175000.0,Exited,2025-02-01,
214,Anthony Everett,Male,10,Administration,Office Manager,Port Harcourt, Full-Time,2025-06-13,296000.0,Exited,12-23-2025,Retirement
338,Matthew Johnson,Male,2,Operations,Operations Manager,Lagos,Full-Time,2023-08-18,220200.0,Active,,
426,Emily Bennett,Female,10,Administration,Office Manager,Port Harcourt,Full-Time,2023-10-03,479900.0,Active,,
807,Wanda Garcia,Female,5,Finance,Payroll Officer,Abuja,Full-Time,2024-07-20,221600.0,Active,,
116,Kimberly Crosby MD,Female,1,Sales ,Sales Manager,lagos,Full-Time,04/12/2024,276100.0,Active,,
159,Heather Molina,Female,5,Finance,Financial Analyst,Abuja,Full-Time,2022-08-21,699200.0,Active,,
993,Douglas Young,Male,9,Legal,Legal Officer,,Full-Time ,2025-12-15,694800.0,Active,,
113,Darren Johnson,Male,3,customer service,Call Center Agent,Abuja,Full-Time,2023-12-13,242900.0,Active,,
37,Sherri Baker,Female,8,PROCUREMENT,Procurement Manager,Port Harcourt,Full-Time,2024-08-14,600300.0,Active,,
106,Sean Cherry,Male,7,Human Resources,Recruitment Specialist,abuja,full-time,2025-08-27,334400.0,Exited,29-Oct-2025,Resignation
363,Tracy Burke,Female,8,Procurement,Buyer,Port Harcourt,full-time,2023-05-20,439700.0,Active,,
366,Holly Farmer,Female,8,Procurement,Procurement Manager,Port Harcourt,FULL-TIME,17-Oct-2025,609800.0,Active,,
442,Holly Valentine,Female,2,Operations,Operations Officer,Lagos,Full-Time,2025-12-10,429800.0,Active,,
566,Karen Coffey,Female,6,MARKETING,Marketing Executive,Port Harcourt,Full-Time,2023-09-29,456100.0,Active,,
352,Mia Farrell,Female,4,IT,Systems Analyst,Lagos,Full-Time,2024-11-09,814200.0,Active,,
977,Margaret Tanner,Female,3,Customer Service,Customer Support Lead,,Full-Time ,11/11/2023,330400.0,Exited,2025-07-13,Termination
250,Timothy Kim,Male,3,Customer Service ,Customer Service Rep,Abuja,Full-Time,2023-06-09,115300.0,Exited,2025-04-15,Abscondment
853,Paul Lawrence,Male,6, Marketing,Brand Manager,Kano ,Full-Time,2025-03-23,429300.0,Active,,
800,John Miller,Male,1,Sales,Sales Executive,Lagos,Full-Time,2025-01-18,534500.0,Active,,
407,Anthony Romero,Male,1,Sales,Sales Manager,Lagos,full-time,2022-07-26,302900.0,Active,,
857,Michael Abbott,Male,3,Customer Service,Customer Support Lead,Abuja,Full-Time,25/12/2023,277000.0,ACTIVE,,
165,Lisa Johnson,Female,7,Human Resources,HR Officer,ABUJA,Part-Time ,18-Sep-2024,332200.0,active,,
880,Michelle Jackson,Female,4,IT,Software Developer,Lagos ,Full-Time,2023-11-17,635600.0,Active,,
817,Anna Estes,Female,4,IT,Software Developer,Lagos ,Full-Time,2022-09-19,742700.0,Active,,
832,Gregg Fleming,Male,6,Marketing,Brand Manager,Lagos,Full-Time,09-02-2025,240400.0,Exited,2025-12-22,
84,Benjamin Ellis,Male,5,Finance,Accountant,ABUJA,Full-Time,2022-04-05,347300.0,active,,
702,Robert Adams,Male,2,Operations,Logistics Coordinator,Lagos,Full-Time,2025-12-06,332200.0,Active,,
296,Keith Jennings,Male,1,Sales,Business Development Officer,Lagos,Full-Time,2023-02-17,287000.0,Exited,2023-11-08,Termination
71,Jordan Henderson,Female,2,Operations ,Logistics Coordinator,Lagos,Full-Time,19/06/2023,538900.0,Exited,15/05/2024,Resignation
611,Stephanie Wilcox,Female,2,operations,Logistics Coordinator,Lagos, Part-Time,2025-02-24,344300.0,Active,,
668,Maria Nielsen,Female,4,IT,Systems Analyst,lagos,FULL-TIME,2023-09-11,817700.0,Active,,
927,Adam Greer,Male,6, Marketing,Marketing Executive,Lagos,Full-Time,11-Oct-2023,381200.0,Active,,
868,Mark Mason,Male,3,Customer Service ,Call Center Agent,Abuja, Part-Time,2025-11-06,315200.0,Active,,
652,Kyle Warner,Male,2,Operations,Operations Manager,Lagos,Full-Time,2024-06-26,385500.0,active,,
728,Christian Dawson,Male,3,Customer Service,Customer Service Rep,Abuja,full-time,15/03/2022,288900.0,Active,,
128,Michael Orr,Male,8, Procurement,Procurement Officer,Port Harcourt,full-time,18-Sep-2024,248100.0,Active,,
844,Ruth Mcneil,Female,1,Sales,Business Development Officer,Lagos,Full-Time,2025-09-07,318700.0,Active,,
2,Noah Rhodes,Male,4,IT,Software Developer,Lagos,Full-Time ,07-Mar-2022,309200.0,Exited,2023-07-27,Resignation
659,Elizabeth Brown,Female,3,CUSTOMER SERVICE,Customer Support Lead,Abuja,Full-Time,2024-10-31,545600.0,Active,,
540,Anne Roberts,Female,4,IT,Systems Analyst,Port Harcourt,Full-Time,14/10/2022,306400.0,Active,,
602,Mrs. Kathleen Zuniga DVM,,1,Sales,Sales Executive,lagos,Full-Time,22-Dec-2023,588300.0, Active,,
309,Gina Wilson,Female,6,Marketing,Digital Marketing Officer,Lagos,Full-Time,2025-03-07,,Exited,14/06/2025,Termination
586,Troy Ballard,Male,3,Customer Service,Customer Service Rep,Abuja ,Part-Time,2024-03-31,321300.0,Active,,
411,Julian Conner,Male,1,Sales,Account Manager,Kano,Full-Time,2023-03-29,706300.0,Active,,
172,Mr. Matthew Harrington DDS,Male,4,IT,Software Developer,Lagos,Full-Time,2023-06-27,279500.0,active,,
418,Jacqueline Campbell,Female,2, Operations,Operations Manager, Lagos,Contract,2022-06-11,389400.0,Active,,
767,Jeremy Myers,Male,8,Procurement,Procurement Officer,Port Harcourt,Full-Time,2024-07-01,435900.0,Active,,
699,Alan Li DDS,Male,10,Administration,Executive Assistant,Port Harcourt, Full-Time,2022-04-09,185300.0,Active,,
604,Ashley Bird,Female,6,marketing,Marketing Executive,Lagos,Part-Time,2023-04-22,416900.0,Active,,
461,Riley Bryant,Male,5,finance,Accountant,Abuja, Full-Time,2022-12-14,302900.0,Active,,
870,Luis Ramirez,Male,5,Finance,Financial Analyst,Abuja,full-time,02-17-2024,256500.0,Active,,
638,Jennifer Mack,Female,1,Sales,Business Development Officer,Lagos,Full-Time,2023-04-28,280100.0,Active,,
424,Hannah Ponce,Female,8,Procurement,Procurement Manager,,Full-Time,2024-01-06,566700.0,Active,,
316,Allison Henson,Female,6,Marketing,Brand Manager,Lagos, Part-Time,2022-05-13,625000.0,Active,,
377,Brooke Williamson,Female,8,Procurement,Procurement Officer,Port Harcourt,Contract,2025-03-09,488500.0,Active,,
525,Joseph Shaw,Male,4,IT,Network Engineer,Lagos,Full-Time,2025-10-29,843600.0,Active,,
871,Kayla Harris,Female,10,Administration,Office Manager,,Full-Time,2023-06-16,234800.0,Exited,2024-05-10,Resignation
439,Jill Mitchell,Female,1,Sales,Account Manager, Lagos,Contract ,2024-03-23,527700.0,Exited,2025-07-11,Resignation
743,Gary Oliver,Male,6,Marketing,Digital Marketing Officer,LAGOS,Full-Time,2023-12-04,556100.0,Active,2025-06-15,
151,Lori Hill,Female,4,it,Software Developer,Lagos,Full-Time,2024-04-16,518200.0,Active,,
910,Mr. Brendan Anderson,Male,5,Finance,Accountant,Port Harcourt ,Full-Time,2023-07-06,553200.0,Exited,2024-11-25,Resignation
557,Kathryn Williams,Female,1,Sales,Account Manager,Lagos,Full-Time,2023-06-23,315000.0,Active,,
823,Mark Beard,Male,2,Operations,Logistics Coordinator,Lagos,Full-Time,2025-11-05,269700.0,Active,,
811,Heather Page,Female,2,Operations,Operations Manager,Lagos,full-time,2023-12-24,757900.0,Active,,
410,Lucas Hunter,Male,5,Finance,Finance Manager,Abuja,Full-Time,2025-10-09,999100.0,Active,,
144,Ryan Bryant,Male,1,SALES,Sales Manager,Abuja,Full-Time,2022-05-27,,Exited,2024-04-15,Termination
527,Nathan Jacobs,Male,9,Legal,Compliance Officer,Abuja, Full-Time,2024-05-26,690500.0,exited,07-Dec-2024,Resignation
862,Kelsey Levine,Female,10,Administration,Admin Officer,Port Harcourt,Full-Time ,2023-05-27,202400.0,Active,,
990,Steve Moore,Male,8, Procurement,Procurement Officer,Port Harcourt ,Full-Time,2024-12-02,421300.0,Active,,
831,Kenneth Knight,Male,5,Finance,Financial Analyst,Abuja,Full-Time,2022-01-15,240100.0,Active,,
209,Darren White,Male,4,it,Systems Analyst,Lagos,Full-Time,2025-05-05,890600.0,Exited,2025-08-10,Termination
441,Robert Harrison,Male,2,Operations,Operations Officer,Lagos,PART-TIME,2024-02-16,316700.0,Active,2025-06-15,
132,Cindy Kennedy,Female,6,Marketing,Marketing Executive,Kano,Full-Time,06-Aug-2023,372500.0,Active,,
381,Michael Tucker,Male,2,Operations,Operations Officer,Lagos,Contract,2023-08-28,314700.0,Active,,
175,Kristy Robinson,Female,4,IT,IT Support Officer,Lagos,Part-Time ,2024-06-07,482400.0,Active,,
534,Benjamin Brown,Male,1, Sales,Sales Executive,Lagos,Full-Time,2024-01-23,349300.0,Active,,
271,Shane Alexander,Male,1,Sales,Sales Manager,Lagos,Full-Time,2025-11-19,527300.0,Active,,
408,Jodi Brown,Female,4,IT,Software Developer,Lagos,Full-Time ,2022-04-01,760400.0,Active,,
876,Jody Lynch,Female,10,ADMINISTRATION,Admin Officer,Port Harcourt,full-time,2022-11-03,339100.0,Active,,
124,Erin Edwards,Female,9,Legal,Legal Counsel,Abuja,Part-Time,2025-09-21,640400.0,Active,,
139,Cory Horton,Male,3, Customer Service,Customer Service Rep,abuja,Full-Time,2023-06-26,345700.0,Active,,
52,Danny Morgan,Male,2,Operations,Operations Officer,Lagos,full-time,02-27-2025,156700.0,Active,,
625,Nicole Marks,Female,7,Human Resources ,Recruitment Specialist,Abuja, Full-Time,31/08/2025,,Exited,2025-12-25,Resignation
276,Shannon James,Female,1,Sales ,Sales Manager,Lagos,Full-Time,2025-05-23,711200.0,Exited,2025-09-24,Termination
969,Kevin Thompson,Male,9,Legal,Legal Officer,abuja,full-time,2023-02-10,729800.0,Active,,
343,Kathy Dougherty,Female,1,Sales,Business Development Officer,Lagos,Contract,2022-01-17,265800.0,Active,,
257,Dana Arnold MD,Female,8,Procurement,Procurement Manager,,Full-Time ,26/03/2022,488300.0,Active,,
183,Barbara Riggs,Female,3, Customer Service,Call Center Agent,Port Harcourt,Full-Time,2024-07-24,243100.0,Active,,
618,Jennifer Shaw,Female,3,customer service,Customer Service Rep,Abuja,Full-Time,2022-05-19,337800.0,Active,,
301,Mary Massey,Female,3,Customer Service ,Call Center Agent,Abuja,FULL-TIME,29-Nov-2024,123600.0,Active,,
691,Anthony Johnson,Male,5, Finance,Finance Manager,abuja,full-time,2022-07-30,975900.0,Active,,
769,Alexander Garcia,Male,3,Customer Service,Customer Support Lead,abuja,Full-Time ,03/08/2023,292200.0,Exited,2025-03-14,Resignation
241,Brandon Bailey,Male,1,Sales,Sales Executive,Lagos,Full-Time,2024-05-31,531200.0,Exited,08-23-2025,Abscondment
231,Carol Parker,Female,7,Human Resources,HR Manager,Abuja,Full-Time,2023-01-07,496200.0,Active,,
919,Derek Wilson,Male,2,Operations,Operations Officer,Lagos,Full-Time,30/01/2025,474900.0,Active,,
327,Savannah Garcia,Female,2,Operations,Operations Manager,Lagos,full-time,02/02/2025,233500.0,Active,,
459,Kelsey Rodriguez,Female,3,Customer Service,Customer Service Rep, Abuja,Full-Time,2023-12-26,362000.0,Active,,
682,Justin Walker,Male,6,MARKETING,Digital Marketing Officer,Kano ,FULL-TIME,2022-09-03,429400.0,Active,,
663,Jennifer Hernandez,Female,4,IT,Software Developer,Lagos,Full-Time,17/03/2025,687100.0,Active,,
766,Kelly Carpenter,Female,1,sales,Account Manager,Lagos,Contract,2025-06-20,429800.0,Active,,
466,William Jones,Male,8,Procurement,Procurement Manager,Port Harcourt,Full-Time,24/06/2025,351400.0,Active,,
164,Carmen Mcdonald,Female,4,IT,Software Developer,Lagos,full-time,2023-09-04,878900.0,Active,,
168,Jamie Lewis,Female,10,Administration,Executive Assistant, Ibadan,Full-Time,2024-03-01,315300.0,Active,,
146,Tiffany Vance,Female,3,Customer Service,Customer Support Lead,Abuja,Full-Time,2024-10-08,506700.0,Active,,
207,Nathaniel Bray,Male,4,IT,Software Developer,Lagos,Full-Time ,14-May-2023,502200.0,Active,,
501,Justin Green,Male,4,IT,IT Support Officer, Lagos,Full-Time ,2022-10-15,891400.0,Exited,2025-06-24,Resignation
189,Robert Medina,Male,5,FINANCE,Financial Analyst,LAGOS,Full-Time,2023-09-25,289600.0,Active,,
325,Jason Lynn,Male,1,Sales,Account Manager,Lagos,Full-Time ,2023-10-23,371000.0,Active,,
658,Charles Keller,Male,1,Sales,Sales Executive,LAGOS,Full-Time,2024-01-09,561100.0,Active,,
744,Erin Cook,Female,1,Sales,Sales Manager,Lagos,FULL-TIME,2025-05-18,309500.0,Active,,
834,Becky Mathews,Female,3,Customer Service,Customer Support Lead,Ibadan,Full-Time,2025-03-02,303700.0,Active,,
854,Tracey Edwards,Female,3,Customer Service,Customer Support Lead,Abuja,Full-Time,2023-05-14,275700.0,Active,,
851,Christian Jenkins,Male,6,Marketing,Digital Marketing Officer,Kano ,Part-Time,2022-01-10,204100.0,Active,,
899,Elizabeth Dean,Female,2,Operations,Warehouse Supervisor,Lagos,Full-Time,2022-07-03,154800.0,Active,,
576,Joseph Edwards,Male,5,FINANCE,Accountant,Abuja,Full-Time,2023-10-08,,Active,,
80,Jason Silva,Male,1,Sales,Account Manager,Lagos ,Full-Time,2024-05-30,865300.0,Active,,
813,Christine Brown,Female,8,,Procurement Officer,Port Harcourt,Full-Time,19/11/2024,296300.0,Active,,
688,Katherine Jackson,Female,2, Operations,Warehouse Supervisor,Lagos,Full-Time,2024-09-04,153600.0,Active,,
907,Katherine Brown,Female,2,Operations,Operations Manager,Abuja,Full-Time,2022-10-07,235600.0, Active,,
995,Isaac Patterson,Male,2,Operations,Logistics Coordinator,Lagos,Full-Time,2024-12-27,163000.0,Active,,
230,Terry Serrano,Male,2,Operations,Logistics Coordinator, Lagos,Full-Time,2023-07-14,207300.0,Active,,
724,Wendy Henry,Female,2, Operations,Warehouse Supervisor,Lagos,full-time,2024-10-03,142300.0,Active,,
781,Kevin Price,Male,8,Procurement,Procurement Manager,Port Harcourt,Full-Time,2023-03-27,591500.0,Exited,06-29-2024,Resignation
101,Bethany Parker,Female,2,Operations,Operations Manager, Kano,Full-Time,25-Feb-2022,606200.0,Active,,
291,Mark Coleman,Male,3,Customer Service,Customer Support Lead,LAGOS,Part-Time,2025-07-25,478700.0,Active,,
445,Brenda Wright,Female,7,Human Resources,HR Manager,abuja,Part-Time,2022-06-02,532000.0,Active,,
950,Thomas Brown,Male,2,Operations,Warehouse Supervisor,Port Harcourt,Full-Time,2025-01-31,305900.0,Active,,
54,Mark Perez,Male,4, IT,IT Support Officer,Lagos,Full-Time,2022-11-20,651600.0,Active,,
392,Robert Montgomery,Male,6,Marketing,Brand Manager,Lagos, Part-Time,2025-12-12,689400.0,Active,,
966,Travis Conner,Male,5,Finance,Payroll Officer,Abuja ,Full-Time,03-18-2024,527700.0,Exited,2025-04-26,
763,Amanda Terrell,Female,1,Sales,Sales Executive,Lagos,Full-Time,2023-10-13,344000.0,Active,,
667,Ms. Brandi Sanchez,Female,5,Finance,Finance Manager,ABUJA,Full-Time,2024-02-11,603400.0,Active,,
252,Cynthia Moore,Female,9, Legal,Legal Counsel,Kano,full-time,2025-08-09,408100.0,Active,,
500,Noah Porter,Male,4,IT,Network Engineer,LAGOS, Full-Time,2025-11-21,473600.0,Active,,
476,Jimmy Carter,Male,2,Operations,Warehouse Supervisor,Ibadan,Full-Time,07/04/2025,303500.0,Active,,
671,Shane Lopez,Male,5,finance,Payroll Officer,Abuja,Full-Time ,2023-07-21,682700.0,Active,,
272,Jesus Bowen,Male,4,,Network Engineer,Lagos,full-time,2024-01-17,480500.0,Active,,
45,Angelica Tucker,Female,2,Operations,Operations Manager,Lagos ,Full-Time,2023-03-22,545900.0,active,,
114,Erin Lin,Female,4,IT,Software Developer, Lagos,Contract,2023-11-30,470300.0,Exited,2025-04-03,Retirement
25,Matthew Foster,Male,1,,Sales Manager,LAGOS,Part-Time,27-Nov-2022,646300.0,Active,,
212,John Salas,Male,2,OPERATIONS,Operations Manager,Lagos,full-time,2022-09-17,710700.0,Active,,
621,Colleen Anderson,Female,1,Sales,Sales Executive,Lagos,Full-Time,2025-03-29,317300.0,Active,,
170,Sandra King,Female,3,Customer Service,Customer Service Rep,Ibadan,Full-Time,2022-07-24,386700.0,Active,,
592,Kiara Little,Female,3,CUSTOMER SERVICE,Customer Service Rep,Abuja, Full-Time,2025-06-22,273900.0,Active,,
991,Daniel Lee,Male,3,Customer Service,Customer Support Lead,Abuja,FULL-TIME,2022-11-09,254800.0,Active,,
597,Victor Morris,Male,2,Operations,Operations Officer,Lagos,full-time,2023-03-25,440600.0,Exited,2025-08-31,Termination
521,Carmen Morris,Female,7,Human Resources,HR Manager,Port Harcourt,full-time,2025-04-06,602800.0,Exited,2025-12-20,Resignation
33,Wesley Valencia,Male,8,Procurement,Procurement Officer,port harcourt,Full-Time,2025-07-16,281800.0,Exited,2025-09-22,Termination
612,Angie Caldwell,Female,1,Sales,Sales Manager,Lagos,Full-Time ,12-26-2022,444000.0,Active,,
110,Richard Rodriguez,Male,3,Customer Service,Customer Service Rep,Lagos,Part-Time ,2025-03-31,301000.0,Exited,2025-08-17,Resignation
137,David Alvarez,Male,1,Sales,Business Development Officer,Lagos,part-time,2024-06-25,503100.0,active,,
331,Maria Harper,Female,8,Procurement,Buyer,Port Harcourt,Full-Time,03-17-2025,453600.0,Active,,
223,Mary Moore,Female,10,Administration,Admin Officer,Port Harcourt,Full-Time,2022-06-24,326800.0,Exited,2023-03-08,Resignation
29,Zachary Hicks,Male,5,Finance,Accountant,Abuja,Full-Time,2025-01-30,499900.0,Exited,2025-12-26,Abscondment
288,David Smith,Male,4,IT,IT Support Officer,Lagos , Full-Time,2022-01-04,586400.0,Active,,
723,Raymond Johnson,Male,1,Sales,Sales Executive,Lagos,Full-Time,18-Nov-2022,290300.0,Active,,
56,Michael Lewis,Male,9,legal,Legal Officer,Abuja,Full-Time,2022-08-08,404600.0,Active,,
976,Christopher Mcclure Jr.,Male,1,Sales,Account Manager,Lagos, Full-Time,2025-11-21,850200.0,Active,,
885,Ian Porter,Male,2,Operations,Operations Manager,Lagos,full-time,2023-11-22,578600.0,Active,,
905,Mary Sweeney,Female,3,Customer Service,Customer Service Rep,ABUJA,Full-Time,2024-05-14,281400.0,Active,,
49,Joshua Blair,Male,6,Marketing,Brand Manager,Lagos,Full-Time,2025-09-08,668800.0,Active,,
979,David Rodriguez,Male,5,Finance,Financial Analyst,Abuja,Full-Time,2025-09-20,587000.0,Active,,
980,Jasmin Oconnor,Female,1,Sales,Sales Manager,Lagos,full-time,2023-02-16,824200.0,Active,,
643,Gregory White,Male,2,Operations,Operations Officer,Lagos,Part-Time,2024-03-24,370100.0,Active,,
546,Tracy Lewis,Female,3,Customer Service,Customer Support Lead,Abuja,Contract,2022-12-20,484500.0,Active,,
478,Jose Hays,Male,6,Marketing,Marketing Executive,LAGOS,Part-Time,2025-09-08,473200.0,Active,,
548,Matthew Ruiz,Male,4,it,Software Developer,Ibadan,Full-Time,2024-11-03,291500.0,Active,,
64,Donald Wright,Male,8,Procurement,Buyer,Port Harcourt,Full-Time,2022-07-30,133400.0,Active,,
414,Amy Garcia,Female,8,Procurement,Buyer,,Full-Time,2024-05-02,432400.0,Active,,
385,Aimee Burgess,Female,1, Sales,Account Manager,Port Harcourt,Full-Time,2025-04-07,870500.0,active,,
893,Nathan Nelson,Male,1,Sales,Business Development Officer,Lagos,Full-Time,2023-05-22,335900.0,Active,,
323,Jennifer Newton,Female,9,LEGAL,Legal Officer,Kano,Full-Time,03/08/2025,717200.0,Active,,
452,Cynthia Vang,Female,8,Procurement,Procurement Manager,port harcourt,Full-Time,2023-07-14,449100.0,Active,,
785,Dennis Huffman,Male,3,Customer Service,Customer Support Lead,Abuja,FULL-TIME,2023-12-06,236500.0,Exited,26/11/2025,
235,Andrew Reynolds,Male,3,Customer Service ,Customer Service Rep,Abuja ,Full-Time,2025-06-19,,Exited,2025-09-07,Resignation
657,Michael Flores,Male,8,procurement,Procurement Officer,port harcourt,Full-Time,2023-02-16,314200.0,Active,,
558,Gary Wells,Male,2,Operations ,Warehouse Supervisor,Lagos,Full-Time,2024-01-08,335200.0,Exited,2025-10-09,Resignation
463,Jose Allen,Male,1,Sales,Sales Manager,lagos,Full-Time,2024-05-12,909600.0,Active,,
425,Jenna Larson,Female,3,customer service,Call Center Agent,Ibadan ,Full-Time,2022-07-21,217600.0,Active,,
931,Steven Ramos,Male,6,,Brand Manager,,Part-Time,08-17-2024,382700.0,Active,,
304,Ann Phillips,Female,2,OPERATIONS,Logistics Coordinator, Lagos,Full-Time,22-May-2024,434800.0,Exited,18-Oct-2025,Resignation
888,Katie Williams,Female,2,Operations,Logistics Coordinator,Port Harcourt,Contract,2025-04-17,233800.0,Active,,
690,Thomas Weaver,Male,8,procurement,Procurement Officer,Port Harcourt,Full-Time ,2025-07-07,421700.0,Active,,
220,Jeremy Dalton,Male,2,Operations ,Warehouse Supervisor,Lagos,Full-Time,2023-04-13,203300.0,Active,,
874,Melissa Blair,Female,3,Customer Service,Customer Support Lead,PORT HARCOURT, Full-Time,2024-07-12,221300.0,Exited,2024-11-16,Resignation
297,Anthony Obrien,Male,5,Finance,Finance Manager,Kano,Part-Time,03-26-2024,416700.0,Active,,
22,Patty Perez,Female,6, Marketing,Brand Manager,Lagos,Full-Time,25/08/2023,213500.0,Active,,
761,Mark Miller,Male,5,Finance,Finance Manager,Abuja,Full-Time,2022-11-14,639500.0,Exited,2024-11-03,Resignation
421,Michael Mitchell,Male,10,ADMINISTRATION,Office Manager,Port Harcourt,Contract,2023-11-13,394900.0,Active,,
326,Jacob Ramos,Male,1,Sales,Account Manager, Kano,Full-Time,2023-08-05,697400.0,Active,,
200,Anna Walker,Female,8,Procurement,Procurement Manager,Port Harcourt,Full-Time,2023-04-26,457600.0,Active,,
451,Alexander Brown,Male,1,Sales,Sales Executive,Lagos,Contract,2025-06-11,469600.0,Active,,
138,Angel Perry,Female,1,Sales,Account Manager,Lagos ,Full-Time,04-May-2022,900600.0,Active,,
537,Scott Hester,Male,4,IT,Network Engineer,Lagos,Contract,2023-03-13,502700.0,Active,,
697,Aaron Arnold,Male,7,Human Resources,HR Manager,ABUJA, Full-Time,2022-03-18,718800.0,ACTIVE,,
718,James Mosley,Male,10,Administration,Office Manager,Lagos ,FULL-TIME,2024-04-22,431500.0,Active,,
647,Samantha Wright,Female,3,Customer Service ,Customer Support Lead,Abuja,full-time,2025-09-03,538000.0,Active,,
629,Erin Meyer,Female,1,sales,Sales Manager,Lagos,Full-Time,2022-01-08,669900.0,Active,,
213,John Alexander,Male,1,Sales,Sales Executive,Lagos, Full-Time,2024-01-12,355200.0,Active,,
965,Elizabeth Taylor,Female,1,Sales,Business Development Officer,lagos,Contract ,2025-03-24,275400.0,Active,,
938,David Phillips,Male,1, Sales,Sales Executive,LAGOS,Full-Time,2022-05-17,0.0,exited,2023-04-07,Resignation
925,Jodi Adkins,Female,10,Administration,Admin Officer,Port Harcourt,Full-Time,2023-11-25,174300.0,Active,,
506,Ryan Flores,Male,1,Sales,Business Development Officer,Lagos,Full-Time,2024-10-11,263300.0,Active,,
819,Cameron Cline,Male,1,Sales,Sales Executive,Lagos, Full-Time,2023-01-04,177200.0,Active,,
232,Laura Roberts,Female,2,Operations,Operations Officer,lagos, Part-Time,2025-07-20,300900.0,Active,,
406,Jessica Turner,Female,4,IT,IT Support Officer,LAGOS,Full-Time,2022-08-20,445400.0,Exited,2025-02-23,Resignation
730,Aaron Parker,Male,8,Procurement,Buyer,Port Harcourt,Full-Time,2023-11-30,389800.0,Active,,
569,Manuel Randall,Male,10,administration,Executive Assistant,Abuja, Full-Time,2022-11-05,198900.0,Exited,22/04/2025,Resignation
318,Rodney Blankenship,Male,3,Customer Service,Customer Service Rep,Abuja, Full-Time,2023-04-30,396400.0,Active,,
184,Gregory Patterson,Male,10,Administration,Office Manager,Lagos,full-time,2023-05-01,268900.0,Active,,
860,Stephanie Blevins,Female,1,Sales ,Sales Manager,port harcourt,CONTRACT,2023-01-10,869900.0,Active,,
858,Eric Holmes,Male,1,Sales,Account Manager,Lagos,Full-Time,2022-07-10,, Active,,
694,Michelle Smith,Female,4, IT,IT Support Officer,Lagos,full-time,2024-09-30,883800.0, Active,,
610,Peter Thompson,Male,4,IT,IT Support Officer,Lagos,Full-Time,13-Jun-2024,763500.0,Active,,
627,Kristy Brown,Female,3,Customer Service,Call Center Agent,Abuja,Full-Time,2025-01-11,321600.0,Active,,
486,Lindsey Short,Female,3,Customer Service,Customer Service Rep,Abuja,Full-Time,2025-11-27,162500.0,Active,,
279,Thomas Bright,Male,6,Marketing ,Digital Marketing Officer,Lagos,FULL-TIME,2023-03-31,443700.0,Active,,
631,Jordan Stokes,Male,2,operations,Operations Manager,Lagos,Full-Time,2022-06-17,716200.0,Active,,
21,Justin Cohen,Male,6,marketing,Brand Manager,Lagos,Full-Time,2025-10-28,831700.0,Active,,
171,Alicia Ryan,Female,4,,Software Developer,LAGOS,Full-Time,2024-04-19,670200.0,Active,,
402,Kathleen Webster,Female,1,Sales,Business Development Officer,Lagos,Full-Time,2024-02-13,202500.0,Active,,
928,Bianca Colon MD,Female,3,Customer Service,Customer Support Lead,Abuja,Full-Time,2022-02-13,532800.0,Active,,
567,Paula Lane,Female,1, Sales,Sales Executive,Lagos, Full-Time,2023-08-21,508200.0, Active,,
177,Paul Wilson,Male,4,IT,Systems Analyst,Lagos,full-time,2023-08-24,349100.0,Active,,
328,Kimberly Levine,Female,2,Operations,Operations Officer,Lagos,Full-Time,2022-12-12,464200.0,Active,,
707,Juan Brown,Male,2,Operations,Warehouse Supervisor,Lagos ,Full-Time,2022-07-04,,Active,,
199,Maria Henry,Female,6,Marketing,Brand Manager,Lagos,Full-Time,2022-10-14,369000.0,Exited,2023-02-27,
471,Lori Ingram,Female,5,Finance,Finance Manager,Abuja,Full-Time,2025-02-28,610100.0,Exited,2025-09-15,Resignation
887,Laura Sharp,Female,3,,Call Center Agent,Abuja,Full-Time,2023-07-02,112600.0,Active,,
695,Jake Williamson,Male,1,SALES,Sales Manager,Ibadan,Full-Time,2022-02-09,239400.0,Active,,
267,Patrick Thornton,Male,1,Sales,Business Development Officer,Lagos,Contract,02-07-2022,401100.0,Active,,
616,Adam Valdez,Male,2, Operations,Logistics Coordinator,Abuja,Full-Time,2025-07-26,441600.0,Active,,
733,Alexander Gomez,Male,5,Finance,Financial Analyst,Abuja,Full-Time,2025-07-21,356300.0,Active,,
493,Troy Thomas,Male,4,IT,Systems Analyst,Lagos,Full-Time,2022-05-09,787900.0,Active,,
131,Matthew Marshall,Male,5,finance,Finance Manager,abuja,Full-Time,16/09/2022,883700.0, Active,,
339,Rachel Young,Female,1,Sales,Sales Manager,Abuja,Contract,2023-11-02,509400.0,Active,,
855,Destiny Miller,Female,5,Finance,Payroll Officer,Lagos,Contract,2024-09-14,662800.0,Exited,2024-12-17,Resignation
490,Sheila Gomez,Female,6,Marketing,Marketing Executive,lagos,Full-Time,2025-07-13,169500.0,Exited,2025-12-01,Termination
573,Reginald Knapp,Male,1,Sales,Sales Manager,Lagos,Full-Time,2022-07-10,887500.0,Exited,2023-12-26,Resignation
607,Cheryl Rodriguez,Female,6,Marketing,Marketing Executive,Lagos,full-time,2025-04-16,414700.0,Active,,
194,Sarah White,Female,6,Marketing,Marketing Executive,Lagos,FULL-TIME,2023-04-08,186800.0,Active,,
141,Nicole Carrillo,Female,1,sales,Business Development Officer,Lagos,Full-Time,2023-04-20,429200.0,Active,,
417,Jessica Mills,Female,2,Operations,Warehouse Supervisor,Lagos,Full-Time,2022-10-02,497400.0,Active,,
661,Jeffery Simpson,Male,6,Marketing,Digital Marketing Officer,Lagos,Full-Time ,2023-12-18,435600.0,Active,,
477,Christina Williams,Female,4,IT,Software Developer,Lagos,Full-Time,2024-01-07,625500.0,Active,,
715,Tonya Matthews,Female,4,IT,Network Engineer,lagos,Full-Time,2022-12-08,614200.0,Exited,2023-06-06,Termination
153,Kimberly Taylor,Female,1,Sales,Sales Executive,Lagos,Full-Time,07/10/2023,625200.0,Active,,
850,Jessica Bowen,Female,10,Administration,Office Manager,Port Harcourt,full-time,2023-04-09,146600.0,Active,,
902,Danielle Smith,Female,6,marketing,Digital Marketing Officer,LAGOS, Full-Time,2024-05-31,308900.0,Active,,
11,Monica Herrera,Female,10,ADMINISTRATION,Admin Officer,Port Harcourt,Part-Time,06/03/2023,185300.0,ACTIVE,,
270,Jonathan Lawrence,Male,1,Sales,Account Manager,KANO,Full-Time,2022-09-26,605400.0,Active,,
97,Dennis Figueroa,Male,2,Operations ,Warehouse Supervisor,Lagos,Full-Time,2023-12-22,251000.0,Active,,
211,Mr. Michael Martinez,Male,2,Operations,Operations Manager,LAGOS,Full-Time,2023-05-03,303100.0,ACTIVE,,
988,Kirk Austin,Male,3,Customer Service,Call Center Agent,Abuja,Contract,2024-03-03,279500.0,Active,,
753,Michelle Gonzales,Female,4,IT,Software Developer,Lagos,Full-Time,2025-10-15,620800.0,Active,,
570,Michael Johnson,,2,OPERATIONS,Operations Manager,Lagos,Full-Time ,2025-07-26,575600.0,active,,
814,Douglas Ryan,Male,4,IT,IT Support Officer,LAGOS,Full-Time,2024-01-12,250200.0,Active,,
776,Christopher Riggs,Male,3,Customer Service,Call Center Agent,Abuja,Contract,2023-06-14,365300.0,Active,,
549,Sarah Jordan,Female,8,Procurement,Procurement Manager,Port Harcourt,Full-Time,18/06/2022,282800.0,Active,,
947,William Moreno,Male,8,Procurement,Buyer,Port Harcourt,Full-Time,2024-04-30,379400.0,Active,,
533,Regina Cohen,Female,3, Customer Service,Call Center Agent,Abuja,FULL-TIME,2022-05-26,331800.0,Active,,
937,Stephen Johnson,Male,3,Customer Service,Call Center Agent,Abuja,Full-Time,2024-04-19,353300.0,Active,,
333,Kristy Jones,Female,10,Administration,Office Manager,Port Harcourt,Full-Time,03/11/2025,440700.0,Active,,
76,Brooke Yu,Female,8,Procurement,Buyer,PORT HARCOURT,Full-Time,2023-09-08,135700.0,Active,,
713,Tammy Lam,Female,3,Customer Service,Call Center Agent, Abuja,FULL-TIME,2023-12-03,236000.0,Exited,17-Mar-2025,Abscondment
78,David Wilson,Male,10,Administration,Office Manager,Port Harcourt,PART-TIME,2024-02-16,255400.0,Active,,
264,Joshua Gibson,Male,8,Procurement,Procurement Manager,port harcourt,Full-Time,2025-09-21,482700.0,Exited,2025-12-12,Termination
997,Allison Jackson,Female,6,Marketing,Digital Marketing Officer,PORT HARCOURT,Full-Time,2024-06-26,444800.0,Active,,
150,Marcia Cannon,Female,4,IT,Systems Analyst,Lagos,contract,2025-04-13,566200.0,Active,,
936,Cindy Lopez,Female,1,Sales,Sales Manager,Lagos,full-time,15-Oct-2024,724100.0,Active,,
515,Patricia Morrow,Female,3,Customer Service,Call Center Agent,Lagos,FULL-TIME,2022-10-05,210800.0,Active,,
944,Thomas Shaw,Male,2,Operations,Logistics Coordinator,Lagos,Full-Time ,2022-05-25,497300.0,Active,,
470,Rachel Cooper,Female,2,Operations,Operations Manager,Lagos,Full-Time,2023-07-29,423400.0,Active,,
565,Nicholas Watts,Male,1,Sales ,Sales Manager,Lagos,Full-Time,11-22-2024,315100.0,Active,,
775,Samuel Wong,Male,3,customer service,Customer Service Rep,abuja,Full-Time,2022-12-31,251800.0,Active,,
462,Taylor Carlson,Male,5,Finance,Accountant,Abuja,Full-Time,2023-07-04,551200.0,Active,,
254,Susan Murray MD,Female,6,Marketing,Digital Marketing Officer,Lagos,Contract,22/12/2023,566500.0,Active,,
772,Daniel Webb,Male,2,operations,Operations Officer,Lagos,Full-Time,2025-07-13,163600.0,Active,,
846,Nicholas Garcia,Male,3,Customer Service ,Call Center Agent,Abuja,Full-Time,2022-03-15,264000.0,Active,,
370,Christopher Park,Male,5,Finance,Accountant,Abuja,Full-Time,2024-12-23,541400.0,Active,,
322,Michael Paul,,2,Operations,Operations Manager,Lagos,Contract,2024-07-10,753400.0,Active,,
696,Luis Webb,Male,6,marketing,Marketing Executive,Lagos,Contract,2025-04-22,276000.0,Active,,
152,Dustin Nelson,Male,4,IT,IT Support Officer,Lagos,full-time,21-Nov-2025,830800.0,Active,,
953,Renee Wolfe,Female,3,Customer Service,Customer Support Lead,Ibadan,Contract,2024-03-24,414500.0,Exited,2024-06-27,Termination
303,Jeremiah Riley,Male,4,IT,Systems Analyst,Lagos, Full-Time,2022-06-13,472500.0,Active,,
191,Sarah Rivas,Female,1, Sales,Business Development Officer,lagos,Full-Time ,2022-09-28,210300.0,Active,,
587,Dwayne Klein,Male,6,Marketing,Brand Manager,Lagos, Full-Time,2022-06-03,321800.0,Exited,2022-12-12,Resignation
349,Denise Schultz,Female,1,Sales,Sales Executive,Lagos,FULL-TIME,10-08-2022,529100.0,Active,,
244,Robin Pierce,Female,6,marketing,Digital Marketing Officer,Lagos,Full-Time,2022-02-12,253200.0,Active,,
794,Matthew Cooke,Male,5,Finance,Accountant,Abuja,Full-Time,2025-08-05,574700.0,Active,,
88,Logan Archer,Male,6,marketing,Marketing Executive,Lagos,part-time,2025-11-26,302100.0,Active,,
752,Krista Benton,Female,8,Procurement,Procurement Officer,Port Harcourt,Full-Time,2022-03-08,248000.0,Active,,
656,Monique Flores,Female,1,Sales,Sales Manager,Lagos,FULL-TIME,2024-12-09,534800.0,Active,,
913,Emily Owen,Female,6,Marketing,Brand Manager,Lagos,Full-Time,2023-11-08,472400.0,Exited,2024-06-04,Resignation
779,Cody Davidson,Male,4,,Systems Analyst,Lagos,Full-Time,2023-08-17,874800.0,Active,,
419,Gina Harper,Female,1,sales,Sales Executive,Lagos,Full-Time,2023-01-26,479400.0,Exited,16-Apr-2024,Resignation
289,Steven Byrd,Male,3,Customer Service,Call Center Agent,Abuja ,Full-Time,2025-09-22,385100.0,Active,,
649,Brian Pacheco,Male,5,finance,Payroll Officer,Port Harcourt,Full-Time,2025-11-15,215500.0,Active,,
167,Brandy Murray,Female,8,Procurement,Procurement Officer, Ibadan,Part-Time,2022-03-31,499900.0,Active,,
596,Sherry Woods,Female,1,Sales,Account Manager,Kano,Full-Time,2023-10-21,770000.0,Active,,
941,Kelly Mccoy,Female,5,FINANCE,Financial Analyst,Abuja,Part-Time,2025-05-25,282200.0,Active,,
156,Christine Fisher,Female,2,Operations,Warehouse Supervisor,Lagos ,Full-Time,21-Feb-2023,171900.0,Active,,
357,Brittany Leblanc,Female,6,Marketing,Marketing Executive,Lagos,Full-Time,2023-05-12,186500.0,Exited,2025-06-27,Resignation
382,Andrew Foster,Male,3,Customer Service,Customer Service Rep,Abuja,Full-Time,2025-08-01,340500.0,Active,,
280,Jessica Garcia,Female,2,Operations,Operations Officer, Lagos,Full-Time,2024-03-22,239700.0,Active,,
127,Cameron Fisher,Male,2,Operations,Operations Officer, Lagos,Part-Time,2023-10-09,299600.0,Exited,2025-06-08,Resignation
708,Christopher Porter,Male,4,IT,Software Developer, Abuja,Contract,2024-07-24,799000.0,Active,,
778,Tyler Hall,Male,2, Operations,Operations Officer,lagos,Full-Time,2025-06-20,156200.0,Exited,2025-08-30,Resignation
23,Emily Adams,Female,7,human resources,HR Officer,Port Harcourt,Full-Time,2024-10-22,438900.0,Active,,
617,Antonio Wilson,Male,10,Administration ,Executive Assistant,PORT HARCOURT,Contract,2023-11-19,279900.0,Active,,
666,Thomas Hart,Male,2, Operations,Operations Officer,lagos,Full-Time,2025-05-30,506500.0,Active,,
283,Elaine Brooks,Female,8,Procurement,Buyer,Port Harcourt,Full-Time,2025-12-15,161600.0,Active,,
904,Sherry Tapia,Female,3,CUSTOMER SERVICE,Customer Support Lead,Abuja,Full-Time,2025-08-15,347400.0, Active,,
472,Gary Williams,Male,3,Customer Service,Call Center Agent,abuja,Full-Time,2022-02-25,131200.0,Active,,
739,Jeffrey Fisher,Male,1,SALES,Sales Executive,Lagos,Full-Time,2024-06-05,620900.0,Active,,
368,Dr. Louis Day,Male,7, Human Resources,HR Manager,Port Harcourt,Part-Time,2024-09-08,487300.0,Exited,2025-08-09,Resignation
26,Jimmy Baker,Male,2,Operations,Logistics Coordinator,LAGOS,Full-Time,08-18-2022,267500.0,Active,,
197,Tiffany Miller,Female,2,Operations,Logistics Coordinator,Lagos,Full-Time,2023-04-24,338700.0,Active,,
65,Jessica Callahan,Female,1,Sales,Sales Manager,Abuja ,Full-Time,2022-11-29,213500.0,Active,,
16,Diana Reid,Female,6,Marketing,Brand Manager,lagos,Contract,2023-06-27,773700.0,Exited,2025-09-26,Termination
467,Katie Mcneil,Female,5,Finance,Payroll Officer, Abuja,part-time,26-Aug-2025,614500.0,Active,,
298,Sue Mitchell,Female,1,Sales,Account Manager,Lagos,Full-Time,2025-08-17,840000.0,exited,2025-11-30,Abscondment
884,Laura Jones,Female,1,Sales ,Business Development Officer,Ibadan,Full-Time,2025-06-10,509200.0,active,,
622,Paul Obrien,Male,1, Sales,Sales Manager,Lagos ,Full-Time,2022-03-10,792200.0,Active,,
337,Carlos King,Male,1,Sales,Account Manager,Lagos,Full-Time,2022-09-08,411100.0,Active,,
821,Michael Burns,Male,4,IT,IT Support Officer, Lagos,Full-Time,08-23-2024,393300.0,Active,,
27,Kristina Baker,Female,2,Operations,Operations Manager,Lagos,Full-Time,2025-03-07,562000.0,Active,,
589,Dale Ryan,Male,1,Sales,Sales Executive,Lagos,Full-Time,2022-12-11,,Active,,
44,Amy Humphrey,Female,2,Operations,Warehouse Supervisor,Lagos,Full-Time,2025-11-27,263400.0,ACTIVE,,
498,Kenneth Moreno,Male,8,Procurement,Procurement Manager,Port Harcourt,Full-Time,02-04-2024,231600.0,Active,,
793,Cody Reid,Male,4,IT,Systems Analyst,Lagos,Contract,2024-05-27,213400.0,Exited,2025-06-11,Resignation
516,Valerie Day,Female,5,Finance,Financial Analyst,Abuja,Full-Time,2025-12-07,708500.0,Active,,
959,Aaron Hardin,Male,2,operations,Warehouse Supervisor,Lagos,Full-Time,2025-11-13,248400.0,Active,,
562,Joseph Erickson,Male,7,Human Resources,HR Officer,ABUJA,Full-Time,2025-09-04,509700.0,Active,,
918,Vincent Clark,Male,7,Human Resources,HR Manager,Abuja,full-time,02-Oct-2023,369900.0,ACTIVE,,
455,Donna Gallegos,Female,2,Operations,Operations Manager,lagos,Full-Time,18-Jun-2022,752700.0,Active,,
388,Shannon Williams,Female,8,Procurement,Buyer, Port Harcourt,Full-Time,2023-08-28,208800.0,Active,,
72,Zachary Peters,Male,8,Procurement,Procurement Officer,port harcourt,Full-Time,2023-12-09,424100.0,Active,,
543,Erik Hines,Male,5,,Accountant,Abuja,Contract,2023-08-29,316300.0,Active,,
457,Aaron Miller,Male,8,Procurement,Procurement Officer,Ibadan,Full-Time,2024-01-08,386300.0,Active,,
634,Jennifer Velasquez,Female,1,Sales,Sales Manager,lagos,Full-Time,2023-06-24,844500.0,Active,,
432,Chad Jones,Male,5, Finance,Financial Analyst,Abuja,Contract ,2022-06-02,282400.0,Active,,
628,Kathy Armstrong,Female,6,Marketing,Digital Marketing Officer,LAGOS,FULL-TIME,04-12-2022,424600.0,Active,,
654,Daniel Shields,Male,8,Procurement,Procurement Manager,Port Harcourt,PART-TIME,13-Apr-2024,633000.0,Active,,
729,Patrick Stewart,Male,1,Sales,Sales Executive,Lagos,Full-Time,21/06/2025,403700.0,Active,,
265,Chelsea Terry,Female,1,SALES,Business Development Officer,Lagos,Full-Time,2025-12-22,239000.0,Active,,
210,Joseph Hill,Male,2,Operations,Logistics Coordinator,Lagos,full-time,2022-08-14,202700.0,Active,,
317,Suzanne Walker,Female,5,Finance,Finance Manager,Abuja,Part-Time,2024-01-11,451200.0,Active,,
897,Ryan Murphy,Male,5,Finance,Payroll Officer,Abuja,Full-Time,2025-07-26,289200.0,Active,,
514,Yvonne Higgins,Female,2,Operations ,Operations Manager,lagos,Full-Time,12-12-2025,251500.0,Active,,
314,Megan Richards,Female,1,Sales,Business Development Officer,Lagos,Contract,2022-10-05,373000.0,Active,,
535,John Harris,Male,1, Sales,Business Development Officer,Lagos,FULL-TIME,2022-09-30,184100.0,Active,,
830,Derrick Clayton,Male,10,Administration,Office Manager,Port Harcourt,Full-Time ,2025-01-18,512700.0,Active,,
320,Eric Vasquez,Male,9,LEGAL,Legal Counsel,Lagos,FULL-TIME,26/09/2023,757100.0,Active,,
8,Gerald Moore,Male,6,Marketing,Brand Manager,Lagos,Full-Time,2025-07-11,534000.0,Active,,
394,David Chapman,Male,4,IT ,IT Support Officer,lagos, Full-Time,2024-12-01,537100.0,Active,,
142,Jessica Thompson,Female,3, Customer Service,Call Center Agent,Lagos, Contract,11-08-2025,142200.0,Active,,
87,Christopher Bass,Male,6,Marketing,Brand Manager,lagos,Full-Time,2022-08-07,652200.0,Active,,
865,Tiffany Townsend,Female,1,SALES,Account Manager,Lagos,Part-Time,2024-10-05,655200.0,Active,,
479,David Mullins,Male,10,Administration,Executive Assistant,Port Harcourt,Full-Time,2025-02-27,154800.0,Active,,
504,Sarah Hayes,Female,1,Sales,Business Development Officer,Lagos,Full-Time,03/03/2025,439200.0,Exited,2025-11-12,Resignation
754,Michael Fuentes,Male,5,finance,Payroll Officer,Abuja,Full-Time,2025-11-26,393500.0,Active,,
216,Lori Brown,Female,5,Finance,Payroll Officer,abuja,Contract,01-Oct-2024,497400.0,Active,,
581,Valerie Evans,Female,3,Customer Service ,Customer Support Lead,Lagos,FULL-TIME,2022-11-19,332400.0,Active,,
563,Robyn Richardson,Female,3,Customer Service,Customer Service Rep,, Full-Time,2023-10-18,,Active,,
399,Robert Young,Male,1,Sales,Business Development Officer,Lagos ,Full-Time,11/05/2022,346200.0,Active,,
926,Joel Lara,Male,4,IT,Software Developer,Lagos,Full-Time,2022-11-12,700100.0,Active,,
669,Anna Hardy,Female,6,Marketing,Brand Manager,LAGOS,Full-Time ,13-Nov-2024,819300.0,Active,,
491,Mrs. Veronica Gould MD,Female,10,ADMINISTRATION,Office Manager,Port Harcourt,full-time,2025-06-11,461100.0,Active,,
253,Kristen Davis,Female,4,IT,Systems Analyst,Lagos,Full-Time,2022-05-20,496900.0,active,,
908,Dr. Anna Morse DVM,Female,9,Legal,Legal Counsel,Abuja,FULL-TIME,2025-12-05,623900.0,Active,,
469,Veronica King,Female,1,Sales,Sales Manager,Port Harcourt,FULL-TIME,08-20-2023,214000.0,Active,,
915,Benjamin Harris,Male,2,Operations,Operations Manager, Port Harcourt,Full-Time,2024-02-21,328300.0,Active,,
358,Ronald Davis,Male,5,Finance,Accountant,,FULL-TIME,2023-10-05,665200.0,Active,,
255,Kathleen Moran,Female,3,Customer Service,Customer Support Lead,abuja,Full-Time ,2022-04-27,553800.0,Active,,
277,Nathan Malone,Male,1,sales,Business Development Officer,kano,Full-Time,2022-07-30,265500.0,Active,,
179,Eric Byrd,Male,4,IT,IT Support Officer,Lagos,FULL-TIME,2025-06-02,,Active,,
282,Stephanie Williams,Female,5,finance,Accountant,ABUJA,full-time,2023-08-11,347100.0,Active,,
391,Brian Smith,Male,1,Sales,Sales Manager,lagos,Part-Time,2025-05-05,753600.0,Active,,
509,Marcia Leon,Female,4,IT,Software Developer,Lagos,Part-Time,2025-08-31,655600.0,Active,,
750,James Wilson,Male,2,operations,Warehouse Supervisor,lagos,Full-Time,10-04-2025,463500.0,Exited,11/12/2025,Resignation
584,Denise Martinez,Female,2,Operations,Operations Manager,LAGOS,Part-Time,2024-04-08,690400.0,Active,,
973,Lindsey Mccall,Female,10, Administration,Admin Officer,KANO,Full-Time,2024-06-24,335100.0,Active,,
130,Dustin Jordan,Male,5,Finance,Finance Manager,Abuja,Full-Time,29/12/2024,486000.0,Exited,2025-03-22,Resignation
145,Mary Travis,Female,6,Marketing,Digital Marketing Officer,Lagos,Full-Time,2025-11-11,583000.0,Active,,
961,Ryan Morris,Male,2,Operations,Logistics Coordinator,,FULL-TIME,08/06/2024,537100.0,Active,,
848,Nicole Anderson,Female,10,Administration,Executive Assistant,Port Harcourt,Full-Time,2025-04-15,289700.0,Exited,17/06/2025,Resignation
646,Michael Stephens,Male,4,IT,Software Developer,Lagos ,Full-Time,26/07/2022,520800.0,Active,,
716,Micheal Sanders,Male,2,OPERATIONS,Operations Officer,Lagos,Full-Time,2025-04-24,182700.0,Active,,
906,Ashley Moreno,Female,1,Sales,Account Manager, Lagos,Full-Time,2024-12-25,,Active,,
768,Kevin Mason,Male,10,Administration,Admin Officer,Port Harcourt,Full-Time,20/10/2023,369100.0,Active,,
73,Brittney Phillips,Female,3,Customer Service,Customer Support Lead,Abuja,Full-Time,2024-11-13,354000.0,Exited,2025-11-03,Resignation
909,Michael Watson,Male,7,Human Resources,HR Manager,Abuja,Part-Time,2022-04-12,386700.0, Active,,
236,Danielle Davis,Female,4,IT,Network Engineer,Lagos ,contract,2024-09-21,637000.0,Active,,
38,Christopher Gaines,,8,Procurement ,Buyer,Port Harcourt, Full-Time,2025-08-16,170700.0,Exited,2025-12-05,Resignation
